[{"__type__":"cc.Mesh","_native":".bin","_struct":{"primitives":[{"primitiveMode":7,"vertexBundelIndices":[0],"indexView":{"offset":15504,"length":3168,"count":1584,"stride":2}}],"vertexBundles":[{"view":{"offset":0,"length":15504,"count":323,"stride":48},"attributes":[{"name":"a_position","format":32,"isNormalized":false},{"name":"a_normal","format":32,"isNormalized":false},{"name":"a_texCoord","format":21,"isNormalized":false},{"name":"a_tangent","format":44,"isNormalized":false}]}],"minPosition":{"__type__":"cc.Vec3","x":-0.03071894496679306,"y":-0.03071894496679306,"z":-0.03071894496679306},"maxPosition":{"__type__":"cc.Vec3","x":0.03071894496679306,"y":0.03071894496679306,"z":0.03071894496679306}},"_dataLength":18672,"_hash":1916962107},[{"__type__":"cc.Prefab","data":{"__id__":1}},{"__type__":"cc.Node","_name":"y205","_children":[{"__id__":2}],"_prefab":{"__type__":"cc.PrefabInfo","root":{"__id__":1},"asset":{"__id__":0},"fileId":"fa6754ZlFH7qgblxX+f45O","_synced":{"default":false,"serializable":false}}},{"__type__":"cc.Node","_name":"RootNode","_parent":{"__id__":1},"_children":[{"__id__":3},{"__id__":4},{"__id__":5},{"__id__":6},{"__id__":7},{"__id__":8},{"__id__":9}],"_prefab":{"__type__":"cc.PrefabInfo","root":{"__id__":1},"asset":{"__id__":0},"fileId":"f9/cSziJFBB42d1rqxYsCX","_synced":{"default":false,"serializable":false}}},{"__type__":"cc.Node","_name":"球体_1","_parent":{"__id__":2},"_components":[{"__type__":"cc.MeshRenderer","node":{"__id__":3},"_materials":[{"__uuid__":"40zg5xnNtPQa+VsQpcEWR7@22e2a"}],"lightmapSettings":{"__type__":"cc.ModelLightmapSettings"},"_mesh":{"__uuid__":"40zg5xnNtPQa+VsQpcEWR7@99c73"}}],"_prefab":{"__type__":"cc.PrefabInfo","root":{"__id__":1},"asset":{"__id__":0},"fileId":"d0844kjvpL9bAYsFCceBYr","_synced":{"default":false,"serializable":false}},"_lpos":{"__type__":"cc.Vec3","x":0.129999995231628,"y":0.404455602169037,"z":0.894913613796234}},{"__type__":"cc.Node","_name":"球体","_parent":{"__id__":2},"_components":[{"__type__":"cc.MeshRenderer","node":{"__id__":4},"_materials":[{"__uuid__":"40zg5xnNtPQa+VsQpcEWR7@22e2a"}],"lightmapSettings":{"__type__":"cc.ModelLightmapSettings"},"_mesh":{"__uuid__":"40zg5xnNtPQa+VsQpcEWR7@0a13e"}}],"_prefab":{"__type__":"cc.PrefabInfo","root":{"__id__":1},"asset":{"__id__":0},"fileId":"7dnoNEi5xCG62LJLc4hIcA","_synced":{"default":false,"serializable":false}},"_lpos":{"__type__":"cc.Vec3","x":-0.129999995231628,"y":0.404455602169037,"z":0.894913613796234}},{"__type__":"cc.Node","_name":"胶囊_1","_parent":{"__id__":2},"_components":[{"__type__":"cc.MeshRenderer","node":{"__id__":5},"_materials":[{"__uuid__":"40zg5xnNtPQa+VsQpcEWR7@ed9a5"}],"lightmapSettings":{"__type__":"cc.ModelLightmapSettings"},"_mesh":{"__uuid__":"40zg5xnNtPQa+VsQpcEWR7@74042"}}],"_prefab":{"__type__":"cc.PrefabInfo","root":{"__id__":1},"asset":{"__id__":0},"fileId":"b2fdzm2ttLOZaMshR/qekf","_synced":{"default":false,"serializable":false}},"_lpos":{"__type__":"cc.Vec3","x":0.116150818765163,"y":0.626273572444916,"z":0.746811211109161},"_lrot":{"__type__":"cc.Quat","z":-0.08715574249514309,"w":0.9961946981138378},"_euler":{"__type__":"cc.Vec3","z":-9.999999970953372}},{"__type__":"cc.Node","_name":"胶囊","_parent":{"__id__":2},"_components":[{"__type__":"cc.MeshRenderer","node":{"__id__":6},"_materials":[{"__uuid__":"40zg5xnNtPQa+VsQpcEWR7@ed9a5"}],"lightmapSettings":{"__type__":"cc.ModelLightmapSettings"},"_mesh":{"__uuid__":"40zg5xnNtPQa+VsQpcEWR7@ee562"}}],"_prefab":{"__type__":"cc.PrefabInfo","root":{"__id__":1},"asset":{"__id__":0},"fileId":"a8tVEqdSxEeYeLIFVm2LSJ","_synced":{"default":false,"serializable":false}},"_lpos":{"__type__":"cc.Vec3","x":-0.114287994801998,"y":0.629818856716156,"z":0.733511924743652},"_lrot":{"__type__":"cc.Quat","z":0.08715574249514309,"w":0.9961946981138378},"_euler":{"__type__":"cc.Vec3","z":9.999999970953372}},{"__type__":"cc.Node","_name":"油桶","_parent":{"__id__":2},"_components":[{"__type__":"cc.MeshRenderer","node":{"__id__":7},"_materials":[{"__uuid__":"40zg5xnNtPQa+VsQpcEWR7@ed9a5"}],"lightmapSettings":{"__type__":"cc.ModelLightmapSettings"},"_mesh":{"__uuid__":"40zg5xnNtPQa+VsQpcEWR7@edd93"}}],"_prefab":{"__type__":"cc.PrefabInfo","root":{"__id__":1},"asset":{"__id__":0},"fileId":"79ornn4QNJi7POjCy4wA59","_synced":{"default":false,"serializable":false}},"_lpos":{"__type__":"cc.Vec3","x":4.44089199923895e-18,"y":0.372969269752502,"z":0.728404581546783},"_lrot":{"__type__":"cc.Quat","x":0.7573602373229068,"y":0.03070852417137791,"z":0.015465679001812872,"w":0.6520914584921499},"_euler":{"__type__":"cc.Vec3","x":98.51085952874973,"y":0.9546168744425202,"z":3.8236010199916755}},{"__type__":"cc.Node","_name":"圆柱","_parent":{"__id__":2},"_components":[{"__type__":"cc.MeshRenderer","node":{"__id__":8},"_materials":[{"__uuid__":"40zg5xnNtPQa+VsQpcEWR7@22e2a"}],"lightmapSettings":{"__type__":"cc.ModelLightmapSettings"},"_mesh":{"__uuid__":"40zg5xnNtPQa+VsQpcEWR7@f32e4"}}],"_prefab":{"__type__":"cc.PrefabInfo","root":{"__id__":1},"asset":{"__id__":0},"fileId":"32Z93jno5FtZ319OGriNkg","_synced":{"default":false,"serializable":false}},"_lpos":{"__type__":"cc.Vec3","y":0.0399999991059303}},{"__type__":"cc.Node","_name":"圆柱_1","_parent":{"__id__":2},"_components":[{"__type__":"cc.MeshRenderer","node":{"__id__":9},"_materials":[{"__uuid__":"40zg5xnNtPQa+VsQpcEWR7@9aeec"},{"__uuid__":"40zg5xnNtPQa+VsQpcEWR7@22e2a"}],"lightmapSettings":{"__type__":"cc.ModelLightmapSettings"},"_mesh":{"__uuid__":"40zg5xnNtPQa+VsQpcEWR7@14e62"}}],"_prefab":{"__type__":"cc.PrefabInfo","root":{"__id__":1},"asset":{"__id__":0},"fileId":"00/ic5KW9JjKSf40iLv93N","_synced":{"default":false,"serializable":false}},"_lpos":{"__type__":"cc.Vec3","y":0.779999971389771}}],{"__type__":"cc.Material","_name":"材质.1","_effectAsset":{"__uuid__":"1brw/JvvpFnIvdrxpFCgMZ"},"_defines":[{"USE_ALBEDO_MAP":true}],"_states":[{"rasterizerState":{},"blendState":{"targets":[{}]},"depthStencilState":{}}],"_props":[{"albedoScale":{"__type__":"cc.Vec3","x":1,"y":1,"z":1},"metallic":0.200000002980232,"roughness":0.800000011920929,"mainTexture":{"__uuid__":"40zg5xnNtPQa+VsQpcEWR7@46357"}}]},{"__type__":"cc.Mesh","_native":".bin","_struct":{"primitives":[{"primitiveMode":7,"vertexBundelIndices":[0],"indexView":{"offset":5328,"length":648,"count":324,"stride":2}},{"primitiveMode":7,"vertexBundelIndices":[1],"indexView":{"offset":7752,"length":216,"count":108,"stride":2}}],"vertexBundles":[{"view":{"offset":0,"length":5328,"count":111,"stride":48},"attributes":[{"name":"a_position","format":32,"isNormalized":false},{"name":"a_normal","format":32,"isNormalized":false},{"name":"a_texCoord","format":21,"isNormalized":false},{"name":"a_tangent","format":44,"isNormalized":false}]},{"view":{"offset":5976,"length":1776,"count":37,"stride":48},"attributes":[{"name":"a_position","format":32,"isNormalized":false},{"name":"a_normal","format":32,"isNormalized":false},{"name":"a_texCoord","format":21,"isNormalized":false},{"name":"a_tangent","format":44,"isNormalized":false}]}],"minPosition":{"__type__":"cc.Vec3","x":-0.9149999618530273,"y":-0.7799999713897705,"z":-0.9149999618530273},"maxPosition":{"__type__":"cc.Vec3","x":0.9149999618530273,"y":0.7799999713897705,"z":0.9149999618530273}},"_dataLength":7968,"_hash":2093910915},{"__type__":"cc.Material","_name":"材质","_effectAsset":{"__uuid__":"1brw/JvvpFnIvdrxpFCgMZ"},"_defines":[{}],"_states":[{"rasterizerState":{},"blendState":{"targets":[{}]},"depthStencilState":{}}],"_props":[{"albedoScale":{"__type__":"cc.Vec3","x":0.280000001192093,"y":0.280000001192093,"z":0.280000001192093},"metallic":0.200000002980232,"roughness":0.800000011920929}]},{"__type__":"cc.Mesh","_native":".bin","_struct":{"primitives":[{"primitiveMode":7,"vertexBundelIndices":[0],"indexView":{"offset":15504,"length":3168,"count":1584,"stride":2}}],"vertexBundles":[{"view":{"offset":0,"length":15504,"count":323,"stride":48},"attributes":[{"name":"a_position","format":32,"isNormalized":false},{"name":"a_normal","format":32,"isNormalized":false},{"name":"a_texCoord","format":21,"isNormalized":false},{"name":"a_tangent","format":44,"isNormalized":false}]}],"minPosition":{"__type__":"cc.Vec3","x":-0.03071894496679306,"y":-0.03071894496679306,"z":-0.03071894496679306},"maxPosition":{"__type__":"cc.Vec3","x":0.03071894496679306,"y":0.03071894496679306,"z":0.03071894496679306}},"_dataLength":18672,"_hash":62695116},{"__type__":"cc.Mesh","_native":".bin","_struct":{"primitives":[{"primitiveMode":7,"vertexBundelIndices":[0],"indexView":{"offset":44304,"length":9936,"count":4968,"stride":2}}],"vertexBundles":[{"view":{"offset":0,"length":44304,"count":923,"stride":48},"attributes":[{"name":"a_position","format":32,"isNormalized":false},{"name":"a_normal","format":32,"isNormalized":false},{"name":"a_texCoord","format":21,"isNormalized":false},{"name":"a_tangent","format":44,"isNormalized":false}]}],"minPosition":{"__type__":"cc.Vec3","x":-0.10549981892108917,"y":-0.3140932619571686,"z":-0.10549981892108917},"maxPosition":{"__type__":"cc.Vec3","x":0.10549981892108917,"y":0.3140932619571686,"z":0.10549981892108917}},"_dataLength":54240,"_hash":3709415825},{"__type__":"cc.Material","_name":"材质.2","_effectAsset":{"__uuid__":"1brw/JvvpFnIvdrxpFCgMZ"},"_defines":[{}],"_states":[{"rasterizerState":{},"blendState":{"targets":[{}]},"depthStencilState":{}}],"_props":[{"albedoScale":{"__type__":"cc.Vec3","x":1,"y":1,"z":1},"metallic":0.200000002980232,"roughness":0.800000011920929}]},{"__type__":"cc.Mesh","_native":".bin","_struct":{"primitives":[{"primitiveMode":7,"vertexBundelIndices":[0],"indexView":{"offset":33648,"length":9936,"count":4968,"stride":2}}],"vertexBundles":[{"view":{"offset":0,"length":33648,"count":701,"stride":48},"attributes":[{"name":"a_position","format":32,"isNormalized":false},{"name":"a_normal","format":32,"isNormalized":false},{"name":"a_texCoord","format":21,"isNormalized":false},{"name":"a_tangent","format":44,"isNormalized":false}]}],"minPosition":{"__type__":"cc.Vec3","x":-0.29999998211860657,"y":-0.19999998807907104,"z":-0.29999998211860657},"maxPosition":{"__type__":"cc.Vec3","x":0.29999998211860657,"y":0.19999998807907104,"z":0.29999998211860657}},"_dataLength":43584,"_hash":3640457382},{"__type__":"cc.Mesh","_native":".bin","_struct":{"primitives":[{"primitiveMode":7,"vertexBundelIndices":[0],"indexView":{"offset":44304,"length":9936,"count":4968,"stride":2}}],"vertexBundles":[{"view":{"offset":0,"length":44304,"count":923,"stride":48},"attributes":[{"name":"a_position","format":32,"isNormalized":false},{"name":"a_normal","format":32,"isNormalized":false},{"name":"a_texCoord","format":21,"isNormalized":false},{"name":"a_tangent","format":44,"isNormalized":false}]}],"minPosition":{"__type__":"cc.Vec3","x":-0.10549981892108917,"y":-0.3140932619571686,"z":-0.10549981892108917},"maxPosition":{"__type__":"cc.Vec3","x":0.10549981892108917,"y":0.3140932619571686,"z":0.10549981892108917}},"_dataLength":54240,"_hash":144835413},{"__type__":"cc.Mesh","_native":".bin","_struct":{"primitives":[{"primitiveMode":7,"vertexBundelIndices":[0],"indexView":{"offset":7104,"length":864,"count":432,"stride":2}}],"vertexBundles":[{"view":{"offset":0,"length":7104,"count":148,"stride":48},"attributes":[{"name":"a_position","format":32,"isNormalized":false},{"name":"a_normal","format":32,"isNormalized":false},{"name":"a_texCoord","format":21,"isNormalized":false},{"name":"a_tangent","format":44,"isNormalized":false}]}],"minPosition":{"__type__":"cc.Vec3","x":-0.949999988079071,"y":-0.03999999910593033,"z":-0.949999988079071},"maxPosition":{"__type__":"cc.Vec3","x":0.949999988079071,"y":0.03999999910593033,"z":0.949999988079071}},"_dataLength":7968,"_hash":4144866211}]
