[[{"__type__":"cc.Prefab","data":{"__id__":1}},{"__type__":"cc.Node","_name":"y203","_children":[{"__id__":2}],"_prefab":{"__type__":"cc.PrefabInfo","root":{"__id__":1},"asset":{"__id__":0},"fileId":"4bdkrzEbBBOLo+6u4z2x/f","_synced":{"default":false,"serializable":false}}},{"__type__":"cc.Node","_name":"RootNode","_parent":{"__id__":1},"_children":[{"__id__":3},{"__id__":4},{"__id__":5}],"_prefab":{"__type__":"cc.PrefabInfo","root":{"__id__":1},"asset":{"__id__":0},"fileId":"33LDTZvmtM9qyn2wcrEyq7","_synced":{"default":false,"serializable":false}}},{"__type__":"cc.Node","_name":"管道","_parent":{"__id__":2},"_components":[{"__type__":"cc.MeshRenderer","node":{"__id__":3},"_materials":[{"__uuid__":"bdWQX7itBB6I4J71cDcE8J@76ab0"}],"lightmapSettings":{"__type__":"cc.ModelLightmapSettings"},"_mesh":{"__uuid__":"bdWQX7itBB6I4J71cDcE8J@1f6ff"}}],"_prefab":{"__type__":"cc.PrefabInfo","root":{"__id__":1},"asset":{"__id__":0},"fileId":"a0mSp9ze5P473hPrpAjzzg","_synced":{"default":false,"serializable":false}},"_lpos":{"__type__":"cc.Vec3","y":0.573998212814331}},{"__type__":"cc.Node","_name":"圆柱","_parent":{"__id__":2},"_components":[{"__type__":"cc.MeshRenderer","node":{"__id__":4},"_materials":[{"__uuid__":"f8hRpS04dJIZS9/shleFC+"}],"lightmapSettings":{"__type__":"cc.ModelLightmapSettings"},"_mesh":{"__uuid__":"bdWQX7itBB6I4J71cDcE8J@f32e4"}}],"_prefab":{"__type__":"cc.PrefabInfo","root":{"__id__":1},"asset":{"__id__":0},"fileId":"01EEhFAFtDXbEzJ1ccsvyL","_synced":{"default":false,"serializable":false}},"_lpos":{"__type__":"cc.Vec3","y":0.689999997615814}},{"__type__":"cc.Node","_name":"圆柱_1","_parent":{"__id__":2},"_components":[{"__type__":"cc.MeshRenderer","node":{"__id__":5},"_materials":[{"__uuid__":"bdWQX7itBB6I4J71cDcE8J@22e2a"}],"lightmapSettings":{"__type__":"cc.ModelLightmapSettings"},"_mesh":{"__uuid__":"bdWQX7itBB6I4J71cDcE8J@14e62"}}],"_prefab":{"__type__":"cc.PrefabInfo","root":{"__id__":1},"asset":{"__id__":0},"fileId":"a0tEGKWGNDHqcPUE7W83eX","_synced":{"default":false,"serializable":false}},"_lpos":{"__type__":"cc.Vec3","y":1.4099999666214}}],{"__type__":"cc.Material","_effectAsset":{"__uuid__":"a3zQCfCrBCDZJ4uf2rk5u8"},"_techIdx":1,"_defines":[{}],"_states":[{"blendState":{"targets":[{}]},"depthStencilState":{},"rasterizerState":{}}],"_props":[{"mainColor":{"__type__":"cc.Color","r":255,"g":243,"b":107,"a":120}}]}]
