[{"__type__":"cc.Mesh","_native":".bin","_struct":{"primitives":[{"primitiveMode":7,"vertexBundelIndices":[0],"indexView":{"offset":384,"length":24,"count":12,"stride":2}},{"primitiveMode":7,"vertexBundelIndices":[1],"indexView":{"offset":600,"length":12,"count":6,"stride":2}},{"primitiveMode":7,"vertexBundelIndices":[2],"indexView":{"offset":1188,"length":36,"count":18,"stride":2}}],"vertexBundles":[{"view":{"offset":0,"length":384,"count":8,"stride":48},"attributes":[{"name":"a_position","format":32,"isNormalized":false},{"name":"a_normal","format":32,"isNormalized":false},{"name":"a_texCoord","format":21,"isNormalized":false},{"name":"a_tangent","format":44,"isNormalized":false}]},{"view":{"offset":408,"length":192,"count":4,"stride":48},"attributes":[{"name":"a_position","format":32,"isNormalized":false},{"name":"a_normal","format":32,"isNormalized":false},{"name":"a_texCoord","format":21,"isNormalized":false},{"name":"a_tangent","format":44,"isNormalized":false}]},{"view":{"offset":612,"length":576,"count":12,"stride":48},"attributes":[{"name":"a_position","format":32,"isNormalized":false},{"name":"a_normal","format":32,"isNormalized":false},{"name":"a_texCoord","format":21,"isNormalized":false},{"name":"a_tangent","format":44,"isNormalized":false}]}],"minPosition":{"__type__":"cc.Vec3","x":-1.1248332262039185,"y":-0.780231237411499,"z":-1.1248332262039185},"maxPosition":{"__type__":"cc.Vec3","x":1.1248332262039185,"y":0.780231237411499,"z":1.1248332262039185}},"_dataLength":1224,"_hash":1455148964},{"__type__":"cc.Material","_name":"材质.1","_effectAsset":{"__uuid__":"1brw/JvvpFnIvdrxpFCgMZ"},"_defines":[{"USE_ALBEDO_MAP":true}],"_states":[{"rasterizerState":{},"blendState":{"targets":[{}]},"depthStencilState":{}}],"_props":[{"albedoScale":{"__type__":"cc.Vec3","x":1,"y":1,"z":1},"metallic":0.200000002980232,"roughness":0.800000011920929,"mainTexture":{"__uuid__":"eemd0K7ntLGoz2u2swswV+@2b0cf"}}]},{"__type__":"cc.Material","_name":"材质","_effectAsset":{"__uuid__":"1brw/JvvpFnIvdrxpFCgMZ"},"_defines":[{"USE_ALBEDO_MAP":true}],"_states":[{"rasterizerState":{},"blendState":{"targets":[{}]},"depthStencilState":{}}],"_props":[{"albedoScale":{"__type__":"cc.Vec3","x":1,"y":1,"z":1},"metallic":0.200000002980232,"roughness":0.800000011920929,"mainTexture":{"__uuid__":"eemd0K7ntLGoz2u2swswV+@55f61"}}]},[{"__type__":"cc.Prefab","data":{"__id__":1}},{"__type__":"cc.Node","_name":"f303","_children":[{"__id__":2}],"_prefab":{"__type__":"cc.PrefabInfo","root":{"__id__":1},"asset":{"__id__":0},"fileId":"aa11V33MxL/aGrdk4V7m7S","_synced":{"default":false,"serializable":false}}},{"__type__":"cc.Node","_name":"RootNode","_parent":{"__id__":1},"_children":[{"__id__":3},{"__id__":4},{"__id__":5}],"_prefab":{"__type__":"cc.PrefabInfo","root":{"__id__":1},"asset":{"__id__":0},"fileId":"f6uWC4HWpOyZVoFDNdw483","_synced":{"default":false,"serializable":false}}},{"__type__":"cc.Node","_name":"油桶_1","_parent":{"__id__":2},"_components":[{"__type__":"cc.MeshRenderer","node":{"__id__":3},"_materials":[{"__uuid__":"eemd0K7ntLGoz2u2swswV+@9aeec"}],"lightmapSettings":{"__type__":"cc.ModelLightmapSettings"},"_mesh":{"__uuid__":"eemd0K7ntLGoz2u2swswV+@f5108"}}],"_prefab":{"__type__":"cc.PrefabInfo","root":{"__id__":1},"asset":{"__id__":0},"fileId":"1cNhavmmxCOYe4J/MO1QT6","_synced":{"default":false,"serializable":false}},"_lpos":{"__type__":"cc.Vec3","y":0.740000009536743,"z":1},"_lrot":{"__type__":"cc.Quat","x":0.2588190471264928,"w":0.9659258257467466},"_euler":{"__type__":"cc.Vec3","x":30.000000240111717}},{"__type__":"cc.Node","_name":"油桶","_parent":{"__id__":2},"_components":[{"__type__":"cc.MeshRenderer","node":{"__id__":4},"_materials":[{"__uuid__":"eemd0K7ntLGoz2u2swswV+@ed9a5"}],"lightmapSettings":{"__type__":"cc.ModelLightmapSettings"},"_mesh":{"__uuid__":"eemd0K7ntLGoz2u2swswV+@edd93"}}],"_prefab":{"__type__":"cc.PrefabInfo","root":{"__id__":1},"asset":{"__id__":0},"fileId":"3euMlP/GJPApO+yFTwRTe2","_synced":{"default":false,"serializable":false}},"_lpos":{"__type__":"cc.Vec3","x":-1.16477572917938,"y":0.501638829708099}},{"__type__":"cc.Node","_name":"立方体_2","_parent":{"__id__":2},"_components":[{"__type__":"cc.MeshRenderer","node":{"__id__":5},"_materials":[{"__uuid__":"eemd0K7ntLGoz2u2swswV+@9aeec"},{"__uuid__":"eemd0K7ntLGoz2u2swswV+@22e2a"},{"__uuid__":"eemd0K7ntLGoz2u2swswV+@ea6e2"}],"lightmapSettings":{"__type__":"cc.ModelLightmapSettings"},"_mesh":{"__uuid__":"eemd0K7ntLGoz2u2swswV+@5d2a2"}}],"_prefab":{"__type__":"cc.PrefabInfo","root":{"__id__":1},"asset":{"__id__":0},"fileId":"b9Xa3PyrxCEbGzFpajS8Ma","_synced":{"default":false,"serializable":false}},"_lpos":{"__type__":"cc.Vec3","y":0.779999971389771}}],{"__type__":"cc.Material","_name":"DefaultMaterial","_effectAsset":{"__uuid__":"1brw/JvvpFnIvdrxpFCgMZ"},"_defines":[{}],"_states":[{"rasterizerState":{},"blendState":{"targets":[{}]},"depthStencilState":{}}],"_props":[{"albedoScale":{"__type__":"cc.Vec3","x":0.5,"y":0.5,"z":0.5},"metallic":0.200000002980232,"roughness":0.800000011920929}]},{"__type__":"cc.Material","_name":"材质.2","_effectAsset":{"__uuid__":"1brw/JvvpFnIvdrxpFCgMZ"},"_defines":[{}],"_states":[{"rasterizerState":{},"blendState":{"targets":[{}]},"depthStencilState":{}}],"_props":[{"albedoScale":{"__type__":"cc.Vec3","x":1,"y":0.600000023841858},"metallic":0.400000005960464,"roughness":0.242535620927811}]},{"__type__":"cc.Mesh","_native":".bin","_struct":{"primitives":[{"primitiveMode":7,"vertexBundelIndices":[0],"indexView":{"offset":33648,"length":9936,"count":4968,"stride":2}}],"vertexBundles":[{"view":{"offset":0,"length":33648,"count":701,"stride":48},"attributes":[{"name":"a_position","format":32,"isNormalized":false},{"name":"a_normal","format":32,"isNormalized":false},{"name":"a_texCoord","format":21,"isNormalized":false},{"name":"a_tangent","format":44,"isNormalized":false}]}],"minPosition":{"__type__":"cc.Vec3","x":-0.42942291498184204,"y":-0.25,"z":-0.42942291498184204},"maxPosition":{"__type__":"cc.Vec3","x":0.42942291498184204,"y":0.25,"z":0.42942291498184204}},"_dataLength":43584,"_hash":680021969},{"__type__":"cc.Mesh","_native":".bin","_struct":{"primitives":[{"primitiveMode":7,"vertexBundelIndices":[0],"indexView":{"offset":33648,"length":9936,"count":4968,"stride":2}}],"vertexBundles":[{"view":{"offset":0,"length":33648,"count":701,"stride":48},"attributes":[{"name":"a_position","format":32,"isNormalized":false},{"name":"a_normal","format":32,"isNormalized":false},{"name":"a_texCoord","format":21,"isNormalized":false},{"name":"a_tangent","format":44,"isNormalized":false}]}],"minPosition":{"__type__":"cc.Vec3","x":-0.550000011920929,"y":-0.24944458901882172,"z":-0.550000011920929},"maxPosition":{"__type__":"cc.Vec3","x":0.550000011920929,"y":0.24944458901882172,"z":0.550000011920929}},"_dataLength":43584,"_hash":2305206761}]
