[{"__type__":"cc.Mesh","_native":".bin","_struct":{"primitives":[{"primitiveMode":7,"vertexBundelIndices":[0],"indexView":{"offset":15504,"length":3168,"count":1584,"stride":2}}],"vertexBundles":[{"view":{"offset":0,"length":15504,"count":323,"stride":48},"attributes":[{"name":"a_position","format":32,"isNormalized":false},{"name":"a_normal","format":32,"isNormalized":false},{"name":"a_texCoord","format":21,"isNormalized":false},{"name":"a_tangent","format":44,"isNormalized":false}]}],"minPosition":{"__type__":"cc.Vec3","x":-0.25999999046325684,"y":-0.25999999046325684,"z":-0.25999999046325684},"maxPosition":{"__type__":"cc.Vec3","x":0.25999999046325684,"y":0.25999999046325684,"z":0.25999999046325684}},"_dataLength":18672,"_hash":1637136447},[{"__type__":"cc.Prefab","data":{"__id__":1}},{"__type__":"cc.Node","_name":"qizi_red_2","_children":[{"__id__":2}],"_prefab":{"__type__":"cc.PrefabInfo","root":{"__id__":1},"asset":{"__id__":0},"fileId":"ab69eMG7lBdY3ZMctNpmwy","_synced":{"default":false,"serializable":false}}},{"__type__":"cc.Node","_name":"RootNode","_parent":{"__id__":1},"_children":[{"__type__":"cc.Node","_name":"Cinema_4D_编辑器","_parent":{"__id__":2},"_prefab":{"__type__":"cc.PrefabInfo","root":{"__id__":1},"asset":{"__id__":0},"fileId":"0csR0yesZEwqLEyTtQWoZ7","_synced":{"default":false,"serializable":false}},"_lpos":{"__type__":"cc.Vec3","x":34.2886619567871,"y":4.83823680877686,"z":-17.4547748565674},"_lrot":{"__type__":"cc.Quat","x":0.01990735073539393,"y":0.8927215196780357,"z":-0.0396317748066473,"w":0.4484209050837303},"_euler":{"__type__":"cc.Vec3","x":5.083877746509997,"y":126.65853740483607,"z":4.6666188222765124e-7}},{"__id__":3},{"__id__":4},{"__id__":5},{"__id__":7}],"_prefab":{"__type__":"cc.PrefabInfo","root":{"__id__":1},"asset":{"__id__":0},"fileId":"78PvIWTYpNNqiig4SUc0mk","_synced":{"default":false,"serializable":false}}},{"__type__":"cc.Node","_name":"油桶_1","_parent":{"__id__":2},"_components":[{"__type__":"cc.MeshRenderer","node":{"__id__":3},"_materials":[{"__uuid__":"e3HLYg1ZZCr59ZURfE3Dde@22e2a"}],"lightmapSettings":{"__type__":"cc.ModelLightmapSettings"},"_mesh":{"__uuid__":"e3HLYg1ZZCr59ZURfE3Dde@f5108"}}],"_prefab":{"__type__":"cc.PrefabInfo","root":{"__id__":1},"asset":{"__id__":0},"fileId":"2chlbplEBIbI512Cs5B8zc","_synced":{"default":false,"serializable":false}},"_lpos":{"__type__":"cc.Vec3","y":-0.516926348209381}},{"__type__":"cc.Node","_name":"油桶","_parent":{"__id__":2},"_components":[{"__type__":"cc.MeshRenderer","node":{"__id__":4},"_materials":[{"__uuid__":"e3HLYg1ZZCr59ZURfE3Dde@22e2a"}],"lightmapSettings":{"__type__":"cc.ModelLightmapSettings"},"_mesh":{"__uuid__":"e3HLYg1ZZCr59ZURfE3Dde@edd93"}}],"_prefab":{"__type__":"cc.PrefabInfo","root":{"__id__":1},"asset":{"__id__":0},"fileId":"8bHAmu4hpCUYdUObx6a2jI","_synced":{"default":false,"serializable":false}},"_lpos":{"__type__":"cc.Vec3","y":0.223263710737228}},{"__type__":"cc.Node","_name":"细分曲面","_parent":{"__id__":2},"_children":[{"__id__":6}],"_prefab":{"__type__":"cc.PrefabInfo","root":{"__id__":1},"asset":{"__id__":0},"fileId":"64fC/SGZ5OtZVmOQXCB1ym","_synced":{"default":false,"serializable":false}},"_lpos":{"__type__":"cc.Vec3","y":-0.699999988079071}},{"__type__":"cc.Node","_name":"圆柱","_parent":{"__id__":5},"_components":[{"__type__":"cc.MeshRenderer","node":{"__id__":6},"_materials":[{"__uuid__":"e3HLYg1ZZCr59ZURfE3Dde@22e2a"}],"lightmapSettings":{"__type__":"cc.ModelLightmapSettings"},"_mesh":{"__uuid__":"e3HLYg1ZZCr59ZURfE3Dde@f32e4"}}],"_prefab":{"__type__":"cc.PrefabInfo","root":{"__id__":1},"asset":{"__id__":0},"fileId":"6fe+wlsDlP36/f27gYbt0G","_synced":{"default":false,"serializable":false}},"_lpos":{"__type__":"cc.Vec3","y":0.489999979734421}},{"__type__":"cc.Node","_name":"球体","_parent":{"__id__":2},"_components":[{"__type__":"cc.MeshRenderer","node":{"__id__":7},"_materials":[{"__uuid__":"e3HLYg1ZZCr59ZURfE3Dde@22e2a"}],"lightmapSettings":{"__type__":"cc.ModelLightmapSettings"},"_mesh":{"__uuid__":"e3HLYg1ZZCr59ZURfE3Dde@0a13e"}}],"_prefab":{"__type__":"cc.PrefabInfo","root":{"__id__":1},"asset":{"__id__":0},"fileId":"98gS/CRKdICLA1EkXlT4b3","_synced":{"default":false,"serializable":false}},"_lpos":{"__type__":"cc.Vec3","y":0.699999988079071}}]]
