{"__type__":"ForwardPipeline","_flows":[{"__type__":"ShadowFlow","_name":"ShadowFlow","_stages":[{"__type__":"ShadowStage","_name":"ShadowStage"}]},{"__type__":"ForwardFlow","_name":"ForwardFlow","_priority":1,"_stages":[{"__type__":"ForwardStage","_name":"ForwardStage","renderQueues":[{"__type__":"RenderQueueDesc","stages":["default"]},{"__type__":"RenderQueueDesc","isTransparent":true,"sortMode":1,"stages":["default"]}]}]},{"__type__":"UIFlow","_name":"UIFlow","_priority":10,"_tag":2,"_stages":[{"__type__":"UIStage","_name":"UIStage","_priority":20,"renderQueues":[{"__type__":"RenderQueueDesc","isTransparent":true,"sortMode":1,"stages":["default"]}]}]}]}
