[{"__type__":"cc.SpriteFrame","content":{"name":"default_btn_pressed","rect":{"x":0,"y":0,"width":40,"height":40},"offset":{"x":0,"y":0},"originalSize":{"width":40,"height":40},"rotated":false,"capInsets":[12,12,12,12],"texture":"54TknWPwVPqJqeCR+Y/Czo@6c48a"}},{"__type__":"cc.SpriteFrame","content":{"name":"default_btn_normal","rect":{"x":0,"y":0,"width":40,"height":40},"offset":{"x":0,"y":0},"originalSize":{"width":40,"height":40},"rotated":false,"capInsets":[12,12,12,12],"texture":"20g1ukYUVPvKWKBRznAKo+@6c48a"}},{"__type__":"cc.SpriteFrame","content":{"name":"default_btn_disabled","rect":{"x":0,"y":0,"width":40,"height":40},"offset":{"x":0,"y":0},"originalSize":{"width":40,"height":40},"rotated":false,"capInsets":[12,12,12,12],"texture":"95EkngnxZFbYuFpsqVTaFr@6c48a"}}]
