[{"__type__":"cc.Mesh","_native":".bin","_struct":{"primitives":[{"primitiveMode":7,"vertexBundelIndices":[0],"indexView":{"offset":15504,"length":3168,"count":1584,"stride":2}}],"vertexBundles":[{"view":{"offset":0,"length":15504,"count":323,"stride":48},"attributes":[{"name":"a_position","format":32,"isNormalized":false},{"name":"a_normal","format":32,"isNormalized":false},{"name":"a_texCoord","format":21,"isNormalized":false},{"name":"a_tangent","format":44,"isNormalized":false}]}],"minPosition":{"__type__":"cc.Vec3","x":-0.25999999046325684,"y":-0.25999999046325684,"z":-0.25999999046325684},"maxPosition":{"__type__":"cc.Vec3","x":0.25999999046325684,"y":0.25999999046325684,"z":0.25999999046325684}},"_dataLength":18672,"_hash":3269832665},{"__type__":"cc.Material","_name":"材质","_effectAsset":{"__uuid__":"1brw/JvvpFnIvdrxpFCgMZ"},"_defines":[{}],"_states":[{"rasterizerState":{},"blendState":{"targets":[{}]},"depthStencilState":{}}],"_props":[{"albedoScale":{"__type__":"cc.Vec3","x":0.0900000035762787,"y":0.495000004768372,"z":0.899999976158142},"metallic":0.400000005960464,"roughness":0.242535620927811}]},{"__type__":"cc.Mesh","_native":".bin","_struct":{"primitives":[{"primitiveMode":7,"vertexBundelIndices":[0],"indexView":{"offset":47856,"length":9936,"count":4968,"stride":2}}],"vertexBundles":[{"view":{"offset":0,"length":47856,"count":997,"stride":48},"attributes":[{"name":"a_position","format":32,"isNormalized":false},{"name":"a_normal","format":32,"isNormalized":false},{"name":"a_texCoord","format":21,"isNormalized":false},{"name":"a_tangent","format":44,"isNormalized":false}]}],"minPosition":{"__type__":"cc.Vec3","x":-0.30603381991386414,"y":-0.17382557690143585,"z":-0.30603381991386414},"maxPosition":{"__type__":"cc.Vec3","x":0.30603381991386414,"y":0.17382557690143585,"z":0.30603381991386414}},"_dataLength":57792,"_hash":3866547641},{"__type__":"cc.Mesh","_native":".bin","_struct":{"primitives":[{"primitiveMode":7,"vertexBundelIndices":[0],"indexView":{"offset":22992,"length":3888,"count":1944,"stride":2}}],"vertexBundles":[{"view":{"offset":0,"length":22992,"count":479,"stride":48},"attributes":[{"name":"a_position","format":32,"isNormalized":false},{"name":"a_normal","format":32,"isNormalized":false},{"name":"a_texCoord","format":21,"isNormalized":false},{"name":"a_tangent","format":44,"isNormalized":false}]}],"minPosition":{"__type__":"cc.Vec3","x":-0.3838738203048706,"y":-0.4986936151981354,"z":-0.3838738203048706},"maxPosition":{"__type__":"cc.Vec3","x":0.3838738203048706,"y":0.6313063502311707,"z":0.3838738203048706}},"_dataLength":26880,"_hash":3045123190},{"__type__":"cc.Mesh","_native":".bin","_struct":{"primitives":[{"primitiveMode":7,"vertexBundelIndices":[0],"indexView":{"offset":47856,"length":9936,"count":4968,"stride":2}}],"vertexBundles":[{"view":{"offset":0,"length":47856,"count":997,"stride":48},"attributes":[{"name":"a_position","format":32,"isNormalized":false},{"name":"a_normal","format":32,"isNormalized":false},{"name":"a_texCoord","format":21,"isNormalized":false},{"name":"a_tangent","format":44,"isNormalized":false}]}],"minPosition":{"__type__":"cc.Vec3","x":-0.23121052980422974,"y":-0.1731865257024765,"z":-0.23121052980422974},"maxPosition":{"__type__":"cc.Vec3","x":0.23121052980422974,"y":0.1731865257024765,"z":0.23121052980422974}},"_dataLength":57792,"_hash":442734074}]
