[{"__type__":"cc.Mesh","_native":".bin","_struct":{"primitives":[{"primitiveMode":7,"vertexBundelIndices":[0],"indexView":{"offset":7104,"length":864,"count":432,"stride":2}}],"vertexBundles":[{"view":{"offset":0,"length":7104,"count":148,"stride":48},"attributes":[{"name":"a_position","format":32,"isNormalized":false},{"name":"a_normal","format":32,"isNormalized":false},{"name":"a_texCoord","format":21,"isNormalized":false},{"name":"a_tangent","format":44,"isNormalized":false}]}],"minPosition":{"__type__":"cc.Vec3","x":-1.100000023841858,"y":-0.75,"z":-1.100000023841858},"maxPosition":{"__type__":"cc.Vec3","x":1.100000023841858,"y":0.75,"z":1.100000023841858}},"_dataLength":7968,"_hash":2288753378},{"__type__":"cc.Material","_name":"材质","_effectAsset":{"__uuid__":"1brw/JvvpFnIvdrxpFCgMZ"},"_defines":[{}],"_states":[{"rasterizerState":{},"blendState":{"targets":[{}]},"depthStencilState":{}}],"_props":[{"albedoScale":{"__type__":"cc.Vec3","x":1,"y":1,"z":1},"metallic":0.400000005960464,"roughness":0.242535620927811}]},[{"__type__":"cc.Prefab","data":{"__id__":1}},{"__type__":"cc.Node","_name":"y302","_children":[{"__id__":2}],"_prefab":{"__type__":"cc.PrefabInfo","root":{"__id__":1},"asset":{"__id__":0},"fileId":"21Ob3+qJ1JRKV/sKW+HQpS","_synced":{"default":false,"serializable":false}}},{"__type__":"cc.Node","_name":"RootNode","_parent":{"__id__":1},"_children":[{"__id__":3},{"__id__":4}],"_prefab":{"__type__":"cc.PrefabInfo","root":{"__id__":1},"asset":{"__id__":0},"fileId":"39lW0U4cxDoa4w0TNBSORp","_synced":{"default":false,"serializable":false}}},{"__type__":"cc.Node","_name":"圆柱","_parent":{"__id__":2},"_components":[{"__type__":"cc.MeshRenderer","node":{"__id__":3},"_materials":[{"__uuid__":"130X1kKchJP4FG8wQYa2Vn@22e2a"}],"lightmapSettings":{"__type__":"cc.ModelLightmapSettings"},"_mesh":{"__uuid__":"130X1kKchJP4FG8wQYa2Vn@f32e4"}}],"_prefab":{"__type__":"cc.PrefabInfo","root":{"__id__":1},"asset":{"__id__":0},"fileId":"44fw3YpHxNiav6QGUc1rdn","_synced":{"default":false,"serializable":false}},"_lpos":{"__type__":"cc.Vec3","y":1.5}},{"__type__":"cc.Node","_name":"圆柱_2","_parent":{"__id__":2},"_components":[{"__type__":"cc.MeshRenderer","node":{"__id__":4},"_materials":[{"__uuid__":"130X1kKchJP4FG8wQYa2Vn@ed9a5"}],"lightmapSettings":{"__type__":"cc.ModelLightmapSettings"},"_mesh":{"__uuid__":"130X1kKchJP4FG8wQYa2Vn@1b553"}}],"_prefab":{"__type__":"cc.PrefabInfo","root":{"__id__":1},"asset":{"__id__":0},"fileId":"61FwJ24J1DyZ2xpows2B96","_synced":{"default":false,"serializable":false}},"_lpos":{"__type__":"cc.Vec3","y":0.75}}],{"__type__":"cc.Material","_name":"材质.2","_effectAsset":{"__uuid__":"1brw/JvvpFnIvdrxpFCgMZ"},"_defines":[{"USE_ALBEDO_MAP":true}],"_states":[{"rasterizerState":{},"blendState":{"targets":[{}]},"depthStencilState":{}}],"_props":[{"albedoScale":{"__type__":"cc.Vec3","x":1,"y":1,"z":1},"metallic":0.200000002980232,"roughness":0.800000011920929,"mainTexture":{"__uuid__":"130X1kKchJP4FG8wQYa2Vn@b32f2"}}]},{"__type__":"cc.Mesh","_native":".bin","_struct":{"primitives":[{"primitiveMode":7,"vertexBundelIndices":[0],"indexView":{"offset":7104,"length":864,"count":432,"stride":2}}],"vertexBundles":[{"view":{"offset":0,"length":7104,"count":148,"stride":48},"attributes":[{"name":"a_position","format":32,"isNormalized":false},{"name":"a_normal","format":32,"isNormalized":false},{"name":"a_texCoord","format":21,"isNormalized":false},{"name":"a_tangent","format":44,"isNormalized":false}]}],"minPosition":{"__type__":"cc.Vec3","x":-1.125,"y":-0.05999999865889549,"z":-1.125},"maxPosition":{"__type__":"cc.Vec3","x":1.125,"y":0.05999999865889549,"z":1.125}},"_dataLength":7968,"_hash":496631506}]
