[{"__type__":"cc.Material","_effectAsset":{"__uuid__":"a3zQCfCrBCDZJ4uf2rk5u8"},"_techIdx":1,"_defines":[{}],"_states":[{"blendState":{"targets":[{}]},"depthStencilState":{},"rasterizerState":{}}],"_props":[{"mainColor":{"__type__":"cc.Color","r":166,"g":222,"b":255,"a":158}}]},[{"__type__":"cc.Prefab","data":{"__id__":1}},{"__type__":"cc.Node","_name":"f202","_children":[{"__id__":2}],"_prefab":{"__type__":"cc.PrefabInfo","root":{"__id__":1},"asset":{"__id__":0},"fileId":"94CQc+rOpIdK1YIzDZX5DT","_synced":{"default":false,"serializable":false}}},{"__type__":"cc.Node","_name":"RootNode","_parent":{"__id__":1},"_children":[{"__id__":3},{"__id__":4},{"__id__":5}],"_prefab":{"__type__":"cc.PrefabInfo","root":{"__id__":1},"asset":{"__id__":0},"fileId":"a7mz3qn5RLc4cdPRNFvI9v","_synced":{"default":false,"serializable":false}}},{"__type__":"cc.Node","_name":"立方体_2","_parent":{"__id__":2},"_components":[{"__type__":"cc.MeshRenderer","node":{"__id__":3},"_materials":[{"__uuid__":"cep5LERLpFI5q9C9/vomZB@9aeec"}],"lightmapSettings":{"__type__":"cc.ModelLightmapSettings"},"_mesh":{"__uuid__":"cep5LERLpFI5q9C9/vomZB@5d2a2"}}],"_prefab":{"__type__":"cc.PrefabInfo","root":{"__id__":1},"asset":{"__id__":0},"fileId":"8cB1pyY7ZAZ4qCeSscPBcQ","_synced":{"default":false,"serializable":false}},"_lpos":{"__type__":"cc.Vec3","y":0.507152378559113}},{"__type__":"cc.Node","_name":"立方体","_parent":{"__id__":2},"_components":[{"__type__":"cc.MeshRenderer","node":{"__id__":4},"_materials":[{"__uuid__":"cep5LERLpFI5q9C9/vomZB@9aeec"}],"lightmapSettings":{"__type__":"cc.ModelLightmapSettings"},"_mesh":{"__uuid__":"cep5LERLpFI5q9C9/vomZB@e10e4"}}],"_prefab":{"__type__":"cc.PrefabInfo","root":{"__id__":1},"asset":{"__id__":0},"fileId":"54/wk00UZFkKuJ3gf5GpRG","_synced":{"default":false,"serializable":false}},"_lpos":{"__type__":"cc.Vec3","y":1.09009456634521}},{"__type__":"cc.Node","_name":"立方体_1","_parent":{"__id__":2},"_components":[{"__type__":"cc.MeshRenderer","node":{"__id__":5},"_materials":[{"__uuid__":"8dq+SHeXBJ9Kqc+Jj17sed"}],"lightmapSettings":{"__type__":"cc.ModelLightmapSettings"},"_mesh":{"__uuid__":"cep5LERLpFI5q9C9/vomZB@7f806"}}],"_prefab":{"__type__":"cc.PrefabInfo","root":{"__id__":1},"asset":{"__id__":0},"fileId":"6epIZp9zxP65G5HN5tpTMw","_synced":{"default":false,"serializable":false}},"_lpos":{"__type__":"cc.Vec3","y":0.78,"z":-0.108}}]]
