[[{"__type__":"cc.Prefab","data":{"__id__":1}},{"__type__":"cc.Node","_name":"y203_origin","_children":[{"__id__":2}],"_prefab":{"__type__":"cc.PrefabInfo","root":{"__id__":1},"asset":{"__id__":0},"fileId":"b4R+JWZuJGGLyXVr6IvTEv","_synced":{"default":false,"serializable":false}}},{"__type__":"cc.Node","_name":"RootNode","_parent":{"__id__":1},"_children":[{"__id__":3},{"__id__":4},{"__id__":5}],"_prefab":{"__type__":"cc.PrefabInfo","root":{"__id__":1},"asset":{"__id__":0},"fileId":"03TLDNFwREHKEdUCFrYwQl","_synced":{"default":false,"serializable":false}}},{"__type__":"cc.Node","_name":"管道","_parent":{"__id__":2},"_components":[{"__type__":"cc.MeshRenderer","node":{"__id__":3},"_materials":[{"__uuid__":"bdWQX7itBB6I4J71cDcE8J@76ab0"}],"lightmapSettings":{"__type__":"cc.ModelLightmapSettings"},"_mesh":{"__uuid__":"bdWQX7itBB6I4J71cDcE8J@1f6ff"}}],"_prefab":{"__type__":"cc.PrefabInfo","root":{"__id__":1},"asset":{"__id__":0},"fileId":"6d/FGZ3t9DepVsbNn9rc61","_synced":{"default":false,"serializable":false}},"_lpos":{"__type__":"cc.Vec3","y":0.573998212814331}},{"__type__":"cc.Node","_name":"圆柱","_parent":{"__id__":2},"_components":[{"__type__":"cc.MeshRenderer","node":{"__id__":4},"_materials":[{"__uuid__":"bdWQX7itBB6I4J71cDcE8J@ed9a5"}],"lightmapSettings":{"__type__":"cc.ModelLightmapSettings"},"_mesh":{"__uuid__":"bdWQX7itBB6I4J71cDcE8J@f32e4"}}],"_prefab":{"__type__":"cc.PrefabInfo","root":{"__id__":1},"asset":{"__id__":0},"fileId":"44KPt5HOpFk7Ok74YiRKND","_synced":{"default":false,"serializable":false}},"_lpos":{"__type__":"cc.Vec3","y":0.689999997615814}},{"__type__":"cc.Node","_name":"圆柱_1","_parent":{"__id__":2},"_components":[{"__type__":"cc.MeshRenderer","node":{"__id__":5},"_materials":[{"__uuid__":"bdWQX7itBB6I4J71cDcE8J@22e2a"}],"lightmapSettings":{"__type__":"cc.ModelLightmapSettings"},"_mesh":{"__uuid__":"bdWQX7itBB6I4J71cDcE8J@14e62"}}],"_prefab":{"__type__":"cc.PrefabInfo","root":{"__id__":1},"asset":{"__id__":0},"fileId":"5b2nEhYSZH7IdmMykycOCP","_synced":{"default":false,"serializable":false}},"_lpos":{"__type__":"cc.Vec3","y":1.4099999666214}}],{"__type__":"cc.Material","_name":"材质.2","_effectAsset":{"__uuid__":"1brw/JvvpFnIvdrxpFCgMZ"},"_defines":[{}],"_states":[{"rasterizerState":{},"blendState":{"targets":[{}]},"depthStencilState":{}}],"_props":[{"albedoScale":{"__type__":"cc.Vec3","x":1,"y":0.951666653156281,"z":0.419999986886978},"metallic":0.400000005960464,"roughness":0.242535620927811}]}]
