[{"__type__":"cc.Mesh","_native":".bin","_struct":{"primitives":[{"primitiveMode":7,"vertexBundelIndices":[0],"indexView":{"offset":15504,"length":3168,"count":1584,"stride":2}}],"vertexBundles":[{"view":{"offset":0,"length":15504,"count":323,"stride":48},"attributes":[{"name":"a_position","format":32,"isNormalized":false},{"name":"a_normal","format":32,"isNormalized":false},{"name":"a_texCoord","format":21,"isNormalized":false},{"name":"a_tangent","format":44,"isNormalized":false}]}],"minPosition":{"__type__":"cc.Vec3","x":-0.25999999046325684,"y":-0.25999999046325684,"z":-0.25999999046325684},"maxPosition":{"__type__":"cc.Vec3","x":0.25999999046325684,"y":0.25999999046325684,"z":0.25999999046325684}},"_dataLength":18672,"_hash":3269832665},{"__type__":"cc.Material","_name":"材质","_effectAsset":{"__uuid__":"1brw/JvvpFnIvdrxpFCgMZ"},"_defines":[{}],"_states":[{"rasterizerState":{},"blendState":{"targets":[{}]},"depthStencilState":{}}],"_props":[{"albedoScale":{"__type__":"cc.Vec3","x":0.899999976158142,"y":0.0900000035762787,"z":0.224999994039536},"metallic":0.400000005960464,"roughness":0.242535620927811}]}]
