[{"__type__":"cc.SpriteFrame","content":{"name":"fenge","rect":{"x":1,"y":1,"width":82,"height":2},"offset":{"x":0,"y":0},"originalSize":{"width":84,"height":4},"rotated":false,"capInsets":[0,0,0,0],"texture":"1axYiwVvBMpYgCSeKTCi23@6c48a"}},{"__type__":"cc.SpriteFrame","content":{"name":"2","rect":{"x":0,"y":0,"width":48,"height":48},"offset":{"x":0,"y":0},"originalSize":{"width":48,"height":48},"rotated":false,"capInsets":[0,0,0,0],"texture":"1cbqnEzE1NooYrBJ88XLws@6c48a"}},{"__type__":"cc.SpriteFrame","content":{"name":"girl","rect":{"x":0,"y":0,"width":48,"height":47},"offset":{"x":0,"y":0.5},"originalSize":{"width":48,"height":48},"rotated":false,"capInsets":[0,0,0,0],"texture":"2dtMrh4SVFiZfQWOlx09YO@6c48a"}},{"__type__":"cc.SpriteFrame","content":{"name":"back","rect":{"x":0,"y":0,"width":88,"height":88},"offset":{"x":0,"y":0},"originalSize":{"width":88,"height":88},"rotated":false,"capInsets":[0,0,0,0],"texture":"2fXpRHhX9MRY96SWitQFLQ@6c48a"}},{"__type__":"cc.SpriteFrame","content":{"name":"3","rect":{"x":0,"y":0,"width":48,"height":48},"offset":{"x":0,"y":0},"originalSize":{"width":48,"height":48},"rotated":false,"capInsets":[0,0,0,0],"texture":"3cUlstFcNHnrb9CefqFvQ/@6c48a"}},{"__type__":"cc.AnimationClip","_name":"mav_2","_duration":2.8666666666666667,"_keys":[[0,0.7,0.75,0.8,0.85],[0,0.1,0.2,0.3,0.4,0.5,0.6,0.7],[0,0.1,0.25,0.35,0.45,0.55],[0,1.05,1.25,1.45,1.65,1.85,2.05,2.25,2.45,2.65,2.8666666666666667],[0,0.7,0.75,0.8,0.85],[0,1.05,1.25,1.45,1.65,1.85,2.05,2.25,2.45,2.65],[0,0.6666666666666666,1.05],[0,0.6666666666666666,1.05]],"_curves":[{"modifiers":[{"__type__":"cc.animation.HierarchyPath","path":"wings_l"},"scale"],"data":{"keys":0,"values":[{"__type__":"cc.Vec3"},{"__type__":"cc.Vec3"},{"__type__":"cc.Vec3","x":0.4,"y":0.4},{"__type__":"cc.Vec3","x":0.5,"y":0.5},{"__type__":"cc.Vec3","x":0.6,"y":0.6}],"easingMethods":{}}},{"modifiers":[{"__type__":"cc.animation.HierarchyPath","path":"main"},"scale"],"data":{"keys":1,"values":[{"__type__":"cc.Vec3"},{"__type__":"cc.Vec3","x":0.1,"y":0.1},{"__type__":"cc.Vec3","x":0.2,"y":0.2},{"__type__":"cc.Vec3","x":0.25,"y":0.25},{"__type__":"cc.Vec3","x":0.3,"y":0.3},{"__type__":"cc.Vec3","x":0.4,"y":0.4},{"__type__":"cc.Vec3","x":0.5,"y":0.5},{"__type__":"cc.Vec3","x":0.6,"y":0.6}],"easingMethods":{}}},{"modifiers":[{"__type__":"cc.animation.HierarchyPath","path":"main"},"eulerAngles"],"data":{"keys":2,"values":[{"__type__":"cc.Vec3","y":180},{"__type__":"cc.Vec3","y":180},{"__type__":"cc.Vec3","y":100},{"__type__":"cc.Vec3","y":140},{"__type__":"cc.Vec3","y":40},{"__type__":"cc.Vec3"}],"easingMethods":{}}},{"modifiers":[{"__type__":"cc.animation.HierarchyPath","path":"wings_l"},"eulerAngles"],"data":{"keys":3,"values":[{"__type__":"cc.Vec3"},{"__type__":"cc.Vec3"},{"__type__":"cc.Vec3","z":3},{"__type__":"cc.Vec3"},{"__type__":"cc.Vec3","z":-3},{"__type__":"cc.Vec3"},{"__type__":"cc.Vec3","z":3},{"__type__":"cc.Vec3"},{"__type__":"cc.Vec3","z":-3},{"__type__":"cc.Vec3"},{"__type__":"cc.Vec3"}],"easingMethods":{}}},{"modifiers":[{"__type__":"cc.animation.HierarchyPath","path":"wings_r"},"scale"],"data":{"keys":4,"values":[{"__type__":"cc.Vec3"},{"__type__":"cc.Vec3"},{"__type__":"cc.Vec3","x":0.4,"y":0.4},{"__type__":"cc.Vec3","x":0.5,"y":0.5},{"__type__":"cc.Vec3","x":0.6,"y":0.6}],"easingMethods":{}}},{"modifiers":[{"__type__":"cc.animation.HierarchyPath","path":"wings_r"},"eulerAngles"],"data":{"keys":5,"values":[{"__type__":"cc.Vec3"},{"__type__":"cc.Vec3"},{"__type__":"cc.Vec3","z":-3},{"__type__":"cc.Vec3"},{"__type__":"cc.Vec3","z":3},{"__type__":"cc.Vec3"},{"__type__":"cc.Vec3","z":-3},{"__type__":"cc.Vec3"},{"__type__":"cc.Vec3","z":3},{"__type__":"cc.Vec3"}],"easingMethods":{}}},{"modifiers":[{"__type__":"cc.animation.HierarchyPath","path":"wings_l"},"position"],"data":{"keys":6,"values":[{"__type__":"cc.Vec3","x":-8.700000000000017,"y":-138.2},{"__type__":"cc.Vec3","x":-8.7,"y":-138.2},{"__type__":"cc.Vec3","x":-8.700000000000017,"y":-138.2}],"easingMethods":{}}},{"modifiers":[{"__type__":"cc.animation.HierarchyPath","path":"wings_r"},"position"],"data":{"keys":7,"values":[{"__type__":"cc.Vec3","x":8.700000000000017,"y":-138.2},{"__type__":"cc.Vec3","x":8.7,"y":-138.2},{"__type__":"cc.Vec3","x":8.700000000000017,"y":-138.2}],"easingMethods":{}}}],"_hash":3515120216},{"__type__":"cc.SpriteFrame","content":{"name":"zailia","rect":{"x":0,"y":0,"width":120,"height":51},"offset":{"x":0,"y":0.5},"originalSize":{"width":120,"height":52},"rotated":false,"capInsets":[0,0,0,0],"texture":"7cz+pWBGhEUJYX22WPc6ww@6c48a"}},{"__type__":"cc.SpriteFrame","content":{"name":"mvp_1","rect":{"x":472,"y":354,"width":471,"height":394},"offset":{"x":207.5,"y":-51},"originalSize":{"width":1000,"height":1000},"rotated":false,"capInsets":[0,0,0,0],"texture":"9e7os52LBEzJSgFKwNDcim@6c48a"}},{"__type__":"cc.SpriteFrame","content":{"name":"tuichu","rect":{"x":0,"y":0,"width":120,"height":51},"offset":{"x":0,"y":0.5},"originalSize":{"width":120,"height":52},"rotated":false,"capInsets":[0,0,0,0],"texture":"81tlL0UNFFopm2HaVP+wX0@6c48a"}},{"__type__":"cc.SpriteFrame","content":{"name":"ying","rect":{"x":0,"y":0,"width":120,"height":120},"offset":{"x":0,"y":0},"originalSize":{"width":120,"height":120},"rotated":false,"capInsets":[37,37,36,34],"texture":"97+ulXZO1FS7PpT0qIU/JN@6c48a"}},{"__type__":"cc.SpriteFrame","content":{"name":"pingju","rect":{"x":0,"y":2,"width":533,"height":314},"offset":{"x":-0.5,"y":-1},"originalSize":{"width":534,"height":316},"rotated":false,"capInsets":[0,0,0,0],"texture":"23LBUdmvlMs7qQiJ2A0IH7@6c48a"}},{"__type__":"cc.SpriteFrame","content":{"name":"mvp_2","rect":{"x":57,"y":354,"width":471,"height":394},"offset":{"x":-207.5,"y":-51},"originalSize":{"width":1000,"height":1000},"rotated":false,"capInsets":[0,0,0,0],"texture":"23nbaOCftHr6kYhHbJxj0r@6c48a"}},{"__type__":"cc.SpriteFrame","content":{"name":"shule","rect":{"x":0,"y":1,"width":533,"height":314},"offset":{"x":-0.5,"y":0},"originalSize":{"width":534,"height":316},"rotated":false,"capInsets":[0,0,0,0],"texture":"53MX70bfNF2La8uWei9FiK@6c48a"}},{"__type__":"cc.SpriteFrame","content":{"name":"1","rect":{"x":0,"y":0,"width":48,"height":48},"offset":{"x":0,"y":0},"originalSize":{"width":48,"height":48},"rotated":false,"capInsets":[0,0,0,0],"texture":"aeK3PqYxdOa7cjV/eR6VhA@6c48a"}},{"__type__":"cc.SpriteFrame","content":{"name":"blue","rect":{"x":0,"y":0,"width":60,"height":280},"offset":{"x":0,"y":0},"originalSize":{"width":60,"height":280},"rotated":false,"capInsets":[23,0,22,0],"texture":"c1dVqbQqpAc41iG6lRuMtW@6c48a"}},{"__type__":"cc.SpriteFrame","content":{"name":"vs","rect":{"x":0,"y":1,"width":64,"height":47},"offset":{"x":0,"y":-0.5},"originalSize":{"width":64,"height":48},"rotated":false,"capInsets":[0,0,0,0],"texture":"c3SClFc+hJ3IgRYV6/kLPz@6c48a"}},{"__type__":"cc.SpriteFrame","content":{"name":"4","rect":{"x":0,"y":0,"width":48,"height":48},"offset":{"x":0,"y":0},"originalSize":{"width":48,"height":48},"rotated":false,"capInsets":[0,0,0,0],"texture":"d1g2eRoUJGj6IL6UhY2tcc@6c48a"}},{"__type__":"cc.SpriteFrame","content":{"name":"red","rect":{"x":0,"y":0,"width":60,"height":280},"offset":{"x":0,"y":0},"originalSize":{"width":60,"height":280},"rotated":false,"capInsets":[22,18,22,21],"texture":"deSGwDaQhDcpEQeF/CAcTU@6c48a"}},{"__type__":"cc.SpriteFrame","content":{"name":"mvp_3","rect":{"x":205,"y":221,"width":597,"height":558},"offset":{"x":3.5,"y":0},"originalSize":{"width":1000,"height":1000},"rotated":false,"capInsets":[0,0,0,0],"texture":"e06XqlZ2VIDoNYfGeFfhdl@6c48a"}},{"__type__":"cc.SpriteFrame","content":{"name":"yinle","rect":{"x":0,"y":2,"width":533,"height":313},"offset":{"x":-0.5,"y":-0.5},"originalSize":{"width":534,"height":316},"rotated":false,"capInsets":[0,0,0,0],"texture":"f5jDPi3P1EMJgw/S+BeIyf@6c48a"}}]
