[{"__type__":"cc.Prefab","data":{"__id__":1}},{"__type__":"cc.Node","_name":"qizi_red_1","_children":[{"__id__":2}],"_prefab":{"__type__":"cc.PrefabInfo","root":{"__id__":1},"asset":{"__id__":0},"fileId":"a7RzJf8PhNCZJlFkbc8Uvc","_synced":{"default":false,"serializable":false}}},{"__type__":"cc.Node","_name":"RootNode","_parent":{"__id__":1},"_children":[{"__type__":"cc.Node","_name":"Cinema_4D_编辑器","_parent":{"__id__":2},"_prefab":{"__type__":"cc.PrefabInfo","root":{"__id__":1},"asset":{"__id__":0},"fileId":"18DodkLplKvrOuW0QAbL9t","_synced":{"default":false,"serializable":false}},"_lpos":{"__type__":"cc.Vec3","x":-14.2692270278931,"y":5.56085062026978,"z":4.50643682479858},"_lrot":{"__type__":"cc.Quat","x":-0.0976340194015086,"y":-0.5810846648855854,"z":-0.07048664174489341,"w":0.8048849879491108},"_euler":{"__type__":"cc.Vec3","x":-13.832585479523114,"y":-71.6546103488819,"z":-9.563872768391232e-7}},{"__id__":3},{"__id__":4},{"__id__":5},{"__id__":7}],"_prefab":{"__type__":"cc.PrefabInfo","root":{"__id__":1},"asset":{"__id__":0},"fileId":"a5mIs0Eg5JIaSHuend0ylp","_synced":{"default":false,"serializable":false}}},{"__type__":"cc.Node","_name":"油桶_1","_parent":{"__id__":2},"_components":[{"__type__":"cc.MeshRenderer","node":{"__id__":3},"_materials":[{"__uuid__":"5bUZrdwphGfKdavqYFbUgz@22e2a"}],"lightmapSettings":{"__type__":"cc.ModelLightmapSettings"},"_mesh":{"__uuid__":"5bUZrdwphGfKdavqYFbUgz@f5108"}}],"_prefab":{"__type__":"cc.PrefabInfo","root":{"__id__":1},"asset":{"__id__":0},"fileId":"f3qFPD/jlD36FIE3izot3m","_synced":{"default":false,"serializable":false}},"_lpos":{"__type__":"cc.Vec3","y":-0.129894345998764}},{"__type__":"cc.Node","_name":"油桶","_parent":{"__id__":2},"_components":[{"__type__":"cc.MeshRenderer","node":{"__id__":4},"_materials":[{"__uuid__":"5bUZrdwphGfKdavqYFbUgz@22e2a"}],"lightmapSettings":{"__type__":"cc.ModelLightmapSettings"},"_mesh":{"__uuid__":"5bUZrdwphGfKdavqYFbUgz@edd93"}}],"_prefab":{"__type__":"cc.PrefabInfo","root":{"__id__":1},"asset":{"__id__":0},"fileId":"7eEO1NqnhE8YLibOWC4uIm","_synced":{"default":false,"serializable":false}},"_lpos":{"__type__":"cc.Vec3","y":0.25}},{"__type__":"cc.Node","_name":"细分曲面","_parent":{"__id__":2},"_children":[{"__id__":6}],"_prefab":{"__type__":"cc.PrefabInfo","root":{"__id__":1},"asset":{"__id__":0},"fileId":"75o1R/jeRPY4bKaWCM3NG/","_synced":{"default":false,"serializable":false}},"_lpos":{"__type__":"cc.Vec3","y":-0.699999988079071}},{"__type__":"cc.Node","_name":"圆柱","_parent":{"__id__":5},"_components":[{"__type__":"cc.MeshRenderer","node":{"__id__":6},"_materials":[{"__uuid__":"5bUZrdwphGfKdavqYFbUgz@22e2a"}],"lightmapSettings":{"__type__":"cc.ModelLightmapSettings"},"_mesh":{"__uuid__":"5bUZrdwphGfKdavqYFbUgz@f32e4"}}],"_prefab":{"__type__":"cc.PrefabInfo","root":{"__id__":1},"asset":{"__id__":0},"fileId":"43eUdLW8FFq70S8fPnQh/9","_synced":{"default":false,"serializable":false}},"_lpos":{"__type__":"cc.Vec3","y":0.487173229455948}},{"__type__":"cc.Node","_name":"球体","_parent":{"__id__":2},"_components":[{"__type__":"cc.MeshRenderer","node":{"__id__":7},"_materials":[{"__uuid__":"5bUZrdwphGfKdavqYFbUgz@22e2a"}],"lightmapSettings":{"__type__":"cc.ModelLightmapSettings"},"_mesh":{"__uuid__":"5bUZrdwphGfKdavqYFbUgz@0a13e"}}],"_prefab":{"__type__":"cc.PrefabInfo","root":{"__id__":1},"asset":{"__id__":0},"fileId":"32M/twF5xEQLwGuOBk/8es","_synced":{"default":false,"serializable":false}},"_lpos":{"__type__":"cc.Vec3","y":0.699999988079071}}]
