[{"__type__":"cc.SpriteFrame","content":{"name":"guize","rect":{"x":0,"y":0,"width":442,"height":120},"offset":{"x":0,"y":0},"originalSize":{"width":442,"height":120},"rotated":false,"capInsets":[0,0,0,0],"texture":"7akhe1ZeJPAYv7Ebz2yGvQ@6c48a"}},[{"__type__":"cc.Prefab","data":{"__id__":1}},{"__type__":"cc.Node","_name":"RulesDialog","_children":[{"__id__":2},{"__id__":3}],"_components":[{"__type__":"cc.UITransform","node":{"__id__":1},"_contentSize":{"__type__":"cc.Size","width":375,"height":806}},{"__type__":"cc.Widget","_name":"RulesDIalog<Widget>","node":{"__id__":1},"_alignFlags":45,"_bottom":6,"_originalWidth":100,"_originalHeight":100},{"__type__":"cc.BlockInputEvents","node":{"__id__":1}}],"_prefab":{"__type__":"cc.PrefabInfo","root":{"__id__":1},"asset":{"__id__":0},"fileId":"7foV6g85JLmYgQw6ZS50vM","_synced":{"default":false,"serializable":false}},"_lpos":{"__type__":"cc.Vec3","y":3,"z":1},"_layer":33554432},{"__type__":"cc.Node","_name":"mask","_parent":{"__id__":1},"_components":[{"__type__":"cc.UITransform","node":{"__id__":2},"_contentSize":{"__type__":"cc.Size","width":375,"height":816}},{"__type__":"cc.Sprite","node":{"__id__":2},"_color":{"__type__":"cc.Color","a":169},"_spriteFrame":{"__uuid__":"6fkl6VpxhEdpqawV6+t60C@f9941"},"_sizeMode":0},{"__type__":"cc.Widget","_name":"mask<Widget>","node":{"__id__":2},"_alignFlags":45,"_bottom":-10,"_originalWidth":40,"_originalHeight":40}],"_prefab":{"__type__":"cc.PrefabInfo","root":{"__id__":1},"asset":{"__id__":0},"fileId":"f8O71U0m5GoLz/uOrj3M/5","_synced":{"default":false,"serializable":false}},"_lpos":{"__type__":"cc.Vec3","y":-5,"z":-1},"_layer":33554432},{"__type__":"cc.Node","_name":"background","_parent":{"__id__":1},"_children":[{"__id__":4},{"__id__":9},{"__id__":13},{"__id__":15},{"__id__":16}],"_components":[{"__type__":"cc.UITransform","node":{"__id__":3},"_contentSize":{"__type__":"cc.Size","width":640,"height":960}},{"__type__":"cc.Sprite","node":{"__id__":3},"_spriteFrame":{"__uuid__":"5b+vC+HXBAgJghjc0As3nf@f9941"},"_type":1,"_sizeMode":0},{"__type__":"cc.Widget","_name":"Sprite<Widget>","node":{"__id__":3},"_alignFlags":18}],"_prefab":{"__type__":"cc.PrefabInfo","root":{"__id__":1},"asset":{"__id__":0},"fileId":"5am2fgJ9lHDrleIZQU03B7","_synced":{"default":false,"serializable":false}},"_lpos":{"__type__":"cc.Vec3","z":3},"_lscale":{"__type__":"cc.Vec3","x":0.5,"y":0.5,"z":1},"_layer":33554432},{"__type__":"cc.Node","_name":"content","_parent":{"__id__":3},"_children":[{"__id__":5},{"__id__":6},{"__id__":7},{"__id__":8}],"_components":[{"__type__":"cc.UITransform","node":{"__id__":4},"_contentSize":{"__type__":"cc.Size","width":580,"height":422}},{"__type__":"cc.Sprite","node":{"__id__":4},"_srcBlendFactor":1,"_color":{"__type__":"cc.Color","r":255,"g":244,"b":237},"_spriteFrame":{"__uuid__":"5b+vC+HXBAgJghjc0As3nf@f9941"},"_type":1,"_sizeMode":0},{"__type__":"cc.Widget","_name":"content<Widget>","node":{"__id__":4},"_alignFlags":17,"_top":28}],"_prefab":{"__type__":"cc.PrefabInfo","root":{"__id__":1},"asset":{"__id__":0},"fileId":"c7VQ6/gcZKUaAwfaZfB+i0","_synced":{"default":false,"serializable":false}},"_lpos":{"__type__":"cc.Vec3","y":241},"_layer":33554432},{"__type__":"cc.Node","_name":"content","_parent":{"__id__":4},"_components":[{"__type__":"cc.UITransform","node":{"__id__":5},"_contentSize":{"__type__":"cc.Size","width":962,"height":648.1999999999999}},{"__type__":"cc.Label","node":{"__id__":5},"_color":{"__type__":"cc.Color","r":187,"g":120,"b":31},"_string":"游戏分为红蓝两队，每队2人。\n\n每队2人轮流跳一跳，跳到盒子上按照位置进行相应积分，掉落或停留原地则不得分。\n\n限时时间内累计分数更高的队伍获胜。若游戏未结束，先退出的一方算输，若同时退出游戏获得分相同则平局。","_horizontalAlign":0,"_actualFontSize":56,"_fontSize":56,"_lineHeight":70,"_overflow":3},{"__type__":"cc.Widget","_name":"content<Widget>","node":{"__id__":5},"_alignFlags":41,"_left":66,"_right":33,"_top":74,"_originalWidth":494}],"_prefab":{"__type__":"cc.PrefabInfo","root":{"__id__":1},"asset":{"__id__":0},"fileId":"4btbW60cdAN5UkNLOX/BvN","_synced":{"default":false,"serializable":false}},"_lpos":{"__type__":"cc.Vec3","x":16.5,"y":-25.049999999999983,"z":-4},"_lscale":{"__type__":"cc.Vec3","x":0.5,"y":0.5,"z":1},"_layer":33554432},{"__type__":"cc.Node","_name":"1","_parent":{"__id__":4},"_components":[{"__type__":"cc.UITransform","node":{"__id__":6},"_contentSize":{"__type__":"cc.Size","width":32,"height":32}},{"__type__":"cc.Sprite","node":{"__id__":6},"_spriteFrame":{"__uuid__":"43HtVZZshGnr65FCgoRCqg@f9941"},"_sizeMode":0},{"__type__":"cc.Widget","_name":"1<Widget>","node":{"__id__":6},"_alignFlags":8,"_left":18}],"_prefab":{"__type__":"cc.PrefabInfo","root":{"__id__":1},"asset":{"__id__":0},"fileId":"88LQRYNz9KeZ4BdlrTFD87","_synced":{"default":false,"serializable":false}},"_lpos":{"__type__":"cc.Vec3","x":-256,"y":118.162},"_layer":33554432},{"__type__":"cc.Node","_name":"2","_parent":{"__id__":4},"_components":[{"__type__":"cc.UITransform","node":{"__id__":7},"_contentSize":{"__type__":"cc.Size","width":32,"height":32}},{"__type__":"cc.Sprite","node":{"__id__":7},"_spriteFrame":{"__uuid__":"71yGWGqeRBl51P2bAtBQ1x@f9941"},"_sizeMode":0},{"__type__":"cc.Widget","_name":"2<Widget>","node":{"__id__":7},"_alignFlags":8,"_left":18}],"_prefab":{"__type__":"cc.PrefabInfo","root":{"__id__":1},"asset":{"__id__":0},"fileId":"a1VBS0gQNPVLDoDFKZYYWa","_synced":{"default":false,"serializable":false}},"_lpos":{"__type__":"cc.Vec3","x":-256,"y":46.518},"_layer":33554432},{"__type__":"cc.Node","_name":"3","_parent":{"__id__":4},"_components":[{"__type__":"cc.UITransform","node":{"__id__":8},"_contentSize":{"__type__":"cc.Size","width":32,"height":32}},{"__type__":"cc.Sprite","node":{"__id__":8},"_spriteFrame":{"__uuid__":"cbsEmPv2pGm7RtvGuKO4ky@f9941"},"_sizeMode":0},{"__type__":"cc.Widget","_name":"3<Widget>","node":{"__id__":8},"_alignFlags":8,"_left":18}],"_prefab":{"__type__":"cc.PrefabInfo","root":{"__id__":1},"asset":{"__id__":0},"fileId":"a1VBS0gQNPVLDoDFKZYYWa","_synced":{"default":false,"serializable":false}},"_lpos":{"__type__":"cc.Vec3","x":-256,"y":-92.398},"_layer":33554432},{"__type__":"cc.Node","_name":"show","_parent":{"__id__":3},"_children":[{"__id__":10},{"__id__":11},{"__id__":12}],"_components":[{"__type__":"cc.UITransform","node":{"__id__":9},"_contentSize":{"__type__":"cc.Size","width":584,"height":340}},{"__type__":"cc.Sprite","node":{"__id__":9},"_srcBlendFactor":1,"_color":{"__type__":"cc.Color","r":255,"g":244,"b":237},"_spriteFrame":{"__uuid__":"5b+vC+HXBAgJghjc0As3nf@f9941"},"_type":1,"_sizeMode":0},{"__type__":"cc.Widget","_name":"show<Widget>","node":{"__id__":9},"_alignFlags":44,"_left":28,"_right":28,"_bottom":96,"_originalWidth":550}],"_prefab":{"__type__":"cc.PrefabInfo","root":{"__id__":1},"asset":{"__id__":0},"fileId":"e11Jxik7VOhalTWkogPKgc","_synced":{"default":false,"serializable":false}},"_lpos":{"__type__":"cc.Vec3","y":-214},"_layer":33554432},{"__type__":"cc.Node","_name":"Label1","_parent":{"__id__":9},"_components":[{"__type__":"cc.UITransform","node":{"__id__":10},"_contentSize":{"__type__":"cc.Size","width":160,"height":88.2}},{"__type__":"cc.Label","node":{"__id__":10},"_color":{"__type__":"cc.Color","r":187,"g":120,"b":31},"_string":"操作示意图","_actualFontSize":32,"_fontSize":32,"_lineHeight":70},{"__type__":"cc.Widget","_name":"Label1<Widget>","node":{"__id__":10},"_alignFlags":18,"_verticalCenter":190}],"_prefab":{"__type__":"cc.PrefabInfo","root":{"__id__":1},"asset":{"__id__":0},"fileId":"14oV0r345HXa0Qiu3bR27U","_synced":{"default":false,"serializable":false}},"_lpos":{"__type__":"cc.Vec3","y":190},"_layer":33554432},{"__type__":"cc.Node","_name":"Label2","_parent":{"__id__":9},"_components":[{"__type__":"cc.UITransform","node":{"__id__":11},"_contentSize":{"__type__":"cc.Size","width":456,"height":50.4}},{"__type__":"cc.Label","node":{"__id__":11},"_color":{"__type__":"cc.Color","r":187,"g":120,"b":31},"_string":"长摁屏幕，松手跳跃，摁的越久，跳的越远","_actualFontSize":24,"_fontSize":24}],"_prefab":{"__type__":"cc.PrefabInfo","root":{"__id__":1},"asset":{"__id__":0},"fileId":"c4IZqQ93tCN6U3iOu1CpHZ","_synced":{"default":false,"serializable":false}},"_lpos":{"__type__":"cc.Vec3","y":-202.302},"_layer":33554432},{"__type__":"cc.Node","_name":"img","_parent":{"__id__":9},"_components":[{"__type__":"cc.UITransform","node":{"__id__":12},"_contentSize":{"__type__":"cc.Size","width":552,"height":308}},{"__type__":"cc.Sprite","node":{"__id__":12},"_spriteFrame":{"__uuid__":"c831FZkF5FD4ZhFRaNKio1@f9941"},"_sizeMode":0},{"__type__":"cc.Widget","_name":"img<Widget>","node":{"__id__":12},"_alignFlags":45,"_left":16,"_right":16,"_top":16,"_bottom":16,"_originalWidth":550,"_originalHeight":306}],"_prefab":{"__type__":"cc.PrefabInfo","root":{"__id__":1},"asset":{"__id__":0},"fileId":"85UKb4ghBHGZKovB/sV8b2","_synced":{"default":false,"serializable":false}},"_layer":33554432},{"__type__":"cc.Node","_name":"tip","_parent":{"__id__":3},"_children":[{"__id__":14}],"_components":[{"__type__":"cc.UITransform","node":{"__id__":13},"_contentSize":{"__type__":"cc.Size","width":442,"height":120}},{"__type__":"cc.Sprite","node":{"__id__":13},"_spriteFrame":{"__uuid__":"7akhe1ZeJPAYv7Ebz2yGvQ@f9941"},"_sizeMode":0},{"__type__":"cc.Widget","_name":"tip<Widget>","node":{"__id__":13},"_alignFlags":17,"_left":49.5,"_right":49.5,"_top":-54,"_originalWidth":221}],"_prefab":{"__type__":"cc.PrefabInfo","root":{"__id__":1},"asset":{"__id__":0},"fileId":"fbbTEO7/xNhYbXWLFgKt51","_synced":{"default":false,"serializable":false}},"_lpos":{"__type__":"cc.Vec3","y":474,"z":-4},"_layer":33554432},{"__type__":"cc.Node","_name":"Label","_parent":{"__id__":13},"_components":[{"__type__":"cc.UITransform","node":{"__id__":14},"_contentSize":{"__type__":"cc.Size","width":256,"height":88.2}},{"__type__":"cc.Label","node":{"__id__":14},"_string":"游戏规则","_actualFontSize":64,"_fontSize":64,"_lineHeight":70}],"_prefab":{"__type__":"cc.PrefabInfo","root":{"__id__":1},"asset":{"__id__":0},"fileId":"c0TS6C8NZDDaNKMdIYAVdN","_synced":{"default":false,"serializable":false}},"_lpos":{"__type__":"cc.Vec3","y":13.384,"z":1},"_lscale":{"__type__":"cc.Vec3","x":0.5,"y":0.5,"z":1},"_layer":33554432},{"__type__":"cc.Node","_name":"exit","_parent":{"__id__":3},"_components":[{"__type__":"cc.UITransform","node":{"__id__":15},"_contentSize":{"__type__":"cc.Size","width":64,"height":64}},{"__type__":"cc.Sprite","node":{"__id__":15},"_spriteFrame":{"__uuid__":"18V6H3jTJNGIQZm3QhrQJw@f9941"},"_sizeMode":0},{"__type__":"cc.Widget","_name":"exit<Widget>","node":{"__id__":15},"_alignFlags":33,"_right":-20,"_top":-20},{"__type__":"cc.Button","node":{"__id__":15},"_transition":3,"_normalSprite":{"__uuid__":"18V6H3jTJNGIQZm3QhrQJw@f9941"},"_zoomScale":0.9,"_target":{"__id__":15}}],"_prefab":{"__type__":"cc.PrefabInfo","root":{"__id__":1},"asset":{"__id__":0},"fileId":"0bFGKFNwRPm7Q0GVpVPHmz","_synced":{"default":false,"serializable":false}},"_lpos":{"__type__":"cc.Vec3","x":308,"y":468},"_layer":33554432},{"__type__":"cc.Node","_name":"version","_parent":{"__id__":3},"_components":[{"__type__":"cc.UITransform","node":{"__id__":16},"_contentSize":{"__type__":"cc.Size","width":36.32,"height":50.4}},{"__type__":"cc.Label","node":{"__id__":16},"_color":{"__type__":"cc.Color"},"_string":"v.61","_actualFontSize":20,"_fontSize":20}],"_prefab":{"__type__":"cc.PrefabInfo","root":{"__id__":1},"asset":{"__id__":0},"fileId":"f20ciG2W1Nu4WBH2uodot0","_synced":{"default":false,"serializable":false}},"_lpos":{"__type__":"cc.Vec3","y":-460},"_layer":33554432}],{"__type__":"cc.SpriteFrame","content":{"name":"2@2x","rect":{"x":0,"y":2,"width":32,"height":32},"offset":{"x":0,"y":-1},"originalSize":{"width":32,"height":34},"rotated":false,"capInsets":[0,0,0,0],"texture":"71yGWGqeRBl51P2bAtBQ1x@6c48a"}},{"__type__":"cc.SpriteFrame","content":{"name":"1@2x","rect":{"x":0,"y":2,"width":32,"height":32},"offset":{"x":0,"y":-1},"originalSize":{"width":32,"height":34},"rotated":false,"capInsets":[0,0,0,0],"texture":"43HtVZZshGnr65FCgoRCqg@6c48a"}},{"__type__":"cc.SpriteFrame","content":{"name":"guanbi","rect":{"x":0,"y":0,"width":64,"height":64},"offset":{"x":0,"y":0},"originalSize":{"width":64,"height":64},"rotated":false,"capInsets":[0,0,0,0],"texture":"18V6H3jTJNGIQZm3QhrQJw@6c48a"}},{"__type__":"cc.SpriteFrame","content":{"name":"caozuo","rect":{"x":0,"y":0,"width":550,"height":306},"offset":{"x":0,"y":0},"originalSize":{"width":550,"height":306},"rotated":false,"capInsets":[0,0,0,0],"texture":"c831FZkF5FD4ZhFRaNKio1@6c48a"}},{"__type__":"cc.SpriteFrame","content":{"name":"3@2x","rect":{"x":0,"y":2,"width":32,"height":32},"offset":{"x":0,"y":-1},"originalSize":{"width":32,"height":34},"rotated":false,"capInsets":[0,0,0,0],"texture":"cbsEmPv2pGm7RtvGuKO4ky@6c48a"}}]
