[{"__type__":"cc.Prefab","data":{"__id__":1}},{"__type__":"cc.Node","_name":"Dialog","_children":[{"__id__":2},{"__id__":3}],"_components":[{"__type__":"cc.UITransform","node":{"__id__":1},"_contentSize":{"__type__":"cc.Size","width":375,"height":812}},{"__type__":"cc.Widget","_name":"RulesDialog<Widget>","node":{"__id__":1},"_alignFlags":45,"_originalWidth":100,"_originalHeight":100,"_alignMode":1},{"__type__":"cc.BlockInputEvents","node":{"__id__":1}}],"_prefab":{"__type__":"cc.PrefabInfo","root":{"__id__":1},"asset":{"__id__":0},"fileId":"fbl4hHhDhGhpD0JBx40t7s","_synced":{"default":false,"serializable":false}},"_layer":33554432},{"__type__":"cc.Node","_name":"maskBg","_parent":{"__id__":1},"_components":[{"__type__":"cc.UITransform","node":{"__id__":2},"_contentSize":{"__type__":"cc.Size","width":375,"height":812}},{"__type__":"cc.Sprite","node":{"__id__":2},"_color":{"__type__":"cc.Color","a":100},"_spriteFrame":{"__uuid__":"6fkl6VpxhEdpqawV6+t60C@f9941"},"_sizeMode":0},{"__type__":"cc.Widget","_name":"maskBg<Widget>","node":{"__id__":2},"_alignFlags":45,"_originalWidth":464,"_originalHeight":300}],"_prefab":{"__type__":"cc.PrefabInfo","root":{"__id__":1},"asset":{"__id__":0},"fileId":"f8goZLcGFA04d4njHTq1jC","_synced":{"default":false,"serializable":false}},"_layer":33554432},{"__type__":"cc.Node","_name":"background","_parent":{"__id__":1},"_children":[{"__id__":4},{"__id__":6},{"__id__":8},{"__id__":9}],"_components":[{"__type__":"cc.UITransform","node":{"__id__":3},"_contentSize":{"__type__":"cc.Size","width":640,"height":540}},{"__type__":"cc.Sprite","node":{"__id__":3},"_spriteFrame":{"__uuid__":"5b+vC+HXBAgJghjc0As3nf@f9941"},"_type":1,"_sizeMode":0},{"__type__":"cc.Widget","_name":"Sprite<Widget>","node":{"__id__":3},"_alignFlags":18}],"_prefab":{"__type__":"cc.PrefabInfo","root":{"__id__":1},"asset":{"__id__":0},"fileId":"5am2fgJ9lHDrleIZQU03B7","_synced":{"default":false,"serializable":false}},"_lscale":{"__type__":"cc.Vec3","x":0.5,"y":0.5,"z":1},"_layer":33554432},{"__type__":"cc.Node","_name":"yes","_parent":{"__id__":3},"_children":[{"__id__":5}],"_components":[{"__type__":"cc.UITransform","node":{"__id__":4},"_contentSize":{"__type__":"cc.Size","width":280,"height":88}},{"__type__":"cc.Sprite","node":{"__id__":4},"_spriteFrame":{"__uuid__":"2eyJ97g0ZEQaaUdXp0v9K+@f9941"},"_type":1,"_sizeMode":0},{"__type__":"cc.Widget","_name":"yes<Widget>","node":{"__id__":4},"_alignFlags":36,"_right":0.03,"_bottom":30,"_isAbsRight":false},{"__type__":"cc.Button","node":{"__id__":4},"_transition":3,"_normalSprite":{"__uuid__":"2eyJ97g0ZEQaaUdXp0v9K+@f9941"},"_zoomScale":0.9,"_target":{"__id__":4}}],"_prefab":{"__type__":"cc.PrefabInfo","root":{"__id__":1},"asset":{"__id__":0},"fileId":"86ml6gmIVD3pqMSytNFly6","_synced":{"default":false,"serializable":false}},"_lpos":{"__type__":"cc.Vec3","x":160.8,"y":-196},"_layer":33554432},{"__type__":"cc.Node","_name":"Label","_parent":{"__id__":4},"_components":[{"__type__":"cc.UITransform","node":{"__id__":5},"_contentSize":{"__type__":"cc.Size","width":128,"height":50.4}},{"__type__":"cc.Label","node":{"__id__":5},"_string":"继续游戏","_actualFontSize":32,"_fontSize":32}],"_prefab":{"__type__":"cc.PrefabInfo","root":{"__id__":1},"asset":{"__id__":0},"fileId":"d35QtDwFlIW7Cqn6TieOR9","_synced":{"default":false,"serializable":false}},"_layer":33554432},{"__type__":"cc.Node","_name":"no","_parent":{"__id__":3},"_children":[{"__id__":7}],"_components":[{"__type__":"cc.UITransform","node":{"__id__":6},"_contentSize":{"__type__":"cc.Size","width":280,"height":88}},{"__type__":"cc.Sprite","node":{"__id__":6},"_color":{"__type__":"cc.Color","r":243,"g":233,"b":237},"_spriteFrame":{"__uuid__":"b1Z646Z75Hl4UuALBiFdiT@f9941"},"_type":1,"_sizeMode":0},{"__type__":"cc.Widget","_name":"no<Widget>","node":{"__id__":6},"_alignFlags":12,"_left":0.03,"_bottom":30,"_isAbsLeft":false},{"__type__":"cc.Button","node":{"__id__":6},"_transition":3,"_normalSprite":{"__uuid__":"b1Z646Z75Hl4UuALBiFdiT@f9941"},"_zoomScale":0.9,"_target":{"__id__":6}}],"_prefab":{"__type__":"cc.PrefabInfo","root":{"__id__":1},"asset":{"__id__":0},"fileId":"3au3ZLPUpE+rWjZMx2Jo2b","_synced":{"default":false,"serializable":false}},"_lpos":{"__type__":"cc.Vec3","x":-160.8,"y":-196},"_layer":33554432},{"__type__":"cc.Node","_name":"Label","_parent":{"__id__":6},"_components":[{"__type__":"cc.UITransform","node":{"__id__":7},"_contentSize":{"__type__":"cc.Size","width":256,"height":88.2}},{"__type__":"cc.Label","node":{"__id__":7},"_color":{"__type__":"cc.Color","r":253,"g":83,"b":110},"_string":"继续游戏","_actualFontSize":64,"_fontSize":64,"_lineHeight":70}],"_prefab":{"__type__":"cc.PrefabInfo","root":{"__id__":1},"asset":{"__id__":0},"fileId":"b7UWcy4VdB/Z5rNbQiGkac","_synced":{"default":false,"serializable":false}},"_lscale":{"__type__":"cc.Vec3","x":0.5,"y":0.5,"z":1},"_layer":33554432},{"__type__":"cc.Node","_name":"tip","_parent":{"__id__":3},"_components":[{"__type__":"cc.UITransform","node":{"__id__":8},"_contentSize":{"__type__":"cc.Size","width":64,"height":50.4}},{"__type__":"cc.Label","node":{"__id__":8},"_color":{"__type__":"cc.Color","r":210,"g":107},"_string":"提示","_horizontalAlign":0,"_actualFontSize":32,"_fontSize":32}],"_prefab":{"__type__":"cc.PrefabInfo","root":{"__id__":1},"asset":{"__id__":0},"fileId":"fcwWmx0M5H0rWrCfYDTKSk","_synced":{"default":false,"serializable":false}},"_lpos":{"__type__":"cc.Vec3","y":208.81},"_layer":33554432},{"__type__":"cc.Node","_name":"content","_parent":{"__id__":3},"_components":[{"__type__":"cc.UITransform","node":{"__id__":9},"_contentSize":{"__type__":"cc.Size","width":520,"height":50.4}},{"__type__":"cc.Label","node":{"__id__":9},"_color":{"__type__":"cc.Color","r":102,"g":102,"b":102},"_string":"恢复上次\"双人跳一跳\"游戏么","_actualFontSize":28,"_fontSize":28,"_overflow":3},{"__type__":"cc.Widget","_name":"content<Widget>","node":{"__id__":9},"_alignFlags":40,"_left":60,"_right":60,"_originalWidth":500}],"_prefab":{"__type__":"cc.PrefabInfo","root":{"__id__":1},"asset":{"__id__":0},"fileId":"4btbW60cdAN5UkNLOX/BvN","_synced":{"default":false,"serializable":false}},"_lpos":{"__type__":"cc.Vec3","y":51.074},"_layer":33554432}]
