{"imports":{"cc.audio":"./../cocos3d-js/cc.audio.js","cc.base":"./../cocos3d-js/cc.base.js","cc.gfx-webgl":"./../cocos3d-js/cc.gfx-webgl.js","cc.gfx-webgl2":"./../cocos3d-js/cc.gfx-webgl2.js","cc.particle":"./../cocos3d-js/cc.particle.js","cc.physics-ammo":"./../cocos3d-js/cc.physics-ammo.js","cc.physics-builtin":"./../cocos3d-js/cc.physics-builtin.js","cc.physics-cannon":"./../cocos3d-js/cc.physics-cannon.js","cc.physics-framework":"./../cocos3d-js/cc.physics-framework.js","cc.terrain":"./../cocos3d-js/cc.terrain.js","cc.tween":"./../cocos3d-js/cc.tween.js","cc.ui":"./../cocos3d-js/cc.ui.js","cc.wait-for-ammo-instantiation":"./../cocos3d-js/cc.wait-for-ammo-instantiation.js","cc":"./../cocos3d-js/cc.js"}}