[{"__type__":"cc.Prefab","data":{"__id__":1}},{"__type__":"cc.Node","_name":"MatchingBoard","_children":[{"__id__":2},{"__id__":4},{"__id__":13},{"__id__":16},{"__id__":40},{"__id__":45},{"__id__":73},{"__id__":74}],"_components":[{"__type__":"cc.UITransform","node":{"__id__":1},"_contentSize":{"__type__":"cc.Size","width":375,"height":812}},{"__type__":"cc.Widget","_name":"StartBoard<Widget>","node":{"__id__":1},"_alignFlags":45,"_originalWidth":100,"_originalHeight":100}],"_prefab":{"__type__":"cc.PrefabInfo","root":{"__id__":1},"asset":{"__id__":0},"fileId":"6fU+pwS31C2JNTfg4xZnOt","_synced":{"default":false,"serializable":false}},"_layer":33554432},{"__type__":"cc.Node","_name":"Background","_parent":{"__id__":1},"_children":[{"__id__":3}],"_components":[{"__type__":"cc.UITransform","node":{"__id__":2},"_contentSize":{"__type__":"cc.Size","width":375,"height":812}},{"__type__":"cc.Sprite","node":{"__id__":2},"_spriteFrame":{"__uuid__":"9a6dOOaARDyo28ozsNjlq3@f9941"},"_sizeMode":0,"_isTrimmedMode":false},{"__type__":"cc.Widget","_name":"Background<Widget>","node":{"__id__":2},"_alignFlags":45,"_originalWidth":379.155,"_originalHeight":828.467}],"_prefab":{"__type__":"cc.PrefabInfo","root":{"__id__":1},"asset":{"__id__":0},"fileId":"0bCHkg035KE59ZMLwVyNHT","_synced":{"default":false,"serializable":false}},"_layer":33554432},{"__type__":"cc.Node","_name":"Sprite","_parent":{"__id__":2},"_components":[{"__type__":"cc.UITransform","node":{"__id__":3},"_contentSize":{"__type__":"cc.Size","width":360,"height":180}},{"__type__":"cc.Sprite","node":{"__id__":3},"_spriteFrame":{"__uuid__":"af7OA+HjdHxY3KRoP7CoRN@f9941"},"_sizeMode":0},{"__type__":"cc.Widget","_name":"Sprite<Widget>","node":{"__id__":3},"_alignFlags":4}],"_prefab":{"__type__":"cc.PrefabInfo","root":{"__id__":1},"asset":{"__id__":0},"fileId":"b8NSRvjGlPOIDhNLqUyW6m","_synced":{"default":false,"serializable":false}},"_lpos":{"__type__":"cc.Vec3","y":-316},"_layer":33554432},{"__type__":"cc.Node","_name":"circle","_parent":{"__id__":1},"_children":[{"__id__":5},{"__id__":7},{"__id__":9},{"__id__":10},{"__id__":11},{"__id__":12}],"_active":false,"_components":[{"__type__":"cc.UITransform","node":{"__id__":4},"_contentSize":{"__type__":"cc.Size","width":700,"height":300}},{"__type__":"cc.Sprite","node":{"__id__":4},"_spriteFrame":{"__uuid__":"fcAqWcyiBLK5mIqFHtSslS@f9941"},"_sizeMode":0},{"__type__":"cc.Widget","_name":"circle<Widget>","node":{"__id__":4},"_alignFlags":18,"_verticalCenter":40},{"__type__":"cc.Animation","node":{"__id__":4},"_clips":[{"__uuid__":"e1W+DY+CBF4JmbCicmcW5A"}],"_defaultClip":{"__uuid__":"e1W+DY+CBF4JmbCicmcW5A"}}],"_prefab":{"__type__":"cc.PrefabInfo","root":{"__id__":1},"asset":{"__id__":0},"fileId":"81hmm9IlxGjZP/xth4Ke7i","_synced":{"default":false,"serializable":false}},"_lpos":{"__type__":"cc.Vec3","y":40},"_layer":33554432},{"__type__":"cc.Node","_name":"Sprite","_parent":{"__id__":4},"_children":[{"__id__":6}],"_active":false,"_components":[{"__type__":"cc.UITransform","node":{"__id__":5},"_contentSize":{"__type__":"cc.Size","width":250,"height":108}},{"__type__":"cc.Sprite","node":{"__id__":5},"_spriteFrame":{"__uuid__":"a4RYDawotJ6q3X+CUzOxOV@f9941"},"_type":1,"_sizeMode":0}],"_prefab":{"__type__":"cc.PrefabInfo","root":{"__id__":1},"asset":{"__id__":0},"fileId":"ccTF6lf2FM7oWj6lWt21ve","_synced":{"default":false,"serializable":false}},"_lpos":{"__type__":"cc.Vec3","x":-324.97},"_lrot":{"__type__":"cc.Quat","z":-0.7071067811865475,"w":0.7071067811865476},"_lscale":{"__type__":"cc.Vec3","x":0.57,"y":0.57,"z":1},"_layer":33554432,"_euler":{"__type__":"cc.Vec3","z":-90}},{"__type__":"cc.Node","_name":"Label","_parent":{"__id__":5},"_components":[{"__type__":"cc.UITransform","node":{"__id__":6},"_contentSize":{"__type__":"cc.Size","width":100,"height":75.6}},{"__type__":"cc.Label","node":{"__id__":6},"_string":"红方","_actualFontSize":50,"_fontSize":50,"_lineHeight":60}],"_prefab":{"__type__":"cc.PrefabInfo","root":{"__id__":1},"asset":{"__id__":0},"fileId":"727XOaJAJJU6R8xcoV1qRX","_synced":{"default":false,"serializable":false}},"_layer":33554432},{"__type__":"cc.Node","_name":"Sprite2","_parent":{"__id__":4},"_children":[{"__id__":8}],"_active":false,"_components":[{"__type__":"cc.UITransform","node":{"__id__":7},"_contentSize":{"__type__":"cc.Size","width":250,"height":108}},{"__type__":"cc.Sprite","node":{"__id__":7},"_spriteFrame":{"__uuid__":"b8fsc+HZFATasinRotQM1J@f9941"},"_type":1,"_sizeMode":0}],"_prefab":{"__type__":"cc.PrefabInfo","root":{"__id__":1},"asset":{"__id__":0},"fileId":"71ImZRAx9DPppJYBNDpCWS","_synced":{"default":false,"serializable":false}},"_lpos":{"__type__":"cc.Vec3","x":63.599999999999994},"_lrot":{"__type__":"cc.Quat","z":-0.7071067811865475,"w":0.7071067811865476},"_lscale":{"__type__":"cc.Vec3","x":0.57,"y":0.57,"z":1},"_layer":33554432,"_euler":{"__type__":"cc.Vec3","z":-90}},{"__type__":"cc.Node","_name":"Label","_parent":{"__id__":7},"_components":[{"__type__":"cc.UITransform","node":{"__id__":8},"_contentSize":{"__type__":"cc.Size","width":100,"height":75.6}},{"__type__":"cc.Label","node":{"__id__":8},"_string":"蓝方","_actualFontSize":50,"_fontSize":50,"_lineHeight":60}],"_prefab":{"__type__":"cc.PrefabInfo","root":{"__id__":1},"asset":{"__id__":0},"fileId":"b8xfBIt/RNepQjJ27HeiX7","_synced":{"default":false,"serializable":false}},"_layer":33554432},{"__type__":"cc.Node","_name":"red","_parent":{"__id__":4},"_components":[{"__type__":"cc.UITransform","node":{"__id__":9},"_contentSize":{"__type__":"cc.Size","width":578,"height":554}},{"__type__":"cc.Sprite","node":{"__id__":9},"_spriteFrame":{"__uuid__":"9b2/U3JL5DL6wIYLe74pxX@f9941"}},{"__type__":"cc.Widget","_name":"red<Widget>","node":{"__id__":9},"_alignFlags":10,"_left":-20},{"__type__":"cc.Animation","node":{"__id__":9},"playOnLoad":true,"_clips":[{"__uuid__":"78u9T3Fw1OmZtfEygXEq8M"}],"_defaultClip":{"__uuid__":"78u9T3Fw1OmZtfEygXEq8M"}}],"_prefab":{"__type__":"cc.PrefabInfo","root":{"__id__":1},"asset":{"__id__":0},"fileId":"70/tnoJ9lN+7sJfLS6W8c+","_synced":{"default":false,"serializable":false}},"_lpos":{"__type__":"cc.Vec3","x":-205.27},"_lscale":{"__type__":"cc.Vec3","x":0.57,"y":0.57,"z":1},"_layer":33554432},{"__type__":"cc.Node","_name":"blue","_parent":{"__id__":4},"_components":[{"__type__":"cc.UITransform","node":{"__id__":10},"_contentSize":{"__type__":"cc.Size","width":560,"height":559}},{"__type__":"cc.Sprite","node":{"__id__":10},"_spriteFrame":{"__uuid__":"8f6RQ7nIFAiZAFfB3xQ7/U@f9941"}},{"__type__":"cc.Widget","_name":"blue<Widget>","node":{"__id__":10},"_alignFlags":34,"_right":-10},{"__type__":"cc.Animation","node":{"__id__":10},"playOnLoad":true,"_clips":[{"__uuid__":"78u9T3Fw1OmZtfEygXEq8M"}],"_defaultClip":{"__uuid__":"78u9T3Fw1OmZtfEygXEq8M"}}],"_prefab":{"__type__":"cc.PrefabInfo","root":{"__id__":1},"asset":{"__id__":0},"fileId":"d3rXXi4VhFp6+Xh9B8mRw3","_synced":{"default":false,"serializable":false}},"_lpos":{"__type__":"cc.Vec3","x":200.4},"_lscale":{"__type__":"cc.Vec3","x":0.57,"y":0.57,"z":1},"_layer":33554432},{"__type__":"cc.Node","_name":"red1","_parent":{"__id__":4},"_components":[{"__type__":"cc.UITransform","node":{"__id__":11},"_contentSize":{"__type__":"cc.Size","width":578,"height":554}},{"__type__":"cc.Sprite","node":{"__id__":11},"_spriteFrame":{"__uuid__":"9b2/U3JL5DL6wIYLe74pxX@f9941"}},{"__type__":"cc.Widget","_name":"red<Widget>","node":{"__id__":11},"_alignFlags":10,"_left":-20},{"__type__":"cc.Animation","node":{"__id__":11},"playOnLoad":true,"_clips":[{"__uuid__":"f47iqDINJIvrrVOO1M9RPE"}],"_defaultClip":{"__uuid__":"f47iqDINJIvrrVOO1M9RPE"}}],"_prefab":{"__type__":"cc.PrefabInfo","root":{"__id__":1},"asset":{"__id__":0},"fileId":"35j3gxuf1MOp+yiGfdiH9p","_synced":{"default":false,"serializable":false}},"_lpos":{"__type__":"cc.Vec3","x":-203.82500000000002},"_lrot":{"__type__":"cc.Quat","z":0.3826834323650898,"w":0.9238795325112867},"_lscale":{"__type__":"cc.Vec3","x":0.575,"y":0.575,"z":1},"_layer":33554432,"_euler":{"__type__":"cc.Vec3","z":45}},{"__type__":"cc.Node","_name":"blue1","_parent":{"__id__":4},"_components":[{"__type__":"cc.UITransform","node":{"__id__":12},"_contentSize":{"__type__":"cc.Size","width":560,"height":559}},{"__type__":"cc.Sprite","node":{"__id__":12},"_spriteFrame":{"__uuid__":"8f6RQ7nIFAiZAFfB3xQ7/U@f9941"}},{"__type__":"cc.Widget","_name":"blue<Widget>","node":{"__id__":12},"_alignFlags":34,"_right":-10},{"__type__":"cc.Animation","node":{"__id__":12},"playOnLoad":true,"_clips":[{"__uuid__":"f47iqDINJIvrrVOO1M9RPE"}],"_defaultClip":{"__uuid__":"f47iqDINJIvrrVOO1M9RPE"}}],"_prefab":{"__type__":"cc.PrefabInfo","root":{"__id__":1},"asset":{"__id__":0},"fileId":"a2qmud1pBJRr9stQwAgLE8","_synced":{"default":false,"serializable":false}},"_lpos":{"__type__":"cc.Vec3","x":203.2},"_lrot":{"__type__":"cc.Quat","z":0.3826834323650898,"w":0.9238795325112867},"_lscale":{"__type__":"cc.Vec3","x":0.56,"y":0.56,"z":1},"_layer":33554432,"_euler":{"__type__":"cc.Vec3","z":45}},{"__type__":"cc.Node","_name":"CancelMatchButton","_parent":{"__id__":1},"_children":[{"__id__":14}],"_components":[{"__type__":"cc.UITransform","node":{"__id__":13},"_contentSize":{"__type__":"cc.Size","width":100,"height":41.572}},{"__type__":"cc.Widget","_name":"CancelMatchButton<Widget>","node":{"__id__":13},"_alignFlags":20,"_bottom":30,"_verticalCenter":-0.1,"_isAbsHorizontalCenter":false,"_isAbsVerticalCenter":false}],"_prefab":{"__type__":"cc.PrefabInfo","root":{"__id__":1},"asset":{"__id__":0},"fileId":"6bcSw00GlMxp1ZMS0CjjDC","_synced":{"default":false,"serializable":false}},"_lpos":{"__type__":"cc.Vec3","y":-355.214},"_layer":33554432},{"__type__":"cc.Node","_name":"Button","_parent":{"__id__":13},"_children":[{"__id__":15}],"_components":[{"__type__":"cc.UITransform","node":{"__id__":14},"_contentSize":{"__type__":"cc.Size","width":280,"height":80}},{"__type__":"cc.Sprite","node":{"__id__":14},"_spriteFrame":{"__uuid__":"2eyJ97g0ZEQaaUdXp0v9K+@f9941"},"_type":1,"_sizeMode":0},{"__type__":"cc.Button","node":{"__id__":14},"clickEvents":[{"__type__":"cc.ClickEvent"}],"_transition":3,"_normalSprite":{"__uuid__":"2eyJ97g0ZEQaaUdXp0v9K+@f9941"},"_hoverSprite":{"__uuid__":"20g1ukYUVPvKWKBRznAKo+@f9941"},"_pressedSprite":{"__uuid__":"54TknWPwVPqJqeCR+Y/Czo@f9941"},"_disabledSprite":{"__uuid__":"95EkngnxZFbYuFpsqVTaFr@f9941"},"_zoomScale":0.9,"_target":{"__id__":14}}],"_prefab":{"__type__":"cc.PrefabInfo","root":{"__id__":1},"asset":{"__id__":0},"fileId":"73x7FzXAdB556yOj71EdT8","_synced":{"default":false,"serializable":false}},"_lscale":{"__type__":"cc.Vec3","x":0.5,"y":0.5,"z":0.5},"_layer":33554432},{"__type__":"cc.Node","_name":"Label","_parent":{"__id__":14},"_components":[{"__type__":"cc.UITransform","node":{"__id__":15},"_contentSize":{"__type__":"cc.Size","width":100,"height":40}},{"__type__":"cc.Label","node":{"__id__":15},"_string":"取消","_actualFontSize":32,"_fontSize":32,"_lineHeight":80,"_overflow":1,"_enableWrapText":false}],"_prefab":{"__type__":"cc.PrefabInfo","root":{"__id__":1},"asset":{"__id__":0},"fileId":"69nhRHilxDZKuigo/LKNNB","_synced":{"default":false,"serializable":false}},"_layer":33554432},{"__type__":"cc.Node","_name":"team1","_parent":{"__id__":1},"_children":[{"__id__":17}],"_components":[{"__type__":"cc.UITransform","node":{"__id__":16},"_contentSize":{"__type__":"cc.Size","width":355,"height":232}},{"__type__":"cc.Layout","node":{"__id__":16},"_resizeMode":1,"_N$layoutType":1,"_spacingX":16},{"__type__":"cc.Widget","_name":"team1<Widget>","node":{"__id__":16},"_alignFlags":42,"_left":20,"_right":20,"_top":20,"_verticalCenter":180,"_originalWidth":100},{"__type__":"cc.Sprite","node":{"__id__":16},"_enabled":false,"_type":1,"_sizeMode":0}],"_prefab":{"__type__":"cc.PrefabInfo","root":{"__id__":1},"asset":{"__id__":0},"fileId":"266hKX4AFFj6A7KjBiZeC/","_synced":{"default":false,"serializable":false}},"_lpos":{"__type__":"cc.Vec3","y":180},"_layer":33554432},{"__type__":"cc.Node","_name":"card","_parent":{"__id__":16},"_children":[{"__id__":18},{"__id__":22},{"__id__":26},{"__id__":33}],"_components":[{"__type__":"cc.UITransform","node":{"__id__":17},"_contentSize":{"__type__":"cc.Size","width":355,"height":260}}],"_prefab":{"__type__":"cc.PrefabInfo","root":{"__id__":1},"asset":{"__id__":0},"fileId":"99jkhQAGFBErglxQSYPMeL","_synced":{"default":false,"serializable":false}},"_layer":33554432},{"__type__":"cc.Node","_name":"Lover","_parent":{"__id__":17},"_children":[{"__id__":19},{"__id__":20},{"__id__":21}],"_active":false,"_components":[{"__type__":"cc.UITransform","node":{"__id__":18}}],"_prefab":{"__type__":"cc.PrefabInfo","root":{"__id__":1},"asset":{"__id__":0},"fileId":"0fhK8DWxtIIabWLOwsVmUt","_synced":{"default":false,"serializable":false}}},{"__type__":"cc.Node","_name":"line1","_parent":{"__id__":18},"_components":[{"__type__":"cc.UITransform","node":{"__id__":19},"_contentSize":{"__type__":"cc.Size","width":60,"height":10}},{"__type__":"cc.Sprite","node":{"__id__":19},"_srcBlendFactor":1,"_color":{"__type__":"cc.Color","r":255,"g":116,"b":137},"_spriteFrame":{"__uuid__":"97ZdprF19KYqLtzHQLxmNb@f9941"},"_sizeMode":0}],"_prefab":{"__type__":"cc.PrefabInfo","root":{"__id__":1},"asset":{"__id__":0},"fileId":"09dGjYSLJCP6dHFNB/W9le","_synced":{"default":false,"serializable":false}},"_lpos":{"__type__":"cc.Vec3","x":-29,"y":18},"_layer":33554432},{"__type__":"cc.Node","_name":"line2","_parent":{"__id__":18},"_components":[{"__type__":"cc.UITransform","node":{"__id__":20},"_contentSize":{"__type__":"cc.Size","width":60,"height":10}},{"__type__":"cc.Sprite","node":{"__id__":20},"_srcBlendFactor":1,"_color":{"__type__":"cc.Color","r":255,"g":116,"b":137},"_spriteFrame":{"__uuid__":"97ZdprF19KYqLtzHQLxmNb@f9941"},"_sizeMode":0}],"_prefab":{"__type__":"cc.PrefabInfo","root":{"__id__":1},"asset":{"__id__":0},"fileId":"b3BMoMqlNNAo3GiPNWjIz4","_synced":{"default":false,"serializable":false}},"_lpos":{"__type__":"cc.Vec3","x":38,"y":18},"_layer":33554432},{"__type__":"cc.Node","_name":"heart","_parent":{"__id__":18},"_components":[{"__type__":"cc.UITransform","node":{"__id__":21},"_contentSize":{"__type__":"cc.Size","width":32,"height":28}},{"__type__":"cc.Sprite","node":{"__id__":21},"_spriteFrame":{"__uuid__":"67PhOreHNE/IT067F+447V@f9941"},"_sizeMode":0}],"_prefab":{"__type__":"cc.PrefabInfo","root":{"__id__":1},"asset":{"__id__":0},"fileId":"10okpZUedO+bKe8/0SEMJR","_synced":{"default":false,"serializable":false}},"_lpos":{"__type__":"cc.Vec3","y":17.317},"_layer":33554432},{"__type__":"cc.Node","_name":"user2_wait","_parent":{"__id__":17},"_children":[{"__id__":23},{"__id__":24}],"_components":[{"__type__":"cc.UITransform","node":{"__id__":22},"_contentSize":{"__type__":"cc.Size","width":160,"height":228}},{"__type__":"cc.Sprite","node":{"__id__":22},"_spriteFrame":{"__uuid__":"9e2bIvDidA656472AI4X8u@f9941"},"_type":1,"_sizeMode":0},{"__type__":"cc.Widget","_name":"user1<Widget>","node":{"__id__":22},"_alignFlags":32,"_right":10}],"_prefab":{"__type__":"cc.PrefabInfo","root":{"__id__":1},"asset":{"__id__":0},"fileId":"2dT9cXAaVHooS/7Kj9Hr8X","_synced":{"default":false,"serializable":false}},"_lpos":{"__type__":"cc.Vec3","x":87.5},"_layer":33554432},{"__type__":"cc.Node","_name":"Label","_parent":{"__id__":22},"_components":[{"__type__":"cc.UITransform","node":{"__id__":23},"_contentSize":{"__type__":"cc.Size","width":116,"height":50.4}},{"__type__":"cc.Label","node":{"__id__":23},"_color":{"__type__":"cc.Color","r":153,"g":153,"b":153},"_string":"正在匹配...","_actualFontSize":24,"_fontSize":24},{"__type__":"cc.Animation","node":{"__id__":23},"playOnLoad":true,"_clips":[{"__uuid__":"25B68h/SdCap8H4GnHwRUy"}],"_defaultClip":{"__uuid__":"25B68h/SdCap8H4GnHwRUy"}}],"_prefab":{"__type__":"cc.PrefabInfo","root":{"__id__":1},"asset":{"__id__":0},"fileId":"86rH9e3GRG0pdciy6f3jSc","_synced":{"default":false,"serializable":false}},"_lpos":{"__type__":"cc.Vec3","y":-38},"_lscale":{"__type__":"cc.Vec3","x":0.5,"y":0.5,"z":1},"_layer":33554432},{"__type__":"cc.Node","_name":"avatarBg","_parent":{"__id__":22},"_children":[{"__id__":25}],"_components":[{"__type__":"cc.UITransform","node":{"__id__":24},"_contentSize":{"__type__":"cc.Size","width":130,"height":130}},{"__type__":"cc.Sprite","node":{"__id__":24},"_spriteFrame":{"__uuid__":"3cPvkJX2xIrJ3GteFrlDJ+@f9941"},"_sizeMode":0}],"_prefab":{"__type__":"cc.PrefabInfo","root":{"__id__":1},"asset":{"__id__":0},"fileId":"demh3bsO9Nf5D2JHPuW7Y5","_synced":{"default":false,"serializable":false}},"_lpos":{"__type__":"cc.Vec3","y":19.444},"_layer":33554432},{"__type__":"cc.Node","_name":"wait","_parent":{"__id__":24},"_components":[{"__type__":"cc.UITransform","node":{"__id__":25},"_contentSize":{"__type__":"cc.Size","width":80,"height":80}},{"__type__":"cc.Sprite","node":{"__id__":25},"_spriteFrame":{"__uuid__":"cdV6/oVJlHHaL6OWvfdpCD@f9941"},"_sizeMode":0}],"_prefab":{"__type__":"cc.PrefabInfo","root":{"__id__":1},"asset":{"__id__":0},"fileId":"05kR0Gsh9EFo8eRR4KHz3p","_synced":{"default":false,"serializable":false}},"_layer":33554432},{"__type__":"cc.Node","_name":"user1","_parent":{"__id__":17},"_children":[{"__id__":27},{"__id__":31}],"_components":[{"__type__":"cc.UITransform","node":{"__id__":26},"_contentSize":{"__type__":"cc.Size","width":160,"height":228}},{"__type__":"cc.Sprite","node":{"__id__":26},"_spriteFrame":{"__uuid__":"9e2bIvDidA656472AI4X8u@f9941"},"_type":1,"_sizeMode":0},{"__type__":"cc.Widget","_name":"user2<Widget>","node":{"__id__":26},"_alignFlags":8,"_left":10}],"_prefab":{"__type__":"cc.PrefabInfo","root":{"__id__":1},"asset":{"__id__":0},"fileId":"55ayMGAHdLkZSX0qQUvEI0","_synced":{"default":false,"serializable":false}},"_lpos":{"__type__":"cc.Vec3","x":-87.5},"_layer":33554432},{"__type__":"cc.Node","_name":"avatarBg","_parent":{"__id__":26},"_children":[{"__id__":28}],"_components":[{"__type__":"cc.UITransform","node":{"__id__":27},"_contentSize":{"__type__":"cc.Size","width":130,"height":130}},{"__type__":"cc.Sprite","node":{"__id__":27},"_materials":[{"__uuid__":"femcRHb0hNMa473b21u7RL"}],"_spriteFrame":{"__uuid__":"3cPvkJX2xIrJ3GteFrlDJ+@f9941"},"_sizeMode":0},{"__type__":"cc.Widget","_name":"avatar<Widget>","node":{"__id__":27},"_alignFlags":18,"_verticalCenter":20}],"_prefab":{"__type__":"cc.PrefabInfo","root":{"__id__":1},"asset":{"__id__":0},"fileId":"e1gUB9tAlI44G8NwFprjag","_synced":{"default":false,"serializable":false}},"_lpos":{"__type__":"cc.Vec3","y":20},"_layer":33554432},{"__type__":"cc.Node","_name":"avatar","_parent":{"__id__":27},"_children":[{"__id__":29},{"__id__":30}],"_components":[{"__type__":"cc.UITransform","node":{"__id__":28},"_contentSize":{"__type__":"cc.Size","width":80,"height":80}},{"__type__":"cc.Sprite","node":{"__id__":28},"_materials":[{"__uuid__":"femcRHb0hNMa473b21u7RL"}],"_spriteFrame":{"__uuid__":"b700qgl01Oz59r+MlGadVq@f9941"},"_sizeMode":0}],"_prefab":{"__type__":"cc.PrefabInfo","root":{"__id__":1},"asset":{"__id__":0},"fileId":"47UPa/xE9HP5+Qb8/5Wb7h","_synced":{"default":false,"serializable":false}},"_layer":33554432},{"__type__":"cc.Node","_name":"isVip","_parent":{"__id__":28},"_active":false,"_components":[{"__type__":"cc.UITransform","node":{"__id__":29},"_contentSize":{"__type__":"cc.Size","width":36,"height":36}},{"__type__":"cc.Sprite","node":{"__id__":29},"_spriteFrame":{"__uuid__":"67UeHEu/FCv7RCHh8Jbt4F@f9941"},"_sizeMode":0},{"__type__":"cc.Widget","_name":"isVip<Widget>","node":{"__id__":29},"_alignFlags":17,"_top":-20}],"_prefab":{"__type__":"cc.PrefabInfo","root":{"__id__":1},"asset":{"__id__":0},"fileId":"5e9ulZKW1CsIk7wx0S25Tc","_synced":{"default":false,"serializable":false}},"_lpos":{"__type__":"cc.Vec3","y":42},"_layer":33554432},{"__type__":"cc.Node","_name":"gender","_parent":{"__id__":28},"_components":[{"__type__":"cc.UITransform","node":{"__id__":30},"_contentSize":{"__type__":"cc.Size","width":48,"height":48}},{"__type__":"cc.Sprite","node":{"__id__":30},"_spriteFrame":{"__uuid__":"e9+aPS0jdJ4IGgpgdNsJgC@f9941"}},{"__type__":"cc.Widget","_name":"gender<Widget>","node":{"__id__":30},"_alignFlags":36,"_right":-10,"_bottom":-6}],"_prefab":{"__type__":"cc.PrefabInfo","root":{"__id__":1},"asset":{"__id__":0},"fileId":"600Q1y++lNf5/KORHAwv3o","_synced":{"default":false,"serializable":false}},"_lpos":{"__type__":"cc.Vec3","x":33.2,"y":-29.200000000000003},"_lscale":{"__type__":"cc.Vec3","x":0.7,"y":0.7,"z":1},"_layer":33554432},{"__type__":"cc.Node","_name":"nickName","_parent":{"__id__":26},"_children":[{"__id__":32}],"_components":[{"__type__":"cc.UITransform","node":{"__id__":31},"_contentSize":{"__type__":"cc.Size","width":8.66,"height":50.4}},{"__type__":"cc.Label","node":{"__id__":31},"_color":{"__type__":"cc.Color","r":51,"g":51,"b":51},"_string":"-","_actualFontSize":26,"_fontSize":26}],"_prefab":{"__type__":"cc.PrefabInfo","root":{"__id__":1},"asset":{"__id__":0},"fileId":"adnAcSFhxD1bT4pkua0zXd","_synced":{"default":false,"serializable":false}},"_lpos":{"__type__":"cc.Vec3","y":-38},"_lscale":{"__type__":"cc.Vec3","x":0.5,"y":0.5,"z":1},"_layer":33554432},{"__type__":"cc.Node","_name":"vip","_parent":{"__id__":31},"_active":false,"_components":[{"__type__":"cc.UITransform","node":{"__id__":32},"_contentSize":{"__type__":"cc.Size","width":46,"height":22}},{"__type__":"cc.Sprite","node":{"__id__":32},"_spriteFrame":{"__uuid__":"8567oGWhVF5rMALnaOpUFP@f9941"}},{"__type__":"cc.Widget","_name":"vip<Widget>","node":{"__id__":32},"_alignFlags":34,"_right":-54,"_horizontalCenter":66,"_verticalCenter":2}],"_prefab":{"__type__":"cc.PrefabInfo","root":{"__id__":1},"asset":{"__id__":0},"fileId":"f2jF7z/7hGoqrEPEMtoqfg","_synced":{"default":false,"serializable":false}},"_lpos":{"__type__":"cc.Vec3","x":70,"y":2},"_layer":33554432},{"__type__":"cc.Node","_name":"user2","_parent":{"__id__":17},"_children":[{"__id__":34},{"__id__":38}],"_active":false,"_components":[{"__type__":"cc.UITransform","node":{"__id__":33},"_contentSize":{"__type__":"cc.Size","width":160,"height":228}},{"__type__":"cc.Sprite","node":{"__id__":33},"_spriteFrame":{"__uuid__":"9e2bIvDidA656472AI4X8u@f9941"},"_type":1,"_sizeMode":0},{"__type__":"cc.Widget","_name":"user2<Widget>","node":{"__id__":33},"_alignFlags":32,"_left":10,"_right":10}],"_prefab":{"__type__":"cc.PrefabInfo","root":{"__id__":1},"asset":{"__id__":0},"fileId":"39ueHMZ6hD7pz1pErOVao/","_synced":{"default":false,"serializable":false}},"_lpos":{"__type__":"cc.Vec3","x":87.5},"_layer":33554432},{"__type__":"cc.Node","_name":"avatarBg","_parent":{"__id__":33},"_children":[{"__id__":35}],"_components":[{"__type__":"cc.UITransform","node":{"__id__":34},"_contentSize":{"__type__":"cc.Size","width":130,"height":130}},{"__type__":"cc.Sprite","node":{"__id__":34},"_materials":[{"__uuid__":"femcRHb0hNMa473b21u7RL"}],"_spriteFrame":{"__uuid__":"3cPvkJX2xIrJ3GteFrlDJ+@f9941"},"_sizeMode":0},{"__type__":"cc.Widget","_name":"avatar<Widget>","node":{"__id__":34},"_alignFlags":18,"_verticalCenter":20}],"_prefab":{"__type__":"cc.PrefabInfo","root":{"__id__":1},"asset":{"__id__":0},"fileId":"8bvjNVFUpMT5PiFbeynmeT","_synced":{"default":false,"serializable":false}},"_lpos":{"__type__":"cc.Vec3","y":20},"_layer":33554432},{"__type__":"cc.Node","_name":"avatar","_parent":{"__id__":34},"_children":[{"__id__":36},{"__id__":37}],"_components":[{"__type__":"cc.UITransform","node":{"__id__":35},"_contentSize":{"__type__":"cc.Size","width":80,"height":80}},{"__type__":"cc.Sprite","node":{"__id__":35},"_materials":[{"__uuid__":"femcRHb0hNMa473b21u7RL"}],"_spriteFrame":{"__uuid__":"b700qgl01Oz59r+MlGadVq@f9941"},"_sizeMode":0}],"_prefab":{"__type__":"cc.PrefabInfo","root":{"__id__":1},"asset":{"__id__":0},"fileId":"90ZeCAt8FP3bBjR0XWCaYe","_synced":{"default":false,"serializable":false}},"_layer":33554432},{"__type__":"cc.Node","_name":"isVip","_parent":{"__id__":35},"_active":false,"_components":[{"__type__":"cc.UITransform","node":{"__id__":36},"_contentSize":{"__type__":"cc.Size","width":36,"height":36}},{"__type__":"cc.Sprite","node":{"__id__":36},"_spriteFrame":{"__uuid__":"67UeHEu/FCv7RCHh8Jbt4F@f9941"},"_sizeMode":0},{"__type__":"cc.Widget","_name":"isVip<Widget>","node":{"__id__":36},"_alignFlags":17,"_top":-20}],"_prefab":{"__type__":"cc.PrefabInfo","root":{"__id__":1},"asset":{"__id__":0},"fileId":"afnKD1Az9M5KsIO2SqxhJj","_synced":{"default":false,"serializable":false}},"_lpos":{"__type__":"cc.Vec3","y":42},"_layer":33554432},{"__type__":"cc.Node","_name":"gender","_parent":{"__id__":35},"_components":[{"__type__":"cc.UITransform","node":{"__id__":37},"_contentSize":{"__type__":"cc.Size","width":48,"height":48}},{"__type__":"cc.Sprite","node":{"__id__":37},"_spriteFrame":{"__uuid__":"e9+aPS0jdJ4IGgpgdNsJgC@f9941"}},{"__type__":"cc.Widget","_name":"gender<Widget>","node":{"__id__":37},"_alignFlags":36,"_right":-10,"_bottom":-6}],"_prefab":{"__type__":"cc.PrefabInfo","root":{"__id__":1},"asset":{"__id__":0},"fileId":"4fPtZHyM9OQZKgRQzwSgVG","_synced":{"default":false,"serializable":false}},"_lpos":{"__type__":"cc.Vec3","x":33.2,"y":-29.200000000000003},"_lscale":{"__type__":"cc.Vec3","x":0.7,"y":0.7,"z":1},"_layer":33554432},{"__type__":"cc.Node","_name":"nickName","_parent":{"__id__":33},"_children":[{"__id__":39}],"_components":[{"__type__":"cc.UITransform","node":{"__id__":38},"_contentSize":{"__type__":"cc.Size","width":78,"height":50.4}},{"__type__":"cc.Label","node":{"__id__":38},"_color":{"__type__":"cc.Color","r":51,"g":51,"b":51},"_string":"-","_actualFontSize":26,"_fontSize":26}],"_prefab":{"__type__":"cc.PrefabInfo","root":{"__id__":1},"asset":{"__id__":0},"fileId":"55fczsmx9IEYh4Yy9lo8Ab","_synced":{"default":false,"serializable":false}},"_lpos":{"__type__":"cc.Vec3","y":-38},"_lscale":{"__type__":"cc.Vec3","x":0.5,"y":0.5,"z":1},"_layer":33554432},{"__type__":"cc.Node","_name":"vip","_parent":{"__id__":38},"_active":false,"_components":[{"__type__":"cc.UITransform","node":{"__id__":39},"_contentSize":{"__type__":"cc.Size","width":46,"height":22}},{"__type__":"cc.Sprite","node":{"__id__":39},"_spriteFrame":{"__uuid__":"8567oGWhVF5rMALnaOpUFP@f9941"}},{"__type__":"cc.Widget","_name":"vip<Widget>","node":{"__id__":39},"_alignFlags":34,"_right":-54,"_horizontalCenter":66,"_verticalCenter":2}],"_prefab":{"__type__":"cc.PrefabInfo","root":{"__id__":1},"asset":{"__id__":0},"fileId":"34Ri+pVV9M15EJhpYIg+Ov","_synced":{"default":false,"serializable":false}},"_lpos":{"__type__":"cc.Vec3","x":70,"y":2},"_layer":33554432},{"__type__":"cc.Node","_name":"guide","_parent":{"__id__":1},"_children":[{"__id__":41},{"__id__":42},{"__id__":43}],"_components":[{"__type__":"cc.UITransform","node":{"__id__":40},"_contentSize":{"__type__":"cc.Size","width":335,"height":50.4}},{"__type__":"cc.Widget","_name":"guide<Widget>","node":{"__id__":40},"_alignFlags":42,"_left":20,"_right":20,"_top":393.4,"_verticalCenter":30}],"_prefab":{"__type__":"cc.PrefabInfo","root":{"__id__":1},"asset":{"__id__":0},"fileId":"ebu322L8VJFZmXLetd1cpO","_synced":{"default":false,"serializable":false}},"_lpos":{"__type__":"cc.Vec3","y":30},"_layer":33554432},{"__type__":"cc.Node","_name":"background","_parent":{"__id__":40},"_components":[{"__type__":"cc.UITransform","node":{"__id__":41},"_contentSize":{"__type__":"cc.Size","width":670,"height":70}},{"__type__":"cc.Sprite","node":{"__id__":41},"_spriteFrame":{"__uuid__":"03z8QndxhHMIdfKqJAI38H@f9941"},"_type":1,"_sizeMode":0},{"__type__":"cc.Widget","_name":"background<Widget>","node":{"__id__":41},"_alignFlags":40,"_originalWidth":400}],"_prefab":{"__type__":"cc.PrefabInfo","root":{"__id__":1},"asset":{"__id__":0},"fileId":"f68AtCSchGo6afGcqc5FZr","_synced":{"default":false,"serializable":false}},"_lscale":{"__type__":"cc.Vec3","x":0.5,"y":0.5,"z":1},"_layer":33554432},{"__type__":"cc.Node","_name":"Label","_parent":{"__id__":40},"_components":[{"__type__":"cc.UITransform","node":{"__id__":42},"_contentSize":{"__type__":"cc.Size","width":238.28,"height":50.4}},{"__type__":"cc.Label","node":{"__id__":42},"_string":"正在匹配 (00:00)","_actualFontSize":32,"_fontSize":32}],"_prefab":{"__type__":"cc.PrefabInfo","root":{"__id__":1},"asset":{"__id__":0},"fileId":"e3wgYLp0pFeo3NKHzGSFmX","_synced":{"default":false,"serializable":false}},"_lpos":{"__type__":"cc.Vec3","x":-16.759},"_lscale":{"__type__":"cc.Vec3","x":0.5,"y":0.5,"z":1},"_layer":33554432},{"__type__":"cc.Node","_name":"load","_parent":{"__id__":40},"_children":[{"__id__":44}],"_components":[{"__type__":"cc.UITransform","node":{"__id__":43},"_contentSize":{"__type__":"cc.Size","width":70,"height":26}},{"__type__":"cc.Sprite","node":{"__id__":43},"_spriteFrame":{"__uuid__":"0ceLdJwI9Ex4uYSrhBd2Hs@f9941"}},{"__type__":"cc.Animation","node":{"__id__":43},"playOnLoad":true,"_clips":[{"__uuid__":"0bsE8Lvo9GZJssL4qQEXLz"}],"_defaultClip":{"__uuid__":"0bsE8Lvo9GZJssL4qQEXLz"}}],"_prefab":{"__type__":"cc.PrefabInfo","root":{"__id__":1},"asset":{"__id__":0},"fileId":"95xqQAEs5FN4FeXs4nC59i","_synced":{"default":false,"serializable":false}},"_lpos":{"__type__":"cc.Vec3","x":-120},"_lscale":{"__type__":"cc.Vec3","x":0.8,"y":0.8,"z":1},"_layer":33554432},{"__type__":"cc.Node","_name":"red","_parent":{"__id__":43},"_components":[{"__type__":"cc.UITransform","node":{"__id__":44},"_contentSize":{"__type__":"cc.Size","width":26,"height":26}},{"__type__":"cc.Sprite","node":{"__id__":44},"_spriteFrame":{"__uuid__":"4b70O3KttILYn4Wf+LIjZa@f9941"}}],"_prefab":{"__type__":"cc.PrefabInfo","root":{"__id__":1},"asset":{"__id__":0},"fileId":"d8t+Gf8zFCUp52KUq0BoZZ","_synced":{"default":false,"serializable":false}},"_lpos":{"__type__":"cc.Vec3","x":-23},"_layer":33554432},{"__type__":"cc.Node","_name":"team2","_parent":{"__id__":1},"_children":[{"__id__":46}],"_components":[{"__type__":"cc.UITransform","node":{"__id__":45},"_contentSize":{"__type__":"cc.Size","width":355,"height":232}},{"__type__":"cc.Layout","node":{"__id__":45},"_resizeMode":1,"_N$layoutType":1,"_spacingX":16},{"__type__":"cc.Widget","_name":"team1<Widget>","node":{"__id__":45},"_alignFlags":42,"_left":20,"_right":20,"_top":330,"_verticalCenter":-120,"_originalWidth":100},{"__type__":"cc.Sprite","node":{"__id__":45},"_type":1,"_sizeMode":0}],"_prefab":{"__type__":"cc.PrefabInfo","root":{"__id__":1},"asset":{"__id__":0},"fileId":"66XwbLcq1JrIgc76gCeQRN","_synced":{"default":false,"serializable":false}},"_lpos":{"__type__":"cc.Vec3","y":-120},"_layer":33554432},{"__type__":"cc.Node","_name":"card","_parent":{"__id__":45},"_children":[{"__id__":47},{"__id__":51},{"__id__":55},{"__id__":59},{"__id__":66}],"_components":[{"__type__":"cc.UITransform","node":{"__id__":46},"_contentSize":{"__type__":"cc.Size","width":355,"height":260}}],"_prefab":{"__type__":"cc.PrefabInfo","root":{"__id__":1},"asset":{"__id__":0},"fileId":"08WfveCjlFdquqpSREX1vn","_synced":{"default":false,"serializable":false}},"_layer":33554432},{"__type__":"cc.Node","_name":"Lover","_parent":{"__id__":46},"_children":[{"__id__":48},{"__id__":49},{"__id__":50}],"_active":false,"_components":[{"__type__":"cc.UITransform","node":{"__id__":47}}],"_prefab":{"__type__":"cc.PrefabInfo","root":{"__id__":1},"asset":{"__id__":0},"fileId":"5dCSW40rFLUIE5nldwyNbR","_synced":{"default":false,"serializable":false}}},{"__type__":"cc.Node","_name":"line1","_parent":{"__id__":47},"_components":[{"__type__":"cc.UITransform","node":{"__id__":48},"_contentSize":{"__type__":"cc.Size","width":60,"height":10}},{"__type__":"cc.Sprite","node":{"__id__":48},"_srcBlendFactor":1,"_color":{"__type__":"cc.Color","r":255,"g":116,"b":137},"_spriteFrame":{"__uuid__":"97ZdprF19KYqLtzHQLxmNb@f9941"},"_sizeMode":0}],"_prefab":{"__type__":"cc.PrefabInfo","root":{"__id__":1},"asset":{"__id__":0},"fileId":"c6pKQPB39FjYrW2kCjpvId","_synced":{"default":false,"serializable":false}},"_lpos":{"__type__":"cc.Vec3","x":-29,"y":18},"_layer":33554432},{"__type__":"cc.Node","_name":"line2","_parent":{"__id__":47},"_components":[{"__type__":"cc.UITransform","node":{"__id__":49},"_contentSize":{"__type__":"cc.Size","width":60,"height":10}},{"__type__":"cc.Sprite","node":{"__id__":49},"_srcBlendFactor":1,"_color":{"__type__":"cc.Color","r":255,"g":116,"b":137},"_spriteFrame":{"__uuid__":"97ZdprF19KYqLtzHQLxmNb@f9941"},"_sizeMode":0}],"_prefab":{"__type__":"cc.PrefabInfo","root":{"__id__":1},"asset":{"__id__":0},"fileId":"b9HuXXItFGvKCswYgJL1Um","_synced":{"default":false,"serializable":false}},"_lpos":{"__type__":"cc.Vec3","x":38,"y":18},"_layer":33554432},{"__type__":"cc.Node","_name":"heart","_parent":{"__id__":47},"_components":[{"__type__":"cc.UITransform","node":{"__id__":50},"_contentSize":{"__type__":"cc.Size","width":32,"height":28}},{"__type__":"cc.Sprite","node":{"__id__":50},"_spriteFrame":{"__uuid__":"67PhOreHNE/IT067F+447V@f9941"},"_sizeMode":0}],"_prefab":{"__type__":"cc.PrefabInfo","root":{"__id__":1},"asset":{"__id__":0},"fileId":"7bDqQh5CBIJZ7DMlgMP6za","_synced":{"default":false,"serializable":false}},"_lpos":{"__type__":"cc.Vec3","y":17.317},"_layer":33554432},{"__type__":"cc.Node","_name":"user2_wait","_parent":{"__id__":46},"_children":[{"__id__":52},{"__id__":53}],"_components":[{"__type__":"cc.UITransform","node":{"__id__":51},"_contentSize":{"__type__":"cc.Size","width":160,"height":228}},{"__type__":"cc.Sprite","node":{"__id__":51},"_spriteFrame":{"__uuid__":"9e2bIvDidA656472AI4X8u@f9941"},"_type":1,"_sizeMode":0},{"__type__":"cc.Widget","_name":"user1<Widget>","node":{"__id__":51},"_alignFlags":32,"_right":10}],"_prefab":{"__type__":"cc.PrefabInfo","root":{"__id__":1},"asset":{"__id__":0},"fileId":"9eFSSOoxZNOJqD15UysbdR","_synced":{"default":false,"serializable":false}},"_lpos":{"__type__":"cc.Vec3","x":87.5},"_layer":33554432},{"__type__":"cc.Node","_name":"Label","_parent":{"__id__":51},"_components":[{"__type__":"cc.UITransform","node":{"__id__":52},"_contentSize":{"__type__":"cc.Size","width":116,"height":50.4}},{"__type__":"cc.Label","node":{"__id__":52},"_color":{"__type__":"cc.Color","r":153,"g":153,"b":153},"_string":"正在匹配...","_actualFontSize":24,"_fontSize":24},{"__type__":"cc.Animation","node":{"__id__":52},"playOnLoad":true,"_clips":[{"__uuid__":"25B68h/SdCap8H4GnHwRUy"}],"_defaultClip":{"__uuid__":"25B68h/SdCap8H4GnHwRUy"}}],"_prefab":{"__type__":"cc.PrefabInfo","root":{"__id__":1},"asset":{"__id__":0},"fileId":"deiHaI15lLpqHLxpPwWbMG","_synced":{"default":false,"serializable":false}},"_lpos":{"__type__":"cc.Vec3","y":-38},"_lscale":{"__type__":"cc.Vec3","x":0.5,"y":0.5,"z":1},"_layer":33554432},{"__type__":"cc.Node","_name":"avatarBg","_parent":{"__id__":51},"_children":[{"__id__":54}],"_components":[{"__type__":"cc.UITransform","node":{"__id__":53},"_contentSize":{"__type__":"cc.Size","width":130,"height":130}},{"__type__":"cc.Sprite","node":{"__id__":53},"_spriteFrame":{"__uuid__":"3cPvkJX2xIrJ3GteFrlDJ+@f9941"},"_sizeMode":0}],"_prefab":{"__type__":"cc.PrefabInfo","root":{"__id__":1},"asset":{"__id__":0},"fileId":"62Wn9h6gpGBo95UvlFMd+I","_synced":{"default":false,"serializable":false}},"_lpos":{"__type__":"cc.Vec3","y":19.444},"_layer":33554432},{"__type__":"cc.Node","_name":"wait","_parent":{"__id__":53},"_components":[{"__type__":"cc.UITransform","node":{"__id__":54},"_contentSize":{"__type__":"cc.Size","width":80,"height":80}},{"__type__":"cc.Sprite","node":{"__id__":54},"_spriteFrame":{"__uuid__":"cdV6/oVJlHHaL6OWvfdpCD@f9941"},"_sizeMode":0}],"_prefab":{"__type__":"cc.PrefabInfo","root":{"__id__":1},"asset":{"__id__":0},"fileId":"99FX2nRFZBjJsVafSxrwx5","_synced":{"default":false,"serializable":false}},"_layer":33554432},{"__type__":"cc.Node","_name":"user1_wait","_parent":{"__id__":46},"_children":[{"__id__":56},{"__id__":57}],"_components":[{"__type__":"cc.UITransform","node":{"__id__":55},"_contentSize":{"__type__":"cc.Size","width":160,"height":228}},{"__type__":"cc.Sprite","node":{"__id__":55},"_spriteFrame":{"__uuid__":"9e2bIvDidA656472AI4X8u@f9941"},"_type":1,"_sizeMode":0},{"__type__":"cc.Widget","_name":"user1<Widget>","node":{"__id__":55},"_alignFlags":10,"_left":10,"_right":10,"_originalWidth":160}],"_prefab":{"__type__":"cc.PrefabInfo","root":{"__id__":1},"asset":{"__id__":0},"fileId":"a2hCOguehG4KDQ/NEj8vNS","_synced":{"default":false,"serializable":false}},"_lpos":{"__type__":"cc.Vec3","x":-87.5},"_layer":33554432},{"__type__":"cc.Node","_name":"Label","_parent":{"__id__":55},"_components":[{"__type__":"cc.UITransform","node":{"__id__":56},"_contentSize":{"__type__":"cc.Size","width":116,"height":50.4}},{"__type__":"cc.Label","node":{"__id__":56},"_color":{"__type__":"cc.Color","r":153,"g":153,"b":153},"_string":"正在匹配...","_actualFontSize":24,"_fontSize":24},{"__type__":"cc.Animation","node":{"__id__":56},"playOnLoad":true,"_clips":[{"__uuid__":"25B68h/SdCap8H4GnHwRUy"}],"_defaultClip":{"__uuid__":"25B68h/SdCap8H4GnHwRUy"}}],"_prefab":{"__type__":"cc.PrefabInfo","root":{"__id__":1},"asset":{"__id__":0},"fileId":"578usk2fZEVIj2wmtisy86","_synced":{"default":false,"serializable":false}},"_lpos":{"__type__":"cc.Vec3","y":-38},"_lscale":{"__type__":"cc.Vec3","x":0.5,"y":0.5,"z":1},"_layer":33554432},{"__type__":"cc.Node","_name":"avatarBg","_parent":{"__id__":55},"_children":[{"__id__":58}],"_components":[{"__type__":"cc.UITransform","node":{"__id__":57},"_contentSize":{"__type__":"cc.Size","width":130,"height":130}},{"__type__":"cc.Sprite","node":{"__id__":57},"_spriteFrame":{"__uuid__":"3cPvkJX2xIrJ3GteFrlDJ+@f9941"},"_sizeMode":0}],"_prefab":{"__type__":"cc.PrefabInfo","root":{"__id__":1},"asset":{"__id__":0},"fileId":"f2opGnq/FPjps+iI3y8Sam","_synced":{"default":false,"serializable":false}},"_lpos":{"__type__":"cc.Vec3","y":19.444},"_layer":33554432},{"__type__":"cc.Node","_name":"wait","_parent":{"__id__":57},"_components":[{"__type__":"cc.UITransform","node":{"__id__":58},"_contentSize":{"__type__":"cc.Size","width":80,"height":80}},{"__type__":"cc.Sprite","node":{"__id__":58},"_spriteFrame":{"__uuid__":"cdV6/oVJlHHaL6OWvfdpCD@f9941"},"_sizeMode":0}],"_prefab":{"__type__":"cc.PrefabInfo","root":{"__id__":1},"asset":{"__id__":0},"fileId":"eamW8i32ZMkrFlCT4a/Wty","_synced":{"default":false,"serializable":false}},"_layer":33554432},{"__type__":"cc.Node","_name":"user1","_parent":{"__id__":46},"_children":[{"__id__":60},{"__id__":64}],"_active":false,"_components":[{"__type__":"cc.UITransform","node":{"__id__":59},"_contentSize":{"__type__":"cc.Size","width":160,"height":228}},{"__type__":"cc.Sprite","node":{"__id__":59},"_spriteFrame":{"__uuid__":"9e2bIvDidA656472AI4X8u@f9941"},"_type":1,"_sizeMode":0},{"__type__":"cc.Widget","_name":"user2<Widget>","node":{"__id__":59},"_alignFlags":8,"_left":10}],"_prefab":{"__type__":"cc.PrefabInfo","root":{"__id__":1},"asset":{"__id__":0},"fileId":"2fNiTg1VlPhbmfSeA0o5Ky","_synced":{"default":false,"serializable":false}},"_lpos":{"__type__":"cc.Vec3","x":-87.5},"_layer":33554432},{"__type__":"cc.Node","_name":"avatarBg","_parent":{"__id__":59},"_children":[{"__id__":61}],"_components":[{"__type__":"cc.UITransform","node":{"__id__":60},"_contentSize":{"__type__":"cc.Size","width":130,"height":130}},{"__type__":"cc.Sprite","node":{"__id__":60},"_materials":[{"__uuid__":"femcRHb0hNMa473b21u7RL"}],"_spriteFrame":{"__uuid__":"3cPvkJX2xIrJ3GteFrlDJ+@f9941"},"_sizeMode":0},{"__type__":"cc.Widget","_name":"avatar<Widget>","node":{"__id__":60},"_alignFlags":18,"_verticalCenter":20}],"_prefab":{"__type__":"cc.PrefabInfo","root":{"__id__":1},"asset":{"__id__":0},"fileId":"c8UGLBRDdILLrSb3fqVsRO","_synced":{"default":false,"serializable":false}},"_lpos":{"__type__":"cc.Vec3","y":20},"_layer":33554432},{"__type__":"cc.Node","_name":"avatar","_parent":{"__id__":60},"_children":[{"__id__":62},{"__id__":63}],"_components":[{"__type__":"cc.UITransform","node":{"__id__":61},"_contentSize":{"__type__":"cc.Size","width":80,"height":80}},{"__type__":"cc.Sprite","node":{"__id__":61},"_materials":[{"__uuid__":"femcRHb0hNMa473b21u7RL"}],"_spriteFrame":{"__uuid__":"b700qgl01Oz59r+MlGadVq@f9941"},"_sizeMode":0}],"_prefab":{"__type__":"cc.PrefabInfo","root":{"__id__":1},"asset":{"__id__":0},"fileId":"f8BDZVnoBMKIjKjc/lD9fy","_synced":{"default":false,"serializable":false}},"_layer":33554432},{"__type__":"cc.Node","_name":"isVip","_parent":{"__id__":61},"_active":false,"_components":[{"__type__":"cc.UITransform","node":{"__id__":62},"_contentSize":{"__type__":"cc.Size","width":36,"height":36}},{"__type__":"cc.Sprite","node":{"__id__":62},"_spriteFrame":{"__uuid__":"67UeHEu/FCv7RCHh8Jbt4F@f9941"},"_sizeMode":0},{"__type__":"cc.Widget","_name":"isVip<Widget>","node":{"__id__":62},"_alignFlags":17,"_top":-22}],"_prefab":{"__type__":"cc.PrefabInfo","root":{"__id__":1},"asset":{"__id__":0},"fileId":"afnKD1Az9M5KsIO2SqxhJj","_synced":{"default":false,"serializable":false}},"_lpos":{"__type__":"cc.Vec3","y":44},"_layer":33554432},{"__type__":"cc.Node","_name":"gender","_parent":{"__id__":61},"_components":[{"__type__":"cc.UITransform","node":{"__id__":63},"_contentSize":{"__type__":"cc.Size","width":48,"height":48}},{"__type__":"cc.Sprite","node":{"__id__":63},"_spriteFrame":{"__uuid__":"e9+aPS0jdJ4IGgpgdNsJgC@f9941"}},{"__type__":"cc.Widget","_name":"gender<Widget>","node":{"__id__":63},"_alignFlags":36,"_right":-10,"_bottom":-6}],"_prefab":{"__type__":"cc.PrefabInfo","root":{"__id__":1},"asset":{"__id__":0},"fileId":"4fPtZHyM9OQZKgRQzwSgVG","_synced":{"default":false,"serializable":false}},"_lpos":{"__type__":"cc.Vec3","x":33.2,"y":-29.200000000000003},"_lscale":{"__type__":"cc.Vec3","x":0.7,"y":0.7,"z":1},"_layer":33554432},{"__type__":"cc.Node","_name":"nickName","_parent":{"__id__":59},"_children":[{"__id__":65}],"_components":[{"__type__":"cc.UITransform","node":{"__id__":64},"_contentSize":{"__type__":"cc.Size","width":8.66,"height":50.4}},{"__type__":"cc.Label","node":{"__id__":64},"_color":{"__type__":"cc.Color","r":51,"g":51,"b":51},"_string":"-","_actualFontSize":26,"_fontSize":26}],"_prefab":{"__type__":"cc.PrefabInfo","root":{"__id__":1},"asset":{"__id__":0},"fileId":"f7PPF4jvhK5ZdAeKf1OlmC","_synced":{"default":false,"serializable":false}},"_lpos":{"__type__":"cc.Vec3","y":-38},"_lscale":{"__type__":"cc.Vec3","x":0.5,"y":0.5,"z":1},"_layer":33554432},{"__type__":"cc.Node","_name":"vip","_parent":{"__id__":64},"_active":false,"_components":[{"__type__":"cc.UITransform","node":{"__id__":65},"_contentSize":{"__type__":"cc.Size","width":46,"height":22}},{"__type__":"cc.Sprite","node":{"__id__":65},"_spriteFrame":{"__uuid__":"8567oGWhVF5rMALnaOpUFP@f9941"}},{"__type__":"cc.Widget","_name":"vip<Widget>","node":{"__id__":65},"_alignFlags":34,"_right":-54,"_horizontalCenter":66,"_verticalCenter":2}],"_prefab":{"__type__":"cc.PrefabInfo","root":{"__id__":1},"asset":{"__id__":0},"fileId":"bbh1vQiZVFrZKeER7XSeso","_synced":{"default":false,"serializable":false}},"_lpos":{"__type__":"cc.Vec3","x":70,"y":2},"_layer":33554432},{"__type__":"cc.Node","_name":"user2","_parent":{"__id__":46},"_children":[{"__id__":67},{"__id__":71}],"_active":false,"_components":[{"__type__":"cc.UITransform","node":{"__id__":66},"_contentSize":{"__type__":"cc.Size","width":160,"height":228}},{"__type__":"cc.Sprite","node":{"__id__":66},"_spriteFrame":{"__uuid__":"9e2bIvDidA656472AI4X8u@f9941"},"_type":1,"_sizeMode":0},{"__type__":"cc.Widget","_name":"user2<Widget>","node":{"__id__":66},"_alignFlags":32,"_left":10,"_right":10}],"_prefab":{"__type__":"cc.PrefabInfo","root":{"__id__":1},"asset":{"__id__":0},"fileId":"f2TlRCNJJHrrGeZP3hVUVv","_synced":{"default":false,"serializable":false}},"_lpos":{"__type__":"cc.Vec3","x":87.5},"_layer":33554432},{"__type__":"cc.Node","_name":"avatarBg","_parent":{"__id__":66},"_children":[{"__id__":68}],"_components":[{"__type__":"cc.UITransform","node":{"__id__":67},"_contentSize":{"__type__":"cc.Size","width":130,"height":130}},{"__type__":"cc.Sprite","node":{"__id__":67},"_materials":[{"__uuid__":"femcRHb0hNMa473b21u7RL"}],"_spriteFrame":{"__uuid__":"3cPvkJX2xIrJ3GteFrlDJ+@f9941"},"_sizeMode":0},{"__type__":"cc.Widget","_name":"avatar<Widget>","node":{"__id__":67},"_alignFlags":18,"_verticalCenter":20}],"_prefab":{"__type__":"cc.PrefabInfo","root":{"__id__":1},"asset":{"__id__":0},"fileId":"eaE1quQPNGZJhjcuNWGp3u","_synced":{"default":false,"serializable":false}},"_lpos":{"__type__":"cc.Vec3","y":20},"_layer":33554432},{"__type__":"cc.Node","_name":"avatar","_parent":{"__id__":67},"_children":[{"__id__":69},{"__id__":70}],"_components":[{"__type__":"cc.UITransform","node":{"__id__":68},"_contentSize":{"__type__":"cc.Size","width":80,"height":80}},{"__type__":"cc.Sprite","node":{"__id__":68},"_materials":[{"__uuid__":"femcRHb0hNMa473b21u7RL"}],"_spriteFrame":{"__uuid__":"b700qgl01Oz59r+MlGadVq@f9941"},"_sizeMode":0}],"_prefab":{"__type__":"cc.PrefabInfo","root":{"__id__":1},"asset":{"__id__":0},"fileId":"17NGgySDpBgbyMUFDboqaS","_synced":{"default":false,"serializable":false}},"_layer":33554432},{"__type__":"cc.Node","_name":"isVip","_parent":{"__id__":68},"_active":false,"_components":[{"__type__":"cc.UITransform","node":{"__id__":69},"_contentSize":{"__type__":"cc.Size","width":36,"height":36}},{"__type__":"cc.Sprite","node":{"__id__":69},"_spriteFrame":{"__uuid__":"67UeHEu/FCv7RCHh8Jbt4F@f9941"},"_sizeMode":0},{"__type__":"cc.Widget","_name":"isVip<Widget>","node":{"__id__":69},"_alignFlags":17,"_top":-22}],"_prefab":{"__type__":"cc.PrefabInfo","root":{"__id__":1},"asset":{"__id__":0},"fileId":"afnKD1Az9M5KsIO2SqxhJj","_synced":{"default":false,"serializable":false}},"_lpos":{"__type__":"cc.Vec3","y":44},"_layer":33554432},{"__type__":"cc.Node","_name":"gender","_parent":{"__id__":68},"_components":[{"__type__":"cc.UITransform","node":{"__id__":70},"_contentSize":{"__type__":"cc.Size","width":48,"height":48}},{"__type__":"cc.Sprite","node":{"__id__":70},"_spriteFrame":{"__uuid__":"e9+aPS0jdJ4IGgpgdNsJgC@f9941"}},{"__type__":"cc.Widget","_name":"gender<Widget>","node":{"__id__":70},"_alignFlags":36,"_right":-10,"_bottom":-6}],"_prefab":{"__type__":"cc.PrefabInfo","root":{"__id__":1},"asset":{"__id__":0},"fileId":"4fPtZHyM9OQZKgRQzwSgVG","_synced":{"default":false,"serializable":false}},"_lpos":{"__type__":"cc.Vec3","x":33.2,"y":-29.200000000000003},"_lscale":{"__type__":"cc.Vec3","x":0.7,"y":0.7,"z":1},"_layer":33554432},{"__type__":"cc.Node","_name":"nickName","_parent":{"__id__":66},"_children":[{"__id__":72}],"_components":[{"__type__":"cc.UITransform","node":{"__id__":71},"_contentSize":{"__type__":"cc.Size","width":8.66,"height":50.4}},{"__type__":"cc.Label","node":{"__id__":71},"_color":{"__type__":"cc.Color","r":51,"g":51,"b":51},"_string":"-","_actualFontSize":26,"_fontSize":26}],"_prefab":{"__type__":"cc.PrefabInfo","root":{"__id__":1},"asset":{"__id__":0},"fileId":"7frqq5S+NEILs/GHGjlLQ+","_synced":{"default":false,"serializable":false}},"_lpos":{"__type__":"cc.Vec3","y":-38},"_lscale":{"__type__":"cc.Vec3","x":0.5,"y":0.5,"z":1},"_layer":33554432},{"__type__":"cc.Node","_name":"vip","_parent":{"__id__":71},"_active":false,"_components":[{"__type__":"cc.UITransform","node":{"__id__":72},"_contentSize":{"__type__":"cc.Size","width":46,"height":22}},{"__type__":"cc.Sprite","node":{"__id__":72},"_spriteFrame":{"__uuid__":"8567oGWhVF5rMALnaOpUFP@f9941"}},{"__type__":"cc.Widget","_name":"vip<Widget>","node":{"__id__":72},"_alignFlags":34,"_right":-54,"_horizontalCenter":66,"_verticalCenter":2}],"_prefab":{"__type__":"cc.PrefabInfo","root":{"__id__":1},"asset":{"__id__":0},"fileId":"bbh1vQiZVFrZKeER7XSeso","_synced":{"default":false,"serializable":false}},"_lpos":{"__type__":"cc.Vec3","x":70,"y":2},"_layer":33554432},{"__type__":"cc.Node","_name":"expectedTime","_parent":{"__id__":1},"_components":[{"__type__":"cc.UITransform","node":{"__id__":73},"_contentSize":{"__type__":"cc.Size","width":381.39,"height":63}},{"__type__":"cc.Label","node":{"__id__":73},"_color":{"__type__":"cc.Color","r":210,"g":107},"_string":"预计等待时间: 40秒","_actualFontSize":44,"_fontSize":44,"_lineHeight":50},{"__type__":"cc.Widget","_name":"expectedTime<Widget>","node":{"__id__":73},"_alignFlags":34,"_right":30,"_verticalCenter":30}],"_prefab":{"__type__":"cc.PrefabInfo","root":{"__id__":1},"asset":{"__id__":0},"fileId":"1b9iUHEjBPvbwXzbkP2EnK","_synced":{"default":false,"serializable":false}},"_lpos":{"__type__":"cc.Vec3","x":109.82625,"y":30},"_lscale":{"__type__":"cc.Vec3","x":0.25,"y":0.25,"z":1},"_layer":33554432},{"__type__":"cc.Node","_name":"ProgressBar","_parent":{"__id__":1},"_children":[{"__id__":75}],"_active":false,"_components":[{"__type__":"cc.UITransform","node":{"__id__":74},"_contentSize":{"__type__":"cc.Size","width":466,"height":28}},{"__type__":"cc.Sprite","node":{"__id__":74},"_spriteFrame":{"__uuid__":"11d7x3xS5L8YNcc+wm1CIh@f9941"},"_type":1,"_sizeMode":0},{"__type__":"cc.ProgressBar","node":{"__id__":74},"_barSprite":{"__id__":76},"_totalLength":466,"_progress":0},{"__type__":"cc.Widget","_name":"ProgressBar<Widget>","node":{"__id__":74},"_alignFlags":18,"_verticalCenter":30}],"_prefab":{"__type__":"cc.PrefabInfo","root":{"__id__":1},"asset":{"__id__":0},"fileId":"daWQw3hHdAK5DG3tXISm7K","_synced":{"default":false,"serializable":false}},"_lscale":{"__type__":"cc.Vec3","x":0.7,"y":0.7,"z":1},"_layer":33554432},{"__type__":"cc.Node","_name":"Bar","_parent":{"__id__":74},"_components":[{"__type__":"cc.UITransform","node":{"__id__":75},"_contentSize":{"__type__":"cc.Size","height":28},"_anchorPoint":{"__type__":"cc.Vec2","y":0.5}},{"__id__":76}],"_prefab":{"__type__":"cc.PrefabInfo","root":{"__id__":1},"asset":{"__id__":0},"fileId":"85/2dff49K1Jgaz5ssdloi","_synced":{"default":false,"serializable":false}},"_lpos":{"__type__":"cc.Vec3","x":-233},"_layer":33554432},{"__type__":"cc.Sprite","node":{"__id__":75},"_spriteFrame":{"__uuid__":"acaHjlw0JK0LlxvcOjw4Ln@f9941"},"_type":1,"_sizeMode":0}]
