[{"__type__":"cc.Prefab","data":{"__id__":1}},{"__type__":"cc.Node","_name":"quan","_children":[{"__id__":2}],"_prefab":{"__type__":"cc.PrefabInfo","root":{"__id__":1},"asset":{"__id__":0},"fileId":"82dp1IaQFCD7gJ0r7HnrbC","_synced":{"default":false,"serializable":false}}},{"__type__":"cc.Node","_name":"RootNode","_parent":{"__id__":1},"_children":[{"__id__":3}],"_prefab":{"__type__":"cc.PrefabInfo","root":{"__id__":1},"asset":{"__id__":0},"fileId":"5dZ3TKSTpOFZdtZMACsgNh","_synced":{"default":false,"serializable":false}}},{"__type__":"cc.Node","_name":"管道","_parent":{"__id__":2},"_components":[{"__type__":"cc.MeshRenderer","node":{"__id__":3},"_materials":[{"__uuid__":"b0DTDN2HdHaK8CyR7xG90P"}],"lightmapSettings":{"__type__":"cc.ModelLightmapSettings"},"_mesh":{"__uuid__":"664MUAgAhMdbCrCQ7wDT1u@1f6ff"}}],"_prefab":{"__type__":"cc.PrefabInfo","root":{"__id__":1},"asset":{"__id__":0},"fileId":"601YK76DpJpLhfEyo8fJiA","_synced":{"default":false,"serializable":false}}}]
