[{"__type__":"cc.SpriteFrame","content":{"name":"jiesuan","rect":{"x":0,"y":0,"width":384,"height":60},"offset":{"x":0,"y":0},"originalSize":{"width":384,"height":60},"rotated":false,"capInsets":[0,0,0,0],"texture":"30teSklSpGSJwY9JlojwMr@6c48a"}},{"__type__":"cc.SpriteFrame","content":{"name":"ready","rect":{"x":0,"y":0,"width":332,"height":72},"offset":{"x":0,"y":0},"originalSize":{"width":332,"height":72},"rotated":false,"capInsets":[0,0,0,0],"texture":"555kYDO6RGS6jDOz2KR3UI@6c48a"}},{"__type__":"cc.AnimationClip","_name":"ready","_duration":0.5,"_keys":[[0,0.5]],"_curves":[{"modifiers":["position"],"data":{"keys":0,"values":[{"__type__":"cc.Vec3","x":-300,"y":-356},{"__type__":"cc.Vec3","y":-356}],"easingMethods":{"0":[0.67,0.01,0.29,0.99]}}}],"_hash":2670331222},{"__type__":"cc.AnimationClip","_name":"turn","wrapMode":2,"_duration":2,"_keys":[[0,1,2]],"_curves":[{"modifiers":["position"],"data":{"keys":0,"values":[{"__type__":"cc.Vec3","y":-99},{"__type__":"cc.Vec3","y":-89},{"__type__":"cc.Vec3","y":-99}],"easingMethods":{}}}],"_hash":2965011990}]
