[[{"__type__":"cc.Prefab","data":{"__id__":1}},{"__type__":"cc.Node","_name":"y102","_children":[{"__id__":2}],"_prefab":{"__type__":"cc.PrefabInfo","root":{"__id__":1},"asset":{"__id__":0},"fileId":"33z2w4hPNLn7o/mBPUF35F","_synced":{"default":false,"serializable":false}}},{"__type__":"cc.Node","_name":"RootNode","_parent":{"__id__":1},"_children":[{"__type__":"cc.Node","_name":"Cinema_4D_编辑器","_parent":{"__id__":2},"_prefab":{"__type__":"cc.PrefabInfo","root":{"__id__":1},"asset":{"__id__":0},"fileId":"dceZ67gcRK+4oo2kfoC1+k","_synced":{"default":false,"serializable":false}},"_lpos":{"__type__":"cc.Vec3","x":4.43488311767578,"y":10.0125122070312,"z":7.53170013427734},"_lrot":{"__type__":"cc.Quat","x":-0.3717086461889171,"y":0.34203047672523146,"z":0.1495738804494783,"w":0.8499855820111294},"_euler":{"__type__":"cc.Vec3","x":-47.24064188832458,"y":43.83927459017271,"z":-0.000004999787030745224}},{"__id__":3}],"_prefab":{"__type__":"cc.PrefabInfo","root":{"__id__":1},"asset":{"__id__":0},"fileId":"a9E7X4hktP4Y1PhVaGk9PP","_synced":{"default":false,"serializable":false}}},{"__type__":"cc.Node","_name":"圆柱","_parent":{"__id__":2},"_components":[{"__type__":"cc.MeshRenderer","node":{"__id__":3},"_materials":[{"__uuid__":"02HnEXR3dO1ZS8xU27lgJy@22e2a"},{"__uuid__":"02HnEXR3dO1ZS8xU27lgJy@9aeec"}],"lightmapSettings":{"__type__":"cc.ModelLightmapSettings"},"_mesh":{"__uuid__":"02HnEXR3dO1ZS8xU27lgJy@f32e4"}}],"_prefab":{"__type__":"cc.PrefabInfo","root":{"__id__":1},"asset":{"__id__":0},"fileId":"bfJJc/m5VLpKebshR0uFUf","_synced":{"default":false,"serializable":false}},"_lpos":{"__type__":"cc.Vec3","y":0.779999971389771}}],{"__type__":"cc.Material","_name":"材质.1","_effectAsset":{"__uuid__":"1brw/JvvpFnIvdrxpFCgMZ"},"_defines":[{"USE_ALBEDO_MAP":true}],"_states":[{"rasterizerState":{},"blendState":{"targets":[{"blend":true,"blendSrc":2,"blendDst":4,"blendDstAlpha":4}]},"depthStencilState":{"depthWrite":false}}],"_props":[{"albedoScale":{"__type__":"cc.Vec3","x":1,"y":1,"z":1},"metallic":0.200000002980232,"roughness":0.800000011920929,"mainTexture":{"__uuid__":"02HnEXR3dO1ZS8xU27lgJy@df99d"}}]},{"__type__":"cc.Material","_name":"材质","_effectAsset":{"__uuid__":"1brw/JvvpFnIvdrxpFCgMZ"},"_defines":[{}],"_states":[{"rasterizerState":{},"blendState":{"targets":[{}]},"depthStencilState":{}}],"_props":[{"albedoScale":{"__type__":"cc.Vec3","x":1,"y":1,"z":1},"metallic":0.200000002980232,"roughness":0.800000011920929}]},{"__type__":"cc.Mesh","_native":".bin","_struct":{"primitives":[{"primitiveMode":7,"vertexBundelIndices":[0],"indexView":{"offset":5328,"length":648,"count":324,"stride":2}},{"primitiveMode":7,"vertexBundelIndices":[1],"indexView":{"offset":7752,"length":216,"count":108,"stride":2}}],"vertexBundles":[{"view":{"offset":0,"length":5328,"count":111,"stride":48},"attributes":[{"name":"a_position","format":32,"isNormalized":false},{"name":"a_normal","format":32,"isNormalized":false},{"name":"a_texCoord","format":21,"isNormalized":false},{"name":"a_tangent","format":44,"isNormalized":false}]},{"view":{"offset":5976,"length":1776,"count":37,"stride":48},"attributes":[{"name":"a_position","format":32,"isNormalized":false},{"name":"a_normal","format":32,"isNormalized":false},{"name":"a_texCoord","format":21,"isNormalized":false},{"name":"a_tangent","format":44,"isNormalized":false}]}],"minPosition":{"__type__":"cc.Vec3","x":-0.6499999761581421,"y":-0.7799999713897705,"z":-0.6499999761581421},"maxPosition":{"__type__":"cc.Vec3","x":0.6499999761581421,"y":0.7799999713897705,"z":0.6499999761581421}},"_dataLength":7968,"_hash":260324263}]
