[{"__type__":"cc.Mesh","_native":".bin","_struct":{"primitives":[{"primitiveMode":7,"vertexBundelIndices":[0],"indexView":{"offset":5328,"length":648,"count":324,"stride":2}},{"primitiveMode":7,"vertexBundelIndices":[1],"indexView":{"offset":7752,"length":216,"count":108,"stride":2}}],"vertexBundles":[{"view":{"offset":0,"length":5328,"count":111,"stride":48},"attributes":[{"name":"a_position","format":32,"isNormalized":false},{"name":"a_normal","format":32,"isNormalized":false},{"name":"a_texCoord","format":21,"isNormalized":false},{"name":"a_tangent","format":44,"isNormalized":false}]},{"view":{"offset":5976,"length":1776,"count":37,"stride":48},"attributes":[{"name":"a_position","format":32,"isNormalized":false},{"name":"a_normal","format":32,"isNormalized":false},{"name":"a_texCoord","format":21,"isNormalized":false},{"name":"a_tangent","format":44,"isNormalized":false}]}],"minPosition":{"__type__":"cc.Vec3","x":-1.4549999237060547,"y":-0.7799999713897705,"z":-1.4549999237060547},"maxPosition":{"__type__":"cc.Vec3","x":1.4549999237060547,"y":0.7799999713897705,"z":1.4549999237060547}},"_dataLength":7968,"_hash":915071457},{"__type__":"cc.Material","_name":"材质.6","_effectAsset":{"__uuid__":"1brw/JvvpFnIvdrxpFCgMZ"},"_defines":[{"USE_ALBEDO_MAP":true}],"_states":[{"rasterizerState":{},"blendState":{"targets":[{"blend":true,"blendSrc":2,"blendDst":4,"blendDstAlpha":4}]},"depthStencilState":{"depthWrite":false}}],"_props":[{"albedoScale":{"__type__":"cc.Vec3","x":1,"y":1,"z":1},"metallic":0.200000002980232,"roughness":0.800000011920929,"mainTexture":{"__uuid__":"e5++60TCpCp6ZczUDHzkqb@f58cb"}}]},[{"__type__":"cc.Prefab","data":{"__id__":1}},{"__type__":"cc.Node","_name":"y505","_children":[{"__id__":2}],"_prefab":{"__type__":"cc.PrefabInfo","root":{"__id__":1},"asset":{"__id__":0},"fileId":"91zUw7gVFHAbCvVKui1wNW","_synced":{"default":false,"serializable":false}}},{"__type__":"cc.Node","_name":"RootNode","_parent":{"__id__":1},"_children":[{"__id__":3}],"_prefab":{"__type__":"cc.PrefabInfo","root":{"__id__":1},"asset":{"__id__":0},"fileId":"cb/T/gVy1EjYc6oDubG14e","_synced":{"default":false,"serializable":false}}},{"__type__":"cc.Node","_name":"圆柱_4","_parent":{"__id__":2},"_components":[{"__type__":"cc.MeshRenderer","node":{"__id__":3},"_materials":[{"__uuid__":"e5++60TCpCp6ZczUDHzkqb@e0225"},{"__uuid__":"e5++60TCpCp6ZczUDHzkqb@91cde"}],"lightmapSettings":{"__type__":"cc.ModelLightmapSettings"},"_mesh":{"__uuid__":"e5++60TCpCp6ZczUDHzkqb@6d1d0"}}],"_prefab":{"__type__":"cc.PrefabInfo","root":{"__id__":1},"asset":{"__id__":0},"fileId":"0cE3TaRWdJ0448qv5ilFfl","_synced":{"default":false,"serializable":false}},"_lpos":{"__type__":"cc.Vec3","y":0.779999971389771}}],{"__type__":"cc.Material","_name":"材质.7","_effectAsset":{"__uuid__":"1brw/JvvpFnIvdrxpFCgMZ"},"_defines":[{}],"_states":[{"rasterizerState":{},"blendState":{"targets":[{}]},"depthStencilState":{}}],"_props":[{"albedoScale":{"__type__":"cc.Vec3","x":0.769999980926514,"y":0.904166638851166,"z":1},"metallic":0.200000002980232,"roughness":0.800000011920929}]}]
