[{"__type__":"cc.Prefab","data":{"__id__":1}},{"__type__":"cc.Node","_name":"emoji_2","_children":[{"__id__":2},{"__id__":3},{"__id__":4}],"_components":[{"__type__":"cc.UITransform","node":{"__id__":1},"_contentSize":{"__type__":"cc.Size","width":90,"height":90}}],"_prefab":{"__type__":"cc.PrefabInfo","root":{"__id__":1},"asset":{"__id__":0},"fileId":"55QywxCpJNoaH5qeC2zk7F","_synced":{"default":false,"serializable":false}},"_layer":33554432},{"__type__":"cc.Node","_name":"qibao","_parent":{"__id__":1},"_components":[{"__type__":"cc.UITransform","node":{"__id__":2},"_contentSize":{"__type__":"cc.Size","width":76,"height":56}},{"__type__":"cc.Sprite","node":{"__id__":2},"_spriteFrame":{"__uuid__":"68vJ7dHp1Iiq5e+NL+lOvF@f9941"},"_sizeMode":0}],"_prefab":{"__type__":"cc.PrefabInfo","root":{"__id__":1},"asset":{"__id__":0},"fileId":"27Fb69JhpK04SLSaTC0n57","_synced":{"default":false,"serializable":false}},"_layer":33554432},{"__type__":"cc.Node","_name":"icon","_parent":{"__id__":1},"_components":[{"__type__":"cc.UITransform","node":{"__id__":3},"_contentSize":{"__type__":"cc.Size","width":38,"height":38}},{"__type__":"cc.Sprite","node":{"__id__":3},"_spriteFrame":{"__uuid__":"2byWSUYeFJqaw8MmdZVkF7@f9941"},"_sizeMode":0}],"_prefab":{"__type__":"cc.PrefabInfo","root":{"__id__":1},"asset":{"__id__":0},"fileId":"4aW1jaWTNPiLLhUjG0F0fn","_synced":{"default":false,"serializable":false}},"_lpos":{"__type__":"cc.Vec3","x":2.228,"y":-0.658},"_layer":33554432},{"__type__":"cc.Node","_name":"avatar","_parent":{"__id__":1},"_components":[{"__type__":"cc.UITransform","node":{"__id__":4},"_contentSize":{"__type__":"cc.Size","width":46,"height":46}},{"__type__":"cc.Sprite","node":{"__id__":4},"_materials":[{"__uuid__":"femcRHb0hNMa473b21u7RL"}],"_spriteFrame":{"__uuid__":"b700qgl01Oz59r+MlGadVq@f9941"},"_sizeMode":0}],"_prefab":{"__type__":"cc.PrefabInfo","root":{"__id__":1},"asset":{"__id__":0},"fileId":"18kyqe6l9GtLomUWwUpUfb","_synced":{"default":false,"serializable":false}},"_lpos":{"__type__":"cc.Vec3","x":-64.604},"_layer":33554432}]
