[{"__type__":"cc.Prefab","data":{"__id__":1}},{"__type__":"cc.Node","_name":"Node","_children":[{"__id__":2},{"__id__":4}],"_prefab":{"__type__":"cc.PrefabInfo","root":{"__id__":1},"asset":{"__id__":0},"fileId":"54KOXH/15KoozrVX0UXRtp","_synced":{"default":false,"serializable":false}}},{"__type__":"cc.Node","_name":"head","_parent":{"__id__":1},"_children":[{"__id__":3}],"_prefab":{"__type__":"cc.PrefabInfo","root":{"__id__":1},"asset":{"__id__":0},"fileId":"3e2cOxlwRNr5tJ5eMov5pg","_synced":{"default":false,"serializable":false}},"_lpos":{"__type__":"cc.Vec3","y":0.739}},{"__type__":"cc.Node","_name":"球体","_parent":{"__id__":2},"_components":[{"__type__":"cc.MeshRenderer","node":{"__id__":3},"_materials":[{"__uuid__":"0dtp6SWtNMIoaOJMOnBB1y@22e2a"}],"lightmapSettings":{"__type__":"cc.ModelLightmapSettings"},"_mesh":{"__uuid__":"0dtp6SWtNMIoaOJMOnBB1y@0a13e"},"_shadowCastingMode":1}],"_prefab":{"__type__":"cc.PrefabInfo","root":{"__id__":1},"asset":{"__id__":0},"fileId":"0eCkr5rPFFYYalYLHLP0qg","_synced":{"default":false,"serializable":false}},"_lpos":{"__type__":"cc.Vec3","y":0.057}},{"__type__":"cc.Node","_name":"body","_parent":{"__id__":1},"_children":[{"__id__":5},{"__id__":10}],"_components":[{"__id__":13}],"_prefab":{"__type__":"cc.PrefabInfo","root":{"__id__":1},"asset":{"__id__":0},"fileId":"e8Cc3IWR9ArJyw66xkbHf4","_synced":{"default":false,"serializable":false}},"_lpos":{"__type__":"cc.Vec3","y":-0.664}},{"__type__":"cc.Node","_name":"Node","_parent":{"__id__":4},"_children":[{"__id__":6},{"__id__":8},{"__id__":9}],"_prefab":{"__type__":"cc.PrefabInfo","root":{"__id__":1},"asset":{"__id__":0},"fileId":"9dxf9ZAQVA9I1lMox3yhRo","_synced":{"default":false,"serializable":false}},"_lpos":{"__type__":"cc.Vec3","y":0.737}},{"__type__":"cc.Node","_name":"细分曲面","_parent":{"__id__":5},"_children":[{"__id__":7}],"_prefab":{"__type__":"cc.PrefabInfo","root":{"__id__":1},"asset":{"__id__":0},"fileId":"e2YLMOf7JGVZtNuUmqHjk4","_synced":{"default":false,"serializable":false}},"_lpos":{"__type__":"cc.Vec3","y":-0.6999999880790715}},{"__type__":"cc.Node","_name":"圆柱","_parent":{"__id__":6},"_components":[{"__type__":"cc.MeshRenderer","node":{"__id__":7},"_materials":[{"__uuid__":"0dtp6SWtNMIoaOJMOnBB1y@22e2a"}],"lightmapSettings":{"__type__":"cc.ModelLightmapSettings"},"_mesh":{"__uuid__":"0dtp6SWtNMIoaOJMOnBB1y@f32e4"},"_shadowCastingMode":1}],"_prefab":{"__type__":"cc.PrefabInfo","root":{"__id__":1},"asset":{"__id__":0},"fileId":"7awupjMvJEmJex4ulnIS7n","_synced":{"default":false,"serializable":false}},"_lpos":{"__type__":"cc.Vec3","y":0.487173229455948}},{"__type__":"cc.Node","_name":"油桶","_parent":{"__id__":5},"_components":[{"__type__":"cc.MeshRenderer","node":{"__id__":8},"_materials":[{"__uuid__":"0dtp6SWtNMIoaOJMOnBB1y@22e2a"}],"lightmapSettings":{"__type__":"cc.ModelLightmapSettings"},"_mesh":{"__uuid__":"0dtp6SWtNMIoaOJMOnBB1y@edd93"},"_shadowCastingMode":1}],"_prefab":{"__type__":"cc.PrefabInfo","root":{"__id__":1},"asset":{"__id__":0},"fileId":"2fKuF75lBCzJGmQhEdB/RF","_synced":{"default":false,"serializable":false}},"_lpos":{"__type__":"cc.Vec3","y":0.24999999999999867}},{"__type__":"cc.Node","_name":"油桶_1","_parent":{"__id__":5},"_components":[{"__type__":"cc.MeshRenderer","node":{"__id__":9},"_materials":[{"__uuid__":"0dtp6SWtNMIoaOJMOnBB1y@22e2a"}],"lightmapSettings":{"__type__":"cc.ModelLightmapSettings"},"_mesh":{"__uuid__":"0dtp6SWtNMIoaOJMOnBB1y@f5108"},"_shadowCastingMode":1}],"_prefab":{"__type__":"cc.PrefabInfo","root":{"__id__":1},"asset":{"__id__":0},"fileId":"89Jo/JiORIo5J5jb728XiA","_synced":{"default":false,"serializable":false}},"_lpos":{"__type__":"cc.Vec3","y":-0.12989434599876537}},{"__type__":"cc.Node","_name":"Particle","_parent":{"__id__":4},"_active":false,"_components":[{"__type__":"cc.ParticleSystem","node":{"__id__":10},"_materials":[{"__uuid__":"eadHiwQI1AUrcD8NI1Xglf"}],"startColor":{"__type__":"cc.GradientRange"},"startSizeX":{"__id__":11},"startSize":{"__id__":11},"startSizeY":{"__type__":"cc.CurveRange"},"startSizeZ":{"__type__":"cc.CurveRange"},"startSpeed":{"__type__":"cc.CurveRange","constant":-3},"startRotationX":{"__type__":"cc.CurveRange"},"startRotationY":{"__type__":"cc.CurveRange"},"startRotationZ":{"__id__":12},"startRotation":{"__id__":12},"startDelay":{"__type__":"cc.CurveRange","constant":-1},"startLifetime":{"__type__":"cc.CurveRange","constant":0.15},"gravityModifier":{"__type__":"cc.CurveRange"},"rateOverTime":{"__type__":"cc.CurveRange","constant":100},"rateOverDistance":{"__type__":"cc.CurveRange"},"_shapeModule":{"__type__":"cc.ShapeModule","_enable":true,"_shapeType":3,"shapeType":3,"arcSpeed":{"__type__":"cc.CurveRange","constant":1},"_scale":{"__type__":"cc.Vec3","x":3,"y":3,"z":3}},"renderer":{"__type__":"cc.ParticleSystemRenderer","_mainTexture":{"__uuid__":"b5snqx50BDmLQHhI/CssiX@6c48a"}},"enableCulling":true}],"_prefab":{"__type__":"cc.PrefabInfo","root":{"__id__":1},"asset":{"__id__":0},"fileId":"22XnAdE7lPR7amPuSUYVOx","_synced":{"default":false,"serializable":false}},"_lpos":{"__type__":"cc.Vec3","y":0.75},"_lrot":{"__type__":"cc.Quat","x":0.7071067811865475,"w":0.7071067811865476},"_euler":{"__type__":"cc.Vec3","x":89.99999999999999}},{"__type__":"cc.CurveRange","constant":0.15},{"__type__":"cc.CurveRange"},{"__type__":"cc.ParticleSystem","node":{"__id__":4},"_materials":[null,null],"startColor":{"__type__":"cc.GradientRange","color":{"__type__":"cc.Color","r":255,"g":255,"b":255,"a":80}},"startSizeX":{"__id__":14},"startSize":{"__id__":14},"startSizeY":{"__type__":"cc.CurveRange"},"startSizeZ":{"__type__":"cc.CurveRange"},"startSpeed":{"__type__":"cc.CurveRange"},"startRotationX":{"__type__":"cc.CurveRange"},"startRotationY":{"__type__":"cc.CurveRange"},"startRotationZ":{"__id__":15},"startRotation":{"__id__":15},"startDelay":{"__type__":"cc.CurveRange"},"startLifetime":{"__type__":"cc.CurveRange","constant":1},"duration":1,"gravityModifier":{"__type__":"cc.CurveRange"},"rateOverTime":{"__type__":"cc.CurveRange","constant":10},"rateOverDistance":{"__type__":"cc.CurveRange"},"_colorOverLifetimeModule":{"__type__":"cc.ColorOvertimeModule","color":{"__type__":"cc.GradientRange"}},"_shapeModule":{"__type__":"cc.ShapeModule","arcSpeed":{"__type__":"cc.CurveRange"}},"_sizeOvertimeModule":{"__type__":"cc.SizeOvertimeModule","size":{"__type__":"cc.CurveRange"},"x":{"__type__":"cc.CurveRange"},"y":{"__type__":"cc.CurveRange"},"z":{"__type__":"cc.CurveRange"}},"_velocityOvertimeModule":{"__type__":"cc.VelocityOvertimeModule","x":{"__type__":"cc.CurveRange"},"y":{"__type__":"cc.CurveRange"},"z":{"__type__":"cc.CurveRange"},"speedModifier":{"__type__":"cc.CurveRange","constant":1}},"_forceOvertimeModule":{"__type__":"cc.ForceOvertimeModule","x":{"__type__":"cc.CurveRange"},"y":{"__type__":"cc.CurveRange"},"z":{"__type__":"cc.CurveRange"}},"_limitVelocityOvertimeModule":{"__type__":"cc.LimitVelocityOvertimeModule","limitX":{"__type__":"cc.CurveRange"},"limitY":{"__type__":"cc.CurveRange"},"limitZ":{"__type__":"cc.CurveRange"},"limit":{"__type__":"cc.CurveRange"}},"_rotationOvertimeModule":{"__type__":"cc.RotationOvertimeModule","x":{"__type__":"cc.CurveRange"},"y":{"__type__":"cc.CurveRange"},"z":{"__type__":"cc.CurveRange"}},"_textureAnimationModule":{"__type__":"cc.TextureAnimationModule","frameOverTime":{"__type__":"cc.CurveRange"},"startFrame":{"__type__":"cc.CurveRange"}},"_trailModule":{"__type__":"cc.TrailModule","_enable":true,"lifeTime":{"__type__":"cc.CurveRange","constant":0.1},"widthFromParticle":false,"widthRatio":{"__type__":"cc.CurveRange","constant":0.2},"colorFromParticle":true,"colorOverTrail":{"__type__":"cc.GradientRange","color":{"__type__":"cc.Color","r":255,"g":255,"b":255,"a":116}},"colorOvertime":{"__type__":"cc.GradientRange","color":{"__type__":"cc.Color","r":255,"g":255,"b":255,"a":112}},"_particleSystem":{"__id__":13}},"renderer":{"__type__":"cc.ParticleSystemRenderer"},"_capacity":10},{"__type__":"cc.CurveRange","constant":0.01},{"__type__":"cc.CurveRange"}]
