[{"__type__":"cc.Mesh","_native":".bin","_struct":{"primitives":[{"primitiveMode":7,"vertexBundelIndices":[0],"indexView":{"offset":8880,"length":1296,"count":648,"stride":2}}],"vertexBundles":[{"view":{"offset":0,"length":8880,"count":185,"stride":48},"attributes":[{"name":"a_position","format":32,"isNormalized":false},{"name":"a_normal","format":32,"isNormalized":false},{"name":"a_texCoord","format":21,"isNormalized":false},{"name":"a_tangent","format":44,"isNormalized":false}]}],"minPosition":{"__type__":"cc.Vec3","x":-1.334960699081421,"y":-0.19999998807907104,"z":-1.334960699081421},"maxPosition":{"__type__":"cc.Vec3","x":1.334960699081421,"y":0.19999998807907104,"z":1.334960699081421}},"_dataLength":10176,"_hash":1655545886},{"__type__":"cc.Mesh","_native":".bin","_struct":{"primitives":[{"primitiveMode":7,"vertexBundelIndices":[0],"indexView":{"offset":9696,"length":864,"count":432,"stride":2}}],"vertexBundles":[{"view":{"offset":0,"length":9696,"count":202,"stride":48},"attributes":[{"name":"a_position","format":32,"isNormalized":false},{"name":"a_normal","format":32,"isNormalized":false},{"name":"a_texCoord","format":21,"isNormalized":false},{"name":"a_tangent","format":44,"isNormalized":false}]}],"minPosition":{"__type__":"cc.Vec3","x":-1.3352091312408447,"y":-0.030835459008812904,"z":-1.3352091312408447},"maxPosition":{"__type__":"cc.Vec3","x":1.3993133306503296,"y":0.030835459008812904,"z":1.3993133306503296}},"_dataLength":10560,"_hash":739448406},{"__type__":"cc.Material","_name":"材质.4","_effectAsset":{"__uuid__":"1brw/JvvpFnIvdrxpFCgMZ"},"_defines":[{"USE_ALBEDO_MAP":true}],"_states":[{"rasterizerState":{},"blendState":{"targets":[{"blend":true,"blendSrc":2,"blendDst":4,"blendDstAlpha":4}]},"depthStencilState":{"depthWrite":false}}],"_props":[{"albedoScale":{"__type__":"cc.Vec3","x":1,"y":1,"z":1},"metallic":0.200000002980232,"roughness":0.800000011920929,"mainTexture":{"__uuid__":"abV4Wa5mRGALevaWktesAW@37fd3"}}]},{"__type__":"cc.Mesh","_native":".bin","_struct":{"primitives":[{"primitiveMode":7,"vertexBundelIndices":[0],"indexView":{"offset":7104,"length":864,"count":432,"stride":2}}],"vertexBundles":[{"view":{"offset":0,"length":7104,"count":148,"stride":48},"attributes":[{"name":"a_position","format":32,"isNormalized":false},{"name":"a_normal","format":32,"isNormalized":false},{"name":"a_texCoord","format":21,"isNormalized":false},{"name":"a_tangent","format":44,"isNormalized":false}]}],"minPosition":{"__type__":"cc.Vec3","x":-1.3249999284744263,"y":-0.029999999329447746,"z":-1.2999999523162842},"maxPosition":{"__type__":"cc.Vec3","x":1.3249999284744263,"y":0.029999999329447746,"z":1.2999999523162842}},"_dataLength":7968,"_hash":1009296129},{"__type__":"cc.Material","_name":"材质.1","_effectAsset":{"__uuid__":"1brw/JvvpFnIvdrxpFCgMZ"},"_defines":[{}],"_states":[{"rasterizerState":{},"blendState":{"targets":[{}]},"depthStencilState":{}}],"_props":[{"albedoScale":{"__type__":"cc.Vec3","x":0.537079989910126,"y":0.870000004768372,"z":0.38280001282692},"metallic":0.200000002980232,"roughness":0.800000011920929}]},{"__type__":"cc.Mesh","_native":".bin","_struct":{"primitives":[{"primitiveMode":7,"vertexBundelIndices":[0],"indexView":{"offset":9696,"length":864,"count":432,"stride":2}}],"vertexBundles":[{"view":{"offset":0,"length":9696,"count":202,"stride":48},"attributes":[{"name":"a_position","format":32,"isNormalized":false},{"name":"a_normal","format":32,"isNormalized":false},{"name":"a_texCoord","format":21,"isNormalized":false},{"name":"a_tangent","format":44,"isNormalized":false}]}],"minPosition":{"__type__":"cc.Vec3","x":-1.3352091312408447,"y":-0.030835459008812904,"z":-1.3352091312408447},"maxPosition":{"__type__":"cc.Vec3","x":1.3993133306503296,"y":0.030835459008812904,"z":1.3993133306503296}},"_dataLength":10560,"_hash":739448406},{"__type__":"cc.Material","_name":"材质","_effectAsset":{"__uuid__":"1brw/JvvpFnIvdrxpFCgMZ"},"_defines":[{}],"_states":[{"rasterizerState":{},"blendState":{"targets":[{}]},"depthStencilState":{}}],"_props":[{"albedoScale":{"__type__":"cc.Vec3","x":0.949999988079071,"y":0.635866641998291,"z":0.342000007629395},"metallic":0.200000002980232,"roughness":0.800000011920929}]},{"__type__":"cc.Material","_name":"材质.3","_effectAsset":{"__uuid__":"1brw/JvvpFnIvdrxpFCgMZ"},"_defines":[{}],"_states":[{"rasterizerState":{},"blendState":{"targets":[{}]},"depthStencilState":{}}],"_props":[{"albedoScale":{"__type__":"cc.Vec3","x":1,"y":0.886833310127258,"z":0.0299999993294477},"metallic":0.400000005960464,"roughness":0.242535620927811}]},{"__type__":"cc.Mesh","_native":".bin","_struct":{"primitives":[{"primitiveMode":7,"vertexBundelIndices":[0],"indexView":{"offset":33744,"length":7776,"count":3888,"stride":2}}],"vertexBundles":[{"view":{"offset":0,"length":33744,"count":703,"stride":48},"attributes":[{"name":"a_position","format":32,"isNormalized":false},{"name":"a_normal","format":32,"isNormalized":false},{"name":"a_texCoord","format":21,"isNormalized":false},{"name":"a_tangent","format":44,"isNormalized":false}]}],"minPosition":{"__type__":"cc.Vec3","x":-1.3617485761642456,"y":-0.17497862875461578,"z":-1.3617485761642456},"maxPosition":{"__type__":"cc.Vec3","x":1.3617485761642456,"y":0.17497862875461578,"z":1.3617485761642456}},"_dataLength":41520,"_hash":2013582268},{"__type__":"cc.Mesh","_native":".bin","_struct":{"primitives":[{"primitiveMode":7,"vertexBundelIndices":[0],"indexView":{"offset":7104,"length":864,"count":432,"stride":2}}],"vertexBundles":[{"view":{"offset":0,"length":7104,"count":148,"stride":48},"attributes":[{"name":"a_position","format":32,"isNormalized":false},{"name":"a_normal","format":32,"isNormalized":false},{"name":"a_texCoord","format":21,"isNormalized":false},{"name":"a_tangent","format":44,"isNormalized":false}]}],"minPosition":{"__type__":"cc.Vec3","x":-1.3249999284744263,"y":-0.029999999329447746,"z":-1.2999999523162842},"maxPosition":{"__type__":"cc.Vec3","x":1.3249999284744263,"y":0.029999999329447746,"z":1.2999999523162842}},"_dataLength":7968,"_hash":1009296129},[{"__type__":"cc.Prefab","data":{"__id__":1}},{"__type__":"cc.Node","_name":"y402","_children":[{"__id__":2}],"_prefab":{"__type__":"cc.PrefabInfo","root":{"__id__":1},"asset":{"__id__":0},"fileId":"07hzkNuHFGqLp7+NOIRdDa","_synced":{"default":false,"serializable":false}}},{"__type__":"cc.Node","_name":"RootNode","_parent":{"__id__":1},"_children":[{"__id__":3},{"__id__":4},{"__id__":5},{"__id__":6},{"__id__":7},{"__id__":8},{"__id__":9}],"_prefab":{"__type__":"cc.PrefabInfo","root":{"__id__":1},"asset":{"__id__":0},"fileId":"178tGUjWZOfoNTg4oNvZb5","_synced":{"default":false,"serializable":false}}},{"__type__":"cc.Node","_name":"圆柱_5","_parent":{"__id__":2},"_components":[{"__type__":"cc.MeshRenderer","node":{"__id__":3},"_materials":[{"__uuid__":"abV4Wa5mRGALevaWktesAW@76ab0"}],"lightmapSettings":{"__type__":"cc.ModelLightmapSettings"},"_mesh":{"__uuid__":"abV4Wa5mRGALevaWktesAW@af567"}}],"_prefab":{"__type__":"cc.PrefabInfo","root":{"__id__":1},"asset":{"__id__":0},"fileId":"b1qG2LfAVLy4JR2TPhlv+0","_synced":{"default":false,"serializable":false}},"_lpos":{"__type__":"cc.Vec3","y":0.573792934417725}},{"__type__":"cc.Node","_name":"圆柱_4","_parent":{"__id__":2},"_components":[{"__type__":"cc.MeshRenderer","node":{"__id__":4},"_materials":[{"__uuid__":"abV4Wa5mRGALevaWktesAW@76ab0"}],"lightmapSettings":{"__type__":"cc.ModelLightmapSettings"},"_mesh":{"__uuid__":"abV4Wa5mRGALevaWktesAW@6d1d0"}}],"_prefab":{"__type__":"cc.PrefabInfo","root":{"__id__":1},"asset":{"__id__":0},"fileId":"74mg+GHv5OIpG6PECBZD/u","_synced":{"default":false,"serializable":false}},"_lpos":{"__type__":"cc.Vec3","y":0.98699826002121}},{"__type__":"cc.Node","_name":"圆环","_parent":{"__id__":2},"_components":[{"__type__":"cc.MeshRenderer","node":{"__id__":5},"_materials":[{"__uuid__":"abV4Wa5mRGALevaWktesAW@ed9a5"}],"lightmapSettings":{"__type__":"cc.ModelLightmapSettings"},"_mesh":{"__uuid__":"abV4Wa5mRGALevaWktesAW@ab47a"}}],"_prefab":{"__type__":"cc.PrefabInfo","root":{"__id__":1},"asset":{"__id__":0},"fileId":"a8y3rcXhlDgojmIsP5P/Xo","_synced":{"default":false,"serializable":false}},"_lpos":{"__type__":"cc.Vec3","y":0.775868713855743}},{"__type__":"cc.Node","_name":"圆柱_2","_parent":{"__id__":2},"_components":[{"__type__":"cc.MeshRenderer","node":{"__id__":6},"_materials":[{"__uuid__":"abV4Wa5mRGALevaWktesAW@9aeec"}],"lightmapSettings":{"__type__":"cc.ModelLightmapSettings"},"_mesh":{"__uuid__":"abV4Wa5mRGALevaWktesAW@1b553"}}],"_prefab":{"__type__":"cc.PrefabInfo","root":{"__id__":1},"asset":{"__id__":0},"fileId":"90q2B5scZLtI3JzkIMhsHQ","_synced":{"default":false,"serializable":false}},"_lpos":{"__type__":"cc.Vec3","y":0.477293342351913},"_lrot":{"__type__":"cc.Quat","x":8.456206457530898e-17,"y":0.8428416188241283,"z":-8.456206457530898e-17,"w":0.5381616909237621},"_euler":{"__type__":"cc.Vec3","x":1.3382058534133357e-14,"y":114.88283069527513,"z":2.952378608044433e-15}},{"__type__":"cc.Node","_name":"圆柱_1","_parent":{"__id__":2},"_components":[{"__type__":"cc.MeshRenderer","node":{"__id__":7},"_materials":[{"__uuid__":"abV4Wa5mRGALevaWktesAW@9aeec"}],"lightmapSettings":{"__type__":"cc.ModelLightmapSettings"},"_mesh":{"__uuid__":"abV4Wa5mRGALevaWktesAW@14e62"}}],"_prefab":{"__type__":"cc.PrefabInfo","root":{"__id__":1},"asset":{"__id__":0},"fileId":"2dr/Ni36RC/YKe/FD7AIve","_synced":{"default":false,"serializable":false}},"_lpos":{"__type__":"cc.Vec3","y":1.08246958255768}},{"__type__":"cc.Node","_name":"圆柱","_parent":{"__id__":2},"_components":[{"__type__":"cc.MeshRenderer","node":{"__id__":8},"_materials":[{"__uuid__":"abV4Wa5mRGALevaWktesAW@22e2a"},{"__uuid__":"abV4Wa5mRGALevaWktesAW@3ecad"}],"lightmapSettings":{"__type__":"cc.ModelLightmapSettings"},"_mesh":{"__uuid__":"abV4Wa5mRGALevaWktesAW@f32e4"}}],"_prefab":{"__type__":"cc.PrefabInfo","root":{"__id__":1},"asset":{"__id__":0},"fileId":"231IJqQ6BF/bamDt6LiBZl","_synced":{"default":false,"serializable":false}},"_lpos":{"__type__":"cc.Vec3","y":1.36000001430511}},{"__type__":"cc.Node","_name":"圆柱_3","_parent":{"__id__":2},"_components":[{"__type__":"cc.MeshRenderer","node":{"__id__":9},"_materials":[{"__uuid__":"abV4Wa5mRGALevaWktesAW@22e2a"}],"lightmapSettings":{"__type__":"cc.ModelLightmapSettings"},"_mesh":{"__uuid__":"abV4Wa5mRGALevaWktesAW@0cb68"}}],"_prefab":{"__type__":"cc.PrefabInfo","root":{"__id__":1},"asset":{"__id__":0},"fileId":"a1h6UvQeVDWK15O2Wvk/3s","_synced":{"default":false,"serializable":false}},"_lpos":{"__type__":"cc.Vec3","y":0.199999988079071}}],{"__type__":"cc.Material","_name":"材质.2","_effectAsset":{"__uuid__":"1brw/JvvpFnIvdrxpFCgMZ"},"_defines":[{}],"_states":[{"rasterizerState":{},"blendState":{"targets":[{}]},"depthStencilState":{}}],"_props":[{"albedoScale":{"__type__":"cc.Vec3","x":0.800000011920929,"y":0.430400013923645,"z":0.184000000357628},"metallic":0.200000002980232,"roughness":0.800000011920929}]},{"__type__":"cc.Mesh","_native":".bin","_struct":{"primitives":[{"primitiveMode":7,"vertexBundelIndices":[0],"indexView":{"offset":5664,"length":816,"count":408,"stride":2}},{"primitiveMode":7,"vertexBundelIndices":[1],"indexView":{"offset":9984,"length":480,"count":240,"stride":2}}],"vertexBundles":[{"view":{"offset":0,"length":5664,"count":118,"stride":48},"attributes":[{"name":"a_position","format":32,"isNormalized":false},{"name":"a_normal","format":32,"isNormalized":false},{"name":"a_texCoord","format":21,"isNormalized":false},{"name":"a_tangent","format":44,"isNormalized":false}]},{"view":{"offset":6480,"length":3504,"count":73,"stride":48},"attributes":[{"name":"a_position","format":32,"isNormalized":false},{"name":"a_normal","format":32,"isNormalized":false},{"name":"a_texCoord","format":21,"isNormalized":false},{"name":"a_tangent","format":44,"isNormalized":false}]}],"minPosition":{"__type__":"cc.Vec3","x":-1.3514894247055054,"y":-0.20135322213172913,"z":-1.3514894247055054},"maxPosition":{"__type__":"cc.Vec3","x":1.3514894247055054,"y":0.19999998807907104,"z":1.3514894247055054}},"_dataLength":10464,"_hash":26083794}]
