[{"__type__":"cc.Mesh","_native":".bin","_struct":{"primitives":[{"primitiveMode":7,"vertexBundelIndices":[0],"indexView":{"offset":21120,"length":1908,"count":954,"stride":2}}],"vertexBundles":[{"view":{"offset":0,"length":21120,"count":440,"stride":48},"attributes":[{"name":"a_position","format":32,"isNormalized":false},{"name":"a_normal","format":32,"isNormalized":false},{"name":"a_texCoord","format":21,"isNormalized":false},{"name":"a_tangent","format":44,"isNormalized":false}]}],"minPosition":{"__type__":"cc.Vec3","x":-0.3499999940395355,"y":-0.05940746143460274,"z":-1.0002999305725098},"maxPosition":{"__type__":"cc.Vec3","x":0.3499999940395355,"y":0.02059253677725792,"z":0.3997000753879547}},"_dataLength":23028,"_hash":2634222665},{"__type__":"cc.Material","_name":"材质.4","_effectAsset":{"__uuid__":"1brw/JvvpFnIvdrxpFCgMZ"},"_defines":[{"USE_ALBEDO_MAP":true}],"_states":[{"rasterizerState":{},"blendState":{"targets":[{"blend":true,"blendSrc":2,"blendDst":4,"blendDstAlpha":4}]},"depthStencilState":{"depthWrite":false}}],"_props":[{"albedoScale":{"__type__":"cc.Vec3","x":1,"y":1,"z":1},"metallic":0.200000002980232,"roughness":0.800000011920929,"mainTexture":{"__uuid__":"5cBvuFpExL+L2hFI6TFZ7s@ba547"}}]},{"__type__":"cc.Mesh","_native":".bin","_struct":{"primitives":[{"primitiveMode":7,"vertexBundelIndices":[0],"indexView":{"offset":33744,"length":7776,"count":3888,"stride":2}}],"vertexBundles":[{"view":{"offset":0,"length":33744,"count":703,"stride":48},"attributes":[{"name":"a_position","format":32,"isNormalized":false},{"name":"a_normal","format":32,"isNormalized":false},{"name":"a_texCoord","format":21,"isNormalized":false},{"name":"a_tangent","format":44,"isNormalized":false}]}],"minPosition":{"__type__":"cc.Vec3","x":-1.454699993133545,"y":-0.07999999821186066,"z":-1.454699993133545},"maxPosition":{"__type__":"cc.Vec3","x":1.454699993133545,"y":0.07999999821186066,"z":1.454699993133545}},"_dataLength":41520,"_hash":2229273234},{"__type__":"cc.Material","_name":"材质.1","_effectAsset":{"__uuid__":"1brw/JvvpFnIvdrxpFCgMZ"},"_defines":[{}],"_states":[{"rasterizerState":{},"blendState":{"targets":[{}]},"depthStencilState":{}}],"_props":[{"albedoScale":{"__type__":"cc.Vec3","x":0.889999985694885,"y":0.828293323516846,"z":0.658599972724915},"metallic":0.200000002980232,"roughness":0.800000011920929}]},{"__type__":"cc.Material","_name":"材质.3","_effectAsset":{"__uuid__":"1brw/JvvpFnIvdrxpFCgMZ"},"_defines":[{"USE_ALBEDO_MAP":true}],"_states":[{"rasterizerState":{},"blendState":{"targets":[{}]},"depthStencilState":{}}],"_props":[{"albedoScale":{"__type__":"cc.Vec3","x":1,"y":1,"z":1},"metallic":0.200000002980232,"roughness":0.800000011920929,"mainTexture":{"__uuid__":"5cBvuFpExL+L2hFI6TFZ7s@a77e3"}}]},{"__type__":"cc.Mesh","_native":".bin","_struct":{"primitives":[{"primitiveMode":7,"vertexBundelIndices":[0],"indexView":{"offset":33744,"length":7776,"count":3888,"stride":2}}],"vertexBundles":[{"view":{"offset":0,"length":33744,"count":703,"stride":48},"attributes":[{"name":"a_position","format":32,"isNormalized":false},{"name":"a_normal","format":32,"isNormalized":false},{"name":"a_texCoord","format":21,"isNormalized":false},{"name":"a_tangent","format":44,"isNormalized":false}]}],"minPosition":{"__type__":"cc.Vec3","x":-1.459999918937683,"y":-0.19999998807907104,"z":-1.459999918937683},"maxPosition":{"__type__":"cc.Vec3","x":1.459999918937683,"y":0.19999998807907104,"z":1.459999918937683}},"_dataLength":41520,"_hash":4142459868},[{"__type__":"cc.Prefab","data":{"__id__":1}},{"__type__":"cc.Node","_name":"y502","_children":[{"__id__":2}],"_prefab":{"__type__":"cc.PrefabInfo","root":{"__id__":1},"asset":{"__id__":0},"fileId":"11zqcBS0lDnrsfyPeB/8BK","_synced":{"default":false,"serializable":false}}},{"__type__":"cc.Node","_name":"RootNode","_parent":{"__id__":1},"_children":[{"__id__":3},{"__id__":4},{"__id__":5},{"__id__":6}],"_prefab":{"__type__":"cc.PrefabInfo","root":{"__id__":1},"asset":{"__id__":0},"fileId":"adE+dt17FGbok8fp0M4R8q","_synced":{"default":false,"serializable":false}}},{"__type__":"cc.Node","_name":"圆环_2","_parent":{"__id__":2},"_components":[{"__type__":"cc.MeshRenderer","node":{"__id__":3},"_materials":[{"__uuid__":"5cBvuFpExL+L2hFI6TFZ7s@9aeec"}],"lightmapSettings":{"__type__":"cc.ModelLightmapSettings"},"_mesh":{"__uuid__":"5cBvuFpExL+L2hFI6TFZ7s@5d701"}}],"_prefab":{"__type__":"cc.PrefabInfo","root":{"__id__":1},"asset":{"__id__":0},"fileId":"4d8C+iAj5I478CH+/XBIo5","_synced":{"default":false,"serializable":false}},"_lpos":{"__type__":"cc.Vec3","y":0.0799999982118607}},{"__type__":"cc.Node","_name":"圆环","_parent":{"__id__":2},"_components":[{"__type__":"cc.MeshRenderer","node":{"__id__":4},"_materials":[{"__uuid__":"5cBvuFpExL+L2hFI6TFZ7s@9aeec"}],"lightmapSettings":{"__type__":"cc.ModelLightmapSettings"},"_mesh":{"__uuid__":"5cBvuFpExL+L2hFI6TFZ7s@ab47a"}}],"_prefab":{"__type__":"cc.PrefabInfo","root":{"__id__":1},"asset":{"__id__":0},"fileId":"4aFMJqn+VEdKa4EUnJvpbq","_synced":{"default":false,"serializable":false}},"_lpos":{"__type__":"cc.Vec3","y":1.36000001430511}},{"__type__":"cc.Node","_name":"圆柱","_parent":{"__id__":2},"_components":[{"__type__":"cc.MeshRenderer","node":{"__id__":5},"_materials":[{"__uuid__":"5cBvuFpExL+L2hFI6TFZ7s@76ab0"},{"__uuid__":"5cBvuFpExL+L2hFI6TFZ7s@3ecad"}],"lightmapSettings":{"__type__":"cc.ModelLightmapSettings"},"_mesh":{"__uuid__":"5cBvuFpExL+L2hFI6TFZ7s@f32e4"}}],"_prefab":{"__type__":"cc.PrefabInfo","root":{"__id__":1},"asset":{"__id__":0},"fileId":"d9Mzir5AlIMo6Xqs5XcjeF","_synced":{"default":false,"serializable":false}},"_lpos":{"__type__":"cc.Vec3","y":0.759999990463257}},{"__type__":"cc.Node","_name":"圆盘","_parent":{"__id__":2},"_components":[{"__type__":"cc.MeshRenderer","node":{"__id__":6},"_materials":[{"__uuid__":"5cBvuFpExL+L2hFI6TFZ7s@9aeec"}],"lightmapSettings":{"__type__":"cc.ModelLightmapSettings"},"_mesh":{"__uuid__":"5cBvuFpExL+L2hFI6TFZ7s@0e1c8"}}],"_prefab":{"__type__":"cc.PrefabInfo","root":{"__id__":1},"asset":{"__id__":0},"fileId":"61A2Xx29tCrobERO0yTzsC","_synced":{"default":false,"serializable":false}},"_lpos":{"__type__":"cc.Vec3","y":1.51999998092651}}],{"__type__":"cc.Mesh","_native":".bin","_struct":{"primitives":[{"primitiveMode":7,"vertexBundelIndices":[0],"indexView":{"offset":10656,"length":1944,"count":972,"stride":2}},{"primitiveMode":7,"vertexBundelIndices":[1],"indexView":{"offset":14376,"length":216,"count":108,"stride":2}}],"vertexBundles":[{"view":{"offset":0,"length":10656,"count":222,"stride":48},"attributes":[{"name":"a_position","format":32,"isNormalized":false},{"name":"a_normal","format":32,"isNormalized":false},{"name":"a_texCoord","format":21,"isNormalized":false},{"name":"a_tangent","format":44,"isNormalized":false}]},{"view":{"offset":12600,"length":1776,"count":37,"stride":48},"attributes":[{"name":"a_position","format":32,"isNormalized":false},{"name":"a_normal","format":32,"isNormalized":false},{"name":"a_texCoord","format":21,"isNormalized":false},{"name":"a_tangent","format":44,"isNormalized":false}]}],"minPosition":{"__type__":"cc.Vec3","x":-1.4661681652069092,"y":-0.6661965847015381,"z":-1.4661681652069092},"maxPosition":{"__type__":"cc.Vec3","x":1.4661681652069092,"y":0.7138034105300903,"z":1.4661681652069092}},"_dataLength":14592,"_hash":3999542351}]
