[{"__type__":"cc.Material","_name":"材质","_effectAsset":{"__uuid__":"1brw/JvvpFnIvdrxpFCgMZ"},"_defines":[{}],"_states":[{"rasterizerState":{},"blendState":{"targets":[{}]},"depthStencilState":{}}],"_props":[{"albedoScale":{"__type__":"cc.Vec3","x":0.899999976158142,"y":0.0900000035762787,"z":0.224999994039536},"metallic":0.400000005960464,"roughness":0.242535620927811}]},{"__type__":"cc.Mesh","_native":".bin","_struct":{"primitives":[{"primitiveMode":7,"vertexBundelIndices":[0],"indexView":{"offset":47856,"length":9936,"count":4968,"stride":2}}],"vertexBundles":[{"view":{"offset":0,"length":47856,"count":997,"stride":48},"attributes":[{"name":"a_position","format":32,"isNormalized":false},{"name":"a_normal","format":32,"isNormalized":false},{"name":"a_texCoord","format":21,"isNormalized":false},{"name":"a_tangent","format":44,"isNormalized":false}]}],"minPosition":{"__type__":"cc.Vec3","x":-0.2800000011920929,"y":-0.10499999672174454,"z":-0.2800000011920929},"maxPosition":{"__type__":"cc.Vec3","x":0.2800000011920929,"y":0.10499999672174454,"z":0.2800000011920929}},"_dataLength":57792,"_hash":1232096884},{"__type__":"cc.Mesh","_native":".bin","_struct":{"primitives":[{"primitiveMode":7,"vertexBundelIndices":[0],"indexView":{"offset":29856,"length":5184,"count":2592,"stride":2}}],"vertexBundles":[{"view":{"offset":0,"length":29856,"count":622,"stride":48},"attributes":[{"name":"a_position","format":32,"isNormalized":false},{"name":"a_normal","format":32,"isNormalized":false},{"name":"a_texCoord","format":21,"isNormalized":false},{"name":"a_tangent","format":44,"isNormalized":false}]}],"minPosition":{"__type__":"cc.Vec3","x":-0.38359999656677246,"y":-0.5015872120857239,"z":-0.38359999656677246},"maxPosition":{"__type__":"cc.Vec3","x":0.38359999656677246,"y":0.5944227576255798,"z":0.38359999656677246}},"_dataLength":35040,"_hash":2718351428},{"__type__":"cc.Mesh","_native":".bin","_struct":{"primitives":[{"primitiveMode":7,"vertexBundelIndices":[0],"indexView":{"offset":47856,"length":9936,"count":4968,"stride":2}}],"vertexBundles":[{"view":{"offset":0,"length":47856,"count":997,"stride":48},"attributes":[{"name":"a_position","format":32,"isNormalized":false},{"name":"a_normal","format":32,"isNormalized":false},{"name":"a_texCoord","format":21,"isNormalized":false},{"name":"a_tangent","format":44,"isNormalized":false}]}],"minPosition":{"__type__":"cc.Vec3","x":-0.38499999046325684,"y":-0.1642894744873047,"z":-0.38499999046325684},"maxPosition":{"__type__":"cc.Vec3","x":0.38499999046325684,"y":0.1642894744873047,"z":0.38499999046325684}},"_dataLength":57792,"_hash":3651263115}]
