[{"__type__":"cc.Mesh","_native":".bin","_struct":{"primitives":[{"primitiveMode":7,"vertexBundelIndices":[0],"indexView":{"offset":1152,"length":72,"count":36,"stride":2}}],"vertexBundles":[{"view":{"offset":0,"length":1152,"count":24,"stride":48},"attributes":[{"name":"a_position","format":32,"isNormalized":false},{"name":"a_normal","format":32,"isNormalized":false},{"name":"a_texCoord","format":21,"isNormalized":false},{"name":"a_tangent","format":44,"isNormalized":false}]}],"minPosition":{"__type__":"cc.Vec3","x":-1.4549999237060547,"y":-0.05999999865889549,"z":-1.4549999237060547},"maxPosition":{"__type__":"cc.Vec3","x":1.4549999237060547,"y":0.05999999865889549,"z":1.4549999237060547}},"_dataLength":1224,"_hash":3186100040},{"__type__":"cc.Mesh","_native":".bin","_struct":{"primitives":[{"primitiveMode":7,"vertexBundelIndices":[0],"indexView":{"offset":192,"length":12,"count":6,"stride":2}},{"primitiveMode":7,"vertexBundelIndices":[1],"indexView":{"offset":1164,"length":60,"count":30,"stride":2}}],"vertexBundles":[{"view":{"offset":0,"length":192,"count":4,"stride":48},"attributes":[{"name":"a_position","format":32,"isNormalized":false},{"name":"a_normal","format":32,"isNormalized":false},{"name":"a_texCoord","format":21,"isNormalized":false},{"name":"a_tangent","format":44,"isNormalized":false}]},{"view":{"offset":204,"length":960,"count":20,"stride":48},"attributes":[{"name":"a_position","format":32,"isNormalized":false},{"name":"a_normal","format":32,"isNormalized":false},{"name":"a_texCoord","format":21,"isNormalized":false},{"name":"a_tangent","format":44,"isNormalized":false}]}],"minPosition":{"__type__":"cc.Vec3","x":-1.4549999237060547,"y":-0.05999999865889549,"z":-1.4549999237060547},"maxPosition":{"__type__":"cc.Vec3","x":1.4549999237060547,"y":0.05999999865889549,"z":1.4549999237060547}},"_dataLength":1224,"_hash":1516190462},{"__type__":"cc.Material","_name":"材质.1","_effectAsset":{"__uuid__":"1brw/JvvpFnIvdrxpFCgMZ"},"_defines":[{"USE_ALBEDO_MAP":true}],"_states":[{"rasterizerState":{},"blendState":{"targets":[{}]},"depthStencilState":{}}],"_props":[{"albedoScale":{"__type__":"cc.Vec3","x":1,"y":1,"z":1},"metallic":0.200000002980232,"roughness":0.800000011920929,"mainTexture":{"__uuid__":"bfI9TQbgZF+KTKzsd+NlRD@b1b39"}}]},{"__type__":"cc.Material","_name":"材质","_effectAsset":{"__uuid__":"1brw/JvvpFnIvdrxpFCgMZ"},"_defines":[{"USE_ALBEDO_MAP":true}],"_states":[{"rasterizerState":{},"blendState":{"targets":[{}]},"depthStencilState":{}}],"_props":[{"albedoScale":{"__type__":"cc.Vec3","x":1,"y":1,"z":1},"metallic":0.200000002980232,"roughness":0.800000011920929,"mainTexture":{"__uuid__":"bfI9TQbgZF+KTKzsd+NlRD@d44e5"}}]},{"__type__":"cc.Material","_name":"白色","_effectAsset":{"__uuid__":"1brw/JvvpFnIvdrxpFCgMZ"},"_defines":[{}],"_states":[{"rasterizerState":{},"blendState":{"targets":[{}]},"depthStencilState":{}}],"_props":[{"albedoScale":{"__type__":"cc.Vec3","x":1,"y":1,"z":1},"metallic":0.200000002980232,"roughness":0.800000011920929}]},[{"__type__":"cc.Prefab","data":{"__id__":1}},{"__type__":"cc.Node","_name":"f504","_children":[{"__id__":2}],"_prefab":{"__type__":"cc.PrefabInfo","root":{"__id__":1},"asset":{"__id__":0},"fileId":"4bF1goG0tFsquc2/tpucgl","_synced":{"default":false,"serializable":false}}},{"__type__":"cc.Node","_name":"RootNode","_parent":{"__id__":1},"_children":[{"__id__":3},{"__id__":4},{"__id__":5},{"__id__":6}],"_prefab":{"__type__":"cc.PrefabInfo","root":{"__id__":1},"asset":{"__id__":0},"fileId":"3dHGTKHYpAbrmzGLpYj1oi","_synced":{"default":false,"serializable":false}}},{"__type__":"cc.Node","_name":"立方体_1","_parent":{"__id__":2},"_components":[{"__type__":"cc.MeshRenderer","node":{"__id__":3},"_materials":[{"__uuid__":"bfI9TQbgZF+KTKzsd+NlRD@22e2a"},{"__uuid__":"bfI9TQbgZF+KTKzsd+NlRD@35e30"}],"lightmapSettings":{"__type__":"cc.ModelLightmapSettings"},"_mesh":{"__uuid__":"bfI9TQbgZF+KTKzsd+NlRD@7f806"}}],"_prefab":{"__type__":"cc.PrefabInfo","root":{"__id__":1},"asset":{"__id__":0},"fileId":"6bzg9nBH9Pf5oLlf4UrbNf","_synced":{"default":false,"serializable":false}},"_lpos":{"__type__":"cc.Vec3","y":1.5}},{"__type__":"cc.Node","_name":"立方体_3","_parent":{"__id__":2},"_components":[{"__type__":"cc.MeshRenderer","node":{"__id__":4},"_materials":[{"__uuid__":"bfI9TQbgZF+KTKzsd+NlRD@35e30"}],"lightmapSettings":{"__type__":"cc.ModelLightmapSettings"},"_mesh":{"__uuid__":"bfI9TQbgZF+KTKzsd+NlRD@f1dca"}}],"_prefab":{"__type__":"cc.PrefabInfo","root":{"__id__":1},"asset":{"__id__":0},"fileId":"e2Zt2h2khN9qe9wlsy9oTI","_synced":{"default":false,"serializable":false}},"_lpos":{"__type__":"cc.Vec3","x":-1.39499998092651,"y":0.779999971389771}},{"__type__":"cc.Node","_name":"立方体_2","_parent":{"__id__":2},"_components":[{"__type__":"cc.MeshRenderer","node":{"__id__":5},"_materials":[{"__uuid__":"bfI9TQbgZF+KTKzsd+NlRD@35e30"}],"lightmapSettings":{"__type__":"cc.ModelLightmapSettings"},"_mesh":{"__uuid__":"bfI9TQbgZF+KTKzsd+NlRD@5d2a2"}}],"_prefab":{"__type__":"cc.PrefabInfo","root":{"__id__":1},"asset":{"__id__":0},"fileId":"70c/1KkMhDaohP3S9Cat7i","_synced":{"default":false,"serializable":false}},"_lpos":{"__type__":"cc.Vec3","y":0.0599999986588955}},{"__type__":"cc.Node","_name":"立方体","_parent":{"__id__":2},"_components":[{"__type__":"cc.MeshRenderer","node":{"__id__":6},"_materials":[{"__uuid__":"bfI9TQbgZF+KTKzsd+NlRD@9aeec"},{"__uuid__":"bfI9TQbgZF+KTKzsd+NlRD@ea6e2"}],"lightmapSettings":{"__type__":"cc.ModelLightmapSettings"},"_mesh":{"__uuid__":"bfI9TQbgZF+KTKzsd+NlRD@e10e4"}}],"_prefab":{"__type__":"cc.PrefabInfo","root":{"__id__":1},"asset":{"__id__":0},"fileId":"a2x7KLuxxHN4EpjEGlZn6A","_synced":{"default":false,"serializable":false}},"_lpos":{"__type__":"cc.Vec3","y":0.779999971389771}}],{"__type__":"cc.Mesh","_native":".bin","_struct":{"primitives":[{"primitiveMode":7,"vertexBundelIndices":[0],"indexView":{"offset":192,"length":12,"count":6,"stride":2}},{"primitiveMode":7,"vertexBundelIndices":[1],"indexView":{"offset":1164,"length":60,"count":30,"stride":2}}],"vertexBundles":[{"view":{"offset":0,"length":192,"count":4,"stride":48},"attributes":[{"name":"a_position","format":32,"isNormalized":false},{"name":"a_normal","format":32,"isNormalized":false},{"name":"a_texCoord","format":21,"isNormalized":false},{"name":"a_tangent","format":44,"isNormalized":false}]},{"view":{"offset":204,"length":960,"count":20,"stride":48},"attributes":[{"name":"a_position","format":32,"isNormalized":false},{"name":"a_normal","format":32,"isNormalized":false},{"name":"a_texCoord","format":21,"isNormalized":false},{"name":"a_tangent","format":44,"isNormalized":false}]}],"minPosition":{"__type__":"cc.Vec3","x":-1.350000023841858,"y":-0.6599999666213989,"z":-1.350000023841858},"maxPosition":{"__type__":"cc.Vec3","x":1.350000023841858,"y":0.6599999666213989,"z":1.350000023841858}},"_dataLength":1224,"_hash":1942855519},{"__type__":"cc.Material","_name":"DefaultMaterial","_effectAsset":{"__uuid__":"1brw/JvvpFnIvdrxpFCgMZ"},"_defines":[{}],"_states":[{"rasterizerState":{},"blendState":{"targets":[{}]},"depthStencilState":{}}],"_props":[{"albedoScale":{"__type__":"cc.Vec3","x":0.5,"y":0.5,"z":0.5},"metallic":0.200000002980232,"roughness":0.800000011920929}]},{"__type__":"cc.Mesh","_native":".bin","_struct":{"primitives":[{"primitiveMode":7,"vertexBundelIndices":[0],"indexView":{"offset":1152,"length":72,"count":36,"stride":2}}],"vertexBundles":[{"view":{"offset":0,"length":1152,"count":24,"stride":48},"attributes":[{"name":"a_position","format":32,"isNormalized":false},{"name":"a_normal","format":32,"isNormalized":false},{"name":"a_texCoord","format":21,"isNormalized":false},{"name":"a_tangent","format":44,"isNormalized":false}]}],"minPosition":{"__type__":"cc.Vec3","x":-0.05999999865889549,"y":-0.6599999666213989,"z":-1.4549999237060547},"maxPosition":{"__type__":"cc.Vec3","x":0.05999999865889549,"y":0.6599999666213989,"z":1.4549999237060547}},"_dataLength":1224,"_hash":2776798288}]
