{"__type__":"cc.EffectAsset","_name":"builtin-unlit","techniques":[{"name":"opaque","passes":[{"program":"builtin-unlit|unlit-vs:vert|unlit-fs:frag","properties":{"mainTexture":{"value":"grey","type":28},"tilingOffset":{"value":[1,1,0,0],"type":16},"mainColor":{"value":[1,1,1,1],"type":16},"colorScale":{"value":[1,1,1],"type":15,"handleInfo":["colorScaleAndCutoff",0,15]},"alphaThreshold":{"value":[0.5],"type":13,"handleInfo":["colorScaleAndCutoff",3,13]},"color":{"type":16,"handleInfo":["mainColor",0,16]},"colorScaleAndCutoff":{"type":16,"value":[1,1,1,0.5]}}}]},{"name":"transparent","passes":[{"blendState":{"targets":[{"blend":true,"blendSrc":2,"blendDst":4,"blendDstAlpha":4}]},"program":"builtin-unlit|unlit-vs:vert|unlit-fs:frag","depthStencilState":{"depthTest":true,"depthWrite":false},"properties":{"mainTexture":{"value":"grey","type":28},"tilingOffset":{"value":[1,1,0,0],"type":16},"mainColor":{"value":[1,1,1,1],"type":16},"colorScale":{"value":[1,1,1],"type":15,"handleInfo":["colorScaleAndCutoff",0,15]},"alphaThreshold":{"value":[0.5],"type":13,"handleInfo":["colorScaleAndCutoff",3,13]},"color":{"type":16,"handleInfo":["mainColor",0,16]},"colorScaleAndCutoff":{"type":16,"value":[1,1,1,0.5]}}}]},{"name":"add","passes":[{"rasterizerState":{"cullMode":0},"blendState":{"targets":[{"blend":true,"blendSrc":2,"blendDst":1,"blendSrcAlpha":2,"blendDstAlpha":1}]},"program":"builtin-unlit|unlit-vs:vert|unlit-fs:frag","depthStencilState":{"depthTest":true,"depthWrite":false},"properties":{"mainTexture":{"value":"grey","type":28},"tilingOffset":{"value":[1,1,0,0],"type":16},"mainColor":{"value":[1,1,1,1],"type":16},"colorScale":{"value":[1,1,1],"type":15,"handleInfo":["colorScaleAndCutoff",0,15]},"alphaThreshold":{"value":[0.5],"type":13,"handleInfo":["colorScaleAndCutoff",3,13]},"color":{"type":16,"handleInfo":["mainColor",0,16]},"colorScaleAndCutoff":{"type":16,"value":[1,1,1,0.5]}}}]},{"name":"alpha-blend","passes":[{"rasterizerState":{"cullMode":0},"blendState":{"targets":[{"blend":true,"blendSrc":2,"blendDst":4,"blendSrcAlpha":2,"blendDstAlpha":4}]},"program":"builtin-unlit|unlit-vs:vert|unlit-fs:frag","depthStencilState":{"depthTest":true,"depthWrite":false},"properties":{"mainTexture":{"value":"grey","type":28},"tilingOffset":{"value":[1,1,0,0],"type":16},"mainColor":{"value":[1,1,1,1],"type":16},"colorScale":{"value":[1,1,1],"type":15,"handleInfo":["colorScaleAndCutoff",0,15]},"alphaThreshold":{"value":[0.5],"type":13,"handleInfo":["colorScaleAndCutoff",3,13]},"color":{"type":16,"handleInfo":["mainColor",0,16]},"colorScaleAndCutoff":{"type":16,"value":[1,1,1,0.5]}}}]}],"shaders":[{"hash":4280240937,"glsl1":{"vert":"\nprecision highp float;\nhighp float decode32 (highp vec4 rgba) {\n  rgba = rgba * 255.0;\n  highp float Sign = 1.0 - (step(128.0, (rgba[3]) + 0.5)) * 2.0;\n  highp float Exponent = 2.0 * (mod(float(int((rgba[3]) + 0.5)), 128.0)) + (step(128.0, (rgba[2]) + 0.5)) - 127.0;\n  highp float Mantissa = (mod(float(int((rgba[2]) + 0.5)), 128.0)) * 65536.0 + rgba[1] * 256.0 + rgba[0] + 8388608.0;\n  return Sign * exp2(Exponent - 23.0) * Mantissa;\n}\nstruct StandardVertInput {\n  highp vec4 position;\n  vec3 normal;\n  vec4 tangent;\n};\nattribute vec3 a_position;\nattribute vec3 a_normal;\nattribute vec2 a_texCoord;\nattribute vec4 a_tangent;\n#if CC_USE_MORPH\n    attribute float a_vertexId;\n    int getVertexId() {\n        return int(a_vertexId);\n    }\nuniform vec4 cc_displacementWeights[15];\nuniform vec4 cc_displacementTextureInfo;\nvec2 getPixelLocation(vec2 textureResolution, int pixelIndex) {\n    float pixelIndexF = float(pixelIndex);\n    float x = mod(pixelIndexF, textureResolution.x);\n    float y = floor(pixelIndexF / textureResolution.x);\n    return vec2(x, y);\n}\nvec2 getPixelCoordFromLocation(vec2 location, vec2 textureResolution) {\n    return (vec2(location.x, location.y) + .5) / textureResolution;\n}\n#if CC_SUPPORT_FLOAT_TEXTURE\n        vec4 fetchVec3ArrayFromTexture(sampler2D tex, int elementIndex) {\n            int pixelIndex = elementIndex;\n            vec2 location = getPixelLocation(cc_displacementTextureInfo.xy, pixelIndex);\n            vec2 uv = getPixelCoordFromLocation(location, cc_displacementTextureInfo.xy);\n            return texture2D(tex, uv);\n        }\n#else\n    vec4 fetchVec3ArrayFromTexture(sampler2D tex, int elementIndex) {\n        int pixelIndex = elementIndex * 4;\n        vec2 location = getPixelLocation(cc_displacementTextureInfo.xy, pixelIndex);\n        vec2 x = getPixelCoordFromLocation(location + vec2(0.0, 0.0), cc_displacementTextureInfo.xy);\n        vec2 y = getPixelCoordFromLocation(location + vec2(1.0, 0.0), cc_displacementTextureInfo.xy);\n        vec2 z = getPixelCoordFromLocation(location + vec2(2.0, 0.0), cc_displacementTextureInfo.xy);\n        return vec4(\n            decode32(texture2D(tex, x)),\n            decode32(texture2D(tex, y)),\n            decode32(texture2D(tex, z)),\n            1.0\n        );\n    }\n#endif\nfloat getDisplacementWeight(int index) {\n    int quot = index / 4;\n    int remainder = index - quot * 4;\n    if (remainder == 0) {\n        return cc_displacementWeights[quot].x;\n    } else if (remainder == 1) {\n        return cc_displacementWeights[quot].y;\n    } else if (remainder == 2) {\n        return cc_displacementWeights[quot].z;\n    } else {\n        return cc_displacementWeights[quot].w;\n    }\n}\nvec3 getVec3DisplacementFromTexture(sampler2D tex, int vertexIndex) {\n#if CC_MORPH_PRECOMPUTED\n    return fetchVec3ArrayFromTexture(tex, vertexIndex).rgb;\n#else\n    vec3 result = vec3(0, 0, 0);\n    for (int iTarget = 0; iTarget < CC_MORPH_TARGET_COUNT; ++iTarget) {\n        int dataPixelStart = int(fetchVec3ArrayFromTexture(tex, iTarget).r);\n        result += (fetchVec3ArrayFromTexture(tex, dataPixelStart + vertexIndex).rgb * getDisplacementWeight(iTarget));\n    }\n    return result;\n#endif\n}\n#if CC_MORPH_TARGET_HAS_POSITION\n    uniform sampler2D cc_PositionDisplacements;\n    vec3 getPositionDisplacement(int vertexId) {\n        return getVec3DisplacementFromTexture(cc_PositionDisplacements, vertexId);\n    }\n#endif\n#if CC_MORPH_TARGET_HAS_NORMAL\n    uniform sampler2D cc_NormalDisplacements;\n    vec3 getNormalDisplacement(int vertexId) {\n        return getVec3DisplacementFromTexture(cc_NormalDisplacements, vertexId);\n    }\n#endif\n#if CC_MORPH_TARGET_HAS_TANGENT\n    uniform sampler2D cc_TangentDisplacements;\n    vec3 getTangentDisplacement(int vertexId) {\n        return getVec3DisplacementFromTexture(cc_TangentDisplacements, vertexId);\n    }\n#endif\nvoid applyMorph (inout StandardVertInput attr) {\n    int vertexId = getVertexId();\n#if CC_MORPH_TARGET_HAS_POSITION\n    attr.position.xyz = attr.position.xyz + getPositionDisplacement(vertexId);\n#endif\n#if CC_MORPH_TARGET_HAS_NORMAL\n    attr.normal.xyz = attr.normal.xyz + getNormalDisplacement(vertexId);\n#endif\n#if CC_MORPH_TARGET_HAS_TANGENT\n    attr.tangent.xyz = attr.tangent.xyz + getTangentDisplacement(vertexId);\n#endif\n}\nvoid applyMorph (inout vec4 position) {\n#if CC_MORPH_TARGET_HAS_POSITION\n    position.xyz = position.xyz + getPositionDisplacement(getVertexId());\n#endif\n}\n#endif\n#if CC_USE_SKINNING\nattribute vec4 a_joints;\nattribute vec4 a_weights;\n#if CC_USE_BAKED_ANIMATION\n  #if USE_INSTANCING\n    attribute highp vec4 a_jointAnimInfo;\n  #endif\n  uniform highp vec4 cc_jointTextureInfo;\n  uniform highp vec4 cc_jointAnimInfo;\n  uniform highp sampler2D cc_jointTexture;\n  #else\n  uniform highp vec4 cc_joints[90];\n#endif\n#if CC_USE_BAKED_ANIMATION\n  #if CC_SUPPORT_FLOAT_TEXTURE\n    mat4 getJointMatrix (float i) {\n    #if USE_INSTANCING\n      highp float j = 3.0 * (a_jointAnimInfo.x * a_jointAnimInfo.y + i) + a_jointAnimInfo.z;\n    #else\n      highp float j = 3.0 * (cc_jointAnimInfo.x * cc_jointTextureInfo.y + i) + cc_jointTextureInfo.z;\n    #endif\n    highp float invSize = cc_jointTextureInfo.w;\n    highp float y = floor(j * invSize);\n    highp float x = j - y * cc_jointTextureInfo.x;\n    y = (y + 0.5) * invSize;\n      vec4 v1 = texture2D(cc_jointTexture, vec2((x + 0.5) * invSize, y));\n      vec4 v2 = texture2D(cc_jointTexture, vec2((x + 1.5) * invSize, y));\n      vec4 v3 = texture2D(cc_jointTexture, vec2((x + 2.5) * invSize, y));\n      return mat4(vec4(v1.xyz, 0.0), vec4(v2.xyz, 0.0), vec4(v3.xyz, 0.0), vec4(v1.w, v2.w, v3.w, 1.0));\n    }\n  #else\n    mat4 getJointMatrix (float i) {\n    #if USE_INSTANCING\n      highp float j = 12.0 * (a_jointAnimInfo.x * a_jointAnimInfo.y + i) + a_jointAnimInfo.z;\n    #else\n      highp float j = 12.0 * (cc_jointAnimInfo.x * cc_jointTextureInfo.y + i) + cc_jointTextureInfo.z;\n    #endif\n    highp float invSize = cc_jointTextureInfo.w;\n    highp float y = floor(j * invSize);\n    highp float x = j - y * cc_jointTextureInfo.x;\n    y = (y + 0.5) * invSize;\n      vec4 v1 = vec4(\n        decode32(texture2D(cc_jointTexture, vec2((x + 0.5) * invSize, y))),\n        decode32(texture2D(cc_jointTexture, vec2((x + 1.5) * invSize, y))),\n        decode32(texture2D(cc_jointTexture, vec2((x + 2.5) * invSize, y))),\n        decode32(texture2D(cc_jointTexture, vec2((x + 3.5) * invSize, y)))\n      );\n      vec4 v2 = vec4(\n        decode32(texture2D(cc_jointTexture, vec2((x + 4.5) * invSize, y))),\n        decode32(texture2D(cc_jointTexture, vec2((x + 5.5) * invSize, y))),\n        decode32(texture2D(cc_jointTexture, vec2((x + 6.5) * invSize, y))),\n        decode32(texture2D(cc_jointTexture, vec2((x + 7.5) * invSize, y)))\n      );\n      vec4 v3 = vec4(\n        decode32(texture2D(cc_jointTexture, vec2((x + 8.5) * invSize, y))),\n        decode32(texture2D(cc_jointTexture, vec2((x + 9.5) * invSize, y))),\n        decode32(texture2D(cc_jointTexture, vec2((x + 10.5) * invSize, y))),\n        decode32(texture2D(cc_jointTexture, vec2((x + 11.5) * invSize, y)))\n      );\n      return mat4(vec4(v1.xyz, 0.0), vec4(v2.xyz, 0.0), vec4(v3.xyz, 0.0), vec4(v1.w, v2.w, v3.w, 1.0));\n    }\n  #endif\n#else\n  mat4 getJointMatrix (float i) {\n    int idx = int(i);\n    vec4 v1 = cc_joints[idx * 3];\n    vec4 v2 = cc_joints[idx * 3 + 1];\n    vec4 v3 = cc_joints[idx * 3 + 2];\n    return mat4(vec4(v1.xyz, 0.0), vec4(v2.xyz, 0.0), vec4(v3.xyz, 0.0), vec4(v1.w, v2.w, v3.w, 1.0));\n  }\n#endif\nmat4 skinMatrix () {\n  return getJointMatrix(a_joints.x) * a_weights.x\n       + getJointMatrix(a_joints.y) * a_weights.y\n       + getJointMatrix(a_joints.z) * a_weights.z\n       + getJointMatrix(a_joints.w) * a_weights.w;\n}\nvoid CCSkin (inout vec4 position) {\n  mat4 m = skinMatrix();\n  position = m * position;\n}\nvoid CCSkin (inout StandardVertInput attr) {\n  mat4 m = skinMatrix();\n  attr.position = m * attr.position;\n  attr.normal = (m * vec4(attr.normal, 0.0)).xyz;\n  attr.tangent.xyz = (m * vec4(attr.tangent.xyz, 0.0)).xyz;\n}\n#endif\nuniform highp mat4 cc_matView;\nuniform highp mat4 cc_matProj;\nuniform highp vec4 cc_cameraPos;\nuniform mediump vec4 cc_fogBase;\nuniform mediump vec4 cc_fogAdd;\n#if USE_INSTANCING\n  attribute vec4 a_matWorld0;\n  attribute vec4 a_matWorld1;\n  attribute vec4 a_matWorld2;\n  #if USE_LIGHTMAP\n    attribute vec4 a_lightingMapUVParam;\n  #endif\n#elif USE_BATCHING\n  attribute float a_dyn_batch_id;\n  uniform highp mat4 cc_matWorlds[10];\n#else\nuniform highp mat4 cc_matWorld;\n#endif\nfloat LinearFog(vec4 pos) {\n    vec4 wPos = pos;\n    float cam_dis = distance(cc_cameraPos, wPos);\n    float fogStart = cc_fogBase.x;\n    float fogEnd = cc_fogBase.y;\n    return clamp((fogEnd - cam_dis) / (fogEnd - fogStart), 0., 1.);\n}\nfloat ExpFog(vec4 pos) {\n    vec4 wPos = pos;\n    float fogAtten = cc_fogAdd.z;\n    float fogDensity = cc_fogBase.z;\n    float cam_dis = distance(cc_cameraPos, wPos) / fogAtten * 4.;\n    float f = exp(-cam_dis * fogDensity);\n    return f;\n}\nfloat ExpSquaredFog(vec4 pos) {\n    vec4 wPos = pos;\n    float fogAtten = cc_fogAdd.z;\n    float fogDensity = cc_fogBase.z;\n    float cam_dis = distance(cc_cameraPos, wPos) / fogAtten * 4.;\n    float f = exp(-cam_dis * cam_dis * fogDensity * fogDensity);\n    return f;\n}\nfloat LayeredFog(vec4 pos) {\n    vec4 wPos = pos;\n    float fogAtten = cc_fogAdd.z;\n    float _FogTop = cc_fogAdd.x;\n    float _FogRange = cc_fogAdd.y;\n    vec3 camWorldProj = cc_cameraPos.xyz;\n    camWorldProj.y = 0.;\n    vec3 worldPosProj = wPos.xyz;\n    worldPosProj.y = 0.;\n    float fDeltaD = distance(worldPosProj, camWorldProj) / fogAtten * 2.0;\n    float fDeltaY, fDensityIntegral;\n    if (cc_cameraPos.y > _FogTop) {\n        if (wPos.y < _FogTop) {\n            fDeltaY = (_FogTop - wPos.y) / _FogRange * 2.0;\n            fDensityIntegral = fDeltaY * fDeltaY * 0.5;\n        } else {\n            fDeltaY = 0.;\n            fDensityIntegral = 0.;\n        }\n    } else {\n        if (wPos.y < _FogTop) {\n            float fDeltaA = (_FogTop - cc_cameraPos.y) / _FogRange * 2.;\n            float fDeltaB = (_FogTop - wPos.y) / _FogRange * 2.;\n            fDeltaY = abs(fDeltaA - fDeltaB);\n            fDensityIntegral = abs((fDeltaA * fDeltaA * 0.5) - (fDeltaB * fDeltaB * 0.5));\n        } else {\n            fDeltaY = abs(_FogTop - cc_cameraPos.y) / _FogRange * 2.;\n            fDensityIntegral = abs(fDeltaY * fDeltaY * 0.5);\n        }\n    }\n    float fDensity;\n    if (fDeltaY != 0.) {\n        fDensity = (sqrt(1.0 + ((fDeltaD / fDeltaY) * (fDeltaD / fDeltaY)))) * fDensityIntegral;\n    } else {\n        fDensity = 0.;\n    }\n    float f = exp(-fDensity);\n    return f;\n}\nfloat CC_TRANSFER_FOG(vec4 pos) {\n    #if CC_USE_FOG == 1\n        return LinearFog(pos);\n\t#elif CC_USE_FOG == 2\n        return ExpFog(pos);\n    #elif CC_USE_FOG == 3\n        return ExpSquaredFog(pos);\n    #elif CC_USE_FOG == 4\n        return LayeredFog(pos);\n    #endif\n    return 1.;\n}\n#if USE_VERTEX_COLOR\n  attribute lowp vec4 a_color;\n  varying lowp vec4 v_color;\n#endif\n#if USE_TEXTURE\n  varying vec2 v_uv;\n  uniform vec4 tilingOffset;\n#endif\nvarying float factor_fog;\nvec4 vert () {\n  vec4 position;\n  position = vec4(a_position, 1.0);\n  #if CC_USE_MORPH\n    applyMorph(position);\n  #endif\n  #if CC_USE_SKINNING\n    CCSkin(position);\n  #endif\n  mat4 matWorld;\n  #if USE_INSTANCING\n    matWorld = mat4(\n      vec4(a_matWorld0.xyz, 0.0),\n      vec4(a_matWorld1.xyz, 0.0),\n      vec4(a_matWorld2.xyz, 0.0),\n      vec4(a_matWorld0.w, a_matWorld1.w, a_matWorld2.w, 1.0)\n    );\n  #elif USE_BATCHING\n    matWorld = cc_matWorlds[int(a_dyn_batch_id)];\n  #else\n    matWorld = cc_matWorld;\n  #endif\n  #if USE_TEXTURE\n    v_uv = a_texCoord * tilingOffset.xy + tilingOffset.zw;\n  #endif\n  #if USE_VERTEX_COLOR\n    v_color = a_color;\n  #endif\n  factor_fog = CC_TRANSFER_FOG(matWorld * position);\n  return cc_matProj * (cc_matView * matWorld) * position;\n}\nvoid main() { gl_Position = vert(); }","frag":"\nprecision highp float;\nuniform mediump vec4 cc_exposure;\nuniform mediump vec4 cc_fogColor;\nvec3 SRGBToLinear (vec3 gamma) {\n  return gamma * gamma;\n}\nvec4 CCFragOutput (vec4 color) {\n  #if CC_USE_HDR\n    color.rgb = mix(color.rgb, SRGBToLinear(color.rgb) * cc_exposure.w, vec3(cc_exposure.z));\n  #endif\n  return color;\n}\n#if USE_ALPHA_TEST\n#endif\n#if USE_TEXTURE\n  varying vec2 v_uv;\n  uniform sampler2D mainTexture;\n#endif\nuniform vec4 mainColor;\nuniform vec4 colorScaleAndCutoff;\n#if USE_VERTEX_COLOR\n  varying lowp vec4 v_color;\n#endif\nvarying float factor_fog;\nvec4 frag () {\n  vec4 o = mainColor;\n  o.rgb *= colorScaleAndCutoff.xyz;\n  #if USE_VERTEX_COLOR\n    o *= v_color;\n  #endif\n  #if USE_TEXTURE\n    o *= texture2D(mainTexture, v_uv);\n  #endif\n  #if USE_ALPHA_TEST\n    if (o.ALPHA_TEST_CHANNEL < colorScaleAndCutoff.w) discard;\n  #endif\n  o = vec4(mix(CC_FORWARD_ADD > 0 ? vec3(0.0) : cc_fogColor.rgb, o.rgb, factor_fog), o.a);\n  return CCFragOutput(o);\n}\nvoid main() { gl_FragColor = frag(); }"},"builtins":{"globals":{"blocks":[{"name":"CCGlobal","defines":[]}],"samplers":[]},"locals":{"blocks":[{"name":"CCMorph","defines":["CC_USE_MORPH"]},{"name":"CCSkinningTexture","defines":["CC_USE_SKINNING","CC_USE_BAKED_ANIMATION"]},{"name":"CCSkinningAnimation","defines":["CC_USE_SKINNING","CC_USE_BAKED_ANIMATION"]},{"name":"CCSkinning","defines":["CC_USE_SKINNING","!CC_USE_BAKED_ANIMATION"]},{"name":"CCLocalBatched","defines":["!USE_INSTANCING","USE_BATCHING"]},{"name":"CCLocal","defines":["!USE_INSTANCING","!USE_BATCHING"]}],"samplers":[{"name":"cc_PositionDisplacements","defines":["CC_USE_MORPH","CC_MORPH_TARGET_HAS_POSITION"]},{"name":"cc_NormalDisplacements","defines":["CC_USE_MORPH","CC_MORPH_TARGET_HAS_NORMAL"]},{"name":"cc_TangentDisplacements","defines":["CC_USE_MORPH","CC_MORPH_TARGET_HAS_TANGENT"]},{"name":"cc_jointTexture","defines":["CC_USE_SKINNING","CC_USE_BAKED_ANIMATION"]}]}},"defines":[{"name":"CC_USE_MORPH","type":"boolean"},{"name":"CC_MORPH_TARGET_COUNT","type":"number","range":[2,8]},{"name":"CC_SUPPORT_FLOAT_TEXTURE","type":"boolean"},{"name":"CC_MORPH_PRECOMPUTED","type":"boolean"},{"name":"CC_MORPH_TARGET_HAS_POSITION","type":"boolean"},{"name":"CC_MORPH_TARGET_HAS_NORMAL","type":"boolean"},{"name":"CC_MORPH_TARGET_HAS_TANGENT","type":"boolean"},{"name":"CC_USE_SKINNING","type":"boolean"},{"name":"CC_USE_BAKED_ANIMATION","type":"boolean"},{"name":"USE_INSTANCING","type":"boolean"},{"name":"USE_BATCHING","type":"boolean"},{"name":"USE_LIGHTMAP","type":"boolean"},{"name":"CC_USE_FOG","type":"number","range":[0,4]},{"name":"CC_FORWARD_ADD","type":"boolean"},{"name":"USE_VERTEX_COLOR","type":"boolean"},{"name":"USE_TEXTURE","type":"boolean"},{"name":"CC_USE_HDR","type":"boolean"},{"name":"USE_ALPHA_TEST","type":"boolean"},{"name":"ALPHA_TEST_CHANNEL","type":"string","options":["a","r","g","b"]}],"blocks":[{"name":"TexCoords","members":[{"name":"tilingOffset","type":16,"count":1}],"defines":["USE_TEXTURE"],"stageFlags":1,"binding":0},{"name":"Constant","members":[{"name":"mainColor","type":16,"count":1},{"name":"colorScaleAndCutoff","type":16,"count":1}],"defines":[],"stageFlags":16,"binding":1}],"samplers":[{"name":"mainTexture","type":28,"count":1,"defines":["USE_TEXTURE"],"stageFlags":16,"binding":2}],"attributes":[{"name":"a_position","type":15,"count":1,"defines":[],"stageFlags":1,"format":32,"location":0},{"name":"a_normal","type":15,"count":1,"defines":[],"stageFlags":1,"format":32,"location":1},{"name":"a_texCoord","type":14,"count":1,"defines":[],"stageFlags":1,"format":21,"location":2},{"name":"a_tangent","type":16,"count":1,"defines":[],"stageFlags":1,"format":44,"location":3},{"name":"a_vertexId","type":13,"count":1,"defines":["CC_USE_MORPH"],"stageFlags":1,"format":11,"location":6},{"name":"a_joints","type":12,"count":1,"defines":["CC_USE_SKINNING"],"stageFlags":1,"format":42,"location":4},{"name":"a_weights","type":16,"count":1,"defines":["CC_USE_SKINNING"],"stageFlags":1,"format":44,"location":5},{"name":"a_jointAnimInfo","type":16,"count":1,"defines":["CC_USE_SKINNING","CC_USE_BAKED_ANIMATION","USE_INSTANCING"],"stageFlags":1,"format":44,"isInstanced":true,"location":7},{"name":"a_matWorld0","type":16,"count":1,"defines":["USE_INSTANCING"],"stageFlags":1,"format":44,"isInstanced":true,"location":8},{"name":"a_matWorld1","type":16,"count":1,"defines":["USE_INSTANCING"],"stageFlags":1,"format":44,"isInstanced":true,"location":9},{"name":"a_matWorld2","type":16,"count":1,"defines":["USE_INSTANCING"],"stageFlags":1,"format":44,"isInstanced":true,"location":10},{"name":"a_lightingMapUVParam","type":16,"count":1,"defines":["USE_INSTANCING","USE_LIGHTMAP"],"stageFlags":1,"format":44,"isInstanced":true,"location":11},{"name":"a_dyn_batch_id","type":13,"count":1,"defines":["!USE_INSTANCING","USE_BATCHING"],"stageFlags":1,"format":11,"location":12},{"name":"a_color","type":16,"count":1,"defines":["USE_VERTEX_COLOR"],"stageFlags":1,"format":44,"location":13}],"record":null,"name":"builtin-unlit|unlit-vs:vert|unlit-fs:frag"}]}
