[{"__type__":"cc.Mesh","_native":".bin","_struct":{"primitives":[{"primitiveMode":7,"vertexBundelIndices":[0],"indexView":{"offset":20928,"length":1908,"count":954,"stride":2}}],"vertexBundles":[{"view":{"offset":0,"length":20928,"count":436,"stride":48},"attributes":[{"name":"a_position","format":32,"isNormalized":false},{"name":"a_normal","format":32,"isNormalized":false},{"name":"a_texCoord","format":21,"isNormalized":false},{"name":"a_tangent","format":44,"isNormalized":false}]}],"minPosition":{"__type__":"cc.Vec3","x":-0.19999998807907104,"y":-0.04455559700727463,"z":-0.5001499652862549},"maxPosition":{"__type__":"cc.Vec3","x":0.19999998807907104,"y":0.01544440258294344,"z":0.19985003769397736}},"_dataLength":22836,"_hash":2451051262},{"__type__":"cc.Mesh","_native":".bin","_struct":{"primitives":[{"primitiveMode":7,"vertexBundelIndices":[0],"indexView":{"offset":33744,"length":7776,"count":3888,"stride":2}}],"vertexBundles":[{"view":{"offset":0,"length":33744,"count":703,"stride":48},"attributes":[{"name":"a_position","format":32,"isNormalized":false},{"name":"a_normal","format":32,"isNormalized":false},{"name":"a_texCoord","format":21,"isNormalized":false},{"name":"a_tangent","format":44,"isNormalized":false}]}],"minPosition":{"__type__":"cc.Vec3","x":-0.6499999761581421,"y":-0.07999999821186066,"z":-0.6499999761581421},"maxPosition":{"__type__":"cc.Vec3","x":0.6499999761581421,"y":0.07999999821186066,"z":0.6499999761581421}},"_dataLength":41520,"_hash":2080996864},{"__type__":"cc.Material","_name":"材质.1","_effectAsset":{"__uuid__":"1brw/JvvpFnIvdrxpFCgMZ"},"_defines":[{}],"_states":[{"rasterizerState":{},"blendState":{"targets":[{}]},"depthStencilState":{}}],"_props":[{"albedoScale":{"__type__":"cc.Vec3","x":0.769999980926514,"y":0.769999980926514,"z":0.769999980926514},"metallic":0.400000005960464,"roughness":0.242535620927811}]},{"__type__":"cc.Material","_name":"材质","_effectAsset":{"__uuid__":"1brw/JvvpFnIvdrxpFCgMZ"},"_defines":[{}],"_states":[{"rasterizerState":{},"blendState":{"targets":[{}]},"depthStencilState":{}}],"_props":[{"albedoScale":{"__type__":"cc.Vec3","x":0.870000004768372,"y":0.870000004768372,"z":0.870000004768372},"metallic":0.200000002980232,"roughness":0.800000011920929}]},{"__type__":"cc.Material","_name":"材质.3","_effectAsset":{"__uuid__":"1brw/JvvpFnIvdrxpFCgMZ"},"_defines":[{"USE_ALBEDO_MAP":true}],"_states":[{"rasterizerState":{},"blendState":{"targets":[{}]},"depthStencilState":{}}],"_props":[{"albedoScale":{"__type__":"cc.Vec3","x":1,"y":1,"z":1},"metallic":0.200000002980232,"roughness":0.800000011920929,"mainTexture":{"__uuid__":"dfXVDqxkVBnpp3LUJ315Hq@f78fd"}}]},{"__type__":"cc.Mesh","_native":".bin","_struct":{"primitives":[{"primitiveMode":7,"vertexBundelIndices":[0],"indexView":{"offset":33744,"length":7776,"count":3888,"stride":2}}],"vertexBundles":[{"view":{"offset":0,"length":33744,"count":703,"stride":48},"attributes":[{"name":"a_position","format":32,"isNormalized":false},{"name":"a_normal","format":32,"isNormalized":false},{"name":"a_texCoord","format":21,"isNormalized":false},{"name":"a_tangent","format":44,"isNormalized":false}]}],"minPosition":{"__type__":"cc.Vec3","x":-0.6499999761581421,"y":-0.07999999821186066,"z":-0.6499999761581421},"maxPosition":{"__type__":"cc.Vec3","x":0.6499999761581421,"y":0.07999999821186066,"z":0.6499999761581421}},"_dataLength":41520,"_hash":3022046330},[{"__type__":"cc.Prefab","data":{"__id__":1}},{"__type__":"cc.Node","_name":"y104","_children":[{"__id__":2}],"_prefab":{"__type__":"cc.PrefabInfo","root":{"__id__":1},"asset":{"__id__":0},"fileId":"bfRvjc0INH56VfTprW/Yh1","_synced":{"default":false,"serializable":false}}},{"__type__":"cc.Node","_name":"RootNode","_parent":{"__id__":1},"_children":[{"__id__":3},{"__id__":4},{"__id__":5},{"__id__":6}],"_prefab":{"__type__":"cc.PrefabInfo","root":{"__id__":1},"asset":{"__id__":0},"fileId":"38FduM9D1Nrqs25zlqSnT9","_synced":{"default":false,"serializable":false}}},{"__type__":"cc.Node","_name":"圆环_2","_parent":{"__id__":2},"_components":[{"__type__":"cc.MeshRenderer","node":{"__id__":3},"_materials":[{"__uuid__":"dfXVDqxkVBnpp3LUJ315Hq@22e2a"}],"lightmapSettings":{"__type__":"cc.ModelLightmapSettings"},"_mesh":{"__uuid__":"dfXVDqxkVBnpp3LUJ315Hq@5d701"}}],"_prefab":{"__type__":"cc.PrefabInfo","root":{"__id__":1},"asset":{"__id__":0},"fileId":"b8rgvHOptP2J+cLJhXwKIt","_synced":{"default":false,"serializable":false}},"_lpos":{"__type__":"cc.Vec3","y":0.0799999982118607}},{"__type__":"cc.Node","_name":"圆环","_parent":{"__id__":2},"_components":[{"__type__":"cc.MeshRenderer","node":{"__id__":4},"_materials":[{"__uuid__":"dfXVDqxkVBnpp3LUJ315Hq@22e2a"}],"lightmapSettings":{"__type__":"cc.ModelLightmapSettings"},"_mesh":{"__uuid__":"dfXVDqxkVBnpp3LUJ315Hq@ab47a"}}],"_prefab":{"__type__":"cc.PrefabInfo","root":{"__id__":1},"asset":{"__id__":0},"fileId":"396nhS3dJAu4cV8hfZjovr","_synced":{"default":false,"serializable":false}},"_lpos":{"__type__":"cc.Vec3","y":1.48000001907349}},{"__type__":"cc.Node","_name":"圆柱","_parent":{"__id__":2},"_components":[{"__type__":"cc.MeshRenderer","node":{"__id__":5},"_materials":[{"__uuid__":"dfXVDqxkVBnpp3LUJ315Hq@76ab0"},{"__uuid__":"dfXVDqxkVBnpp3LUJ315Hq@22e2a"}],"lightmapSettings":{"__type__":"cc.ModelLightmapSettings"},"_mesh":{"__uuid__":"dfXVDqxkVBnpp3LUJ315Hq@f32e4"}}],"_prefab":{"__type__":"cc.PrefabInfo","root":{"__id__":1},"asset":{"__id__":0},"fileId":"cboz1BqWJNcKB2+Rln5QHJ","_synced":{"default":false,"serializable":false}},"_lpos":{"__type__":"cc.Vec3","y":0.759999990463257}},{"__type__":"cc.Node","_name":"圆盘","_parent":{"__id__":2},"_components":[{"__type__":"cc.MeshRenderer","node":{"__id__":6},"_materials":[{"__uuid__":"dfXVDqxkVBnpp3LUJ315Hq@9aeec"}],"lightmapSettings":{"__type__":"cc.ModelLightmapSettings"},"_mesh":{"__uuid__":"dfXVDqxkVBnpp3LUJ315Hq@0e1c8"}}],"_prefab":{"__type__":"cc.PrefabInfo","root":{"__id__":1},"asset":{"__id__":0},"fileId":"a98N1pliNIiJAmBzIttpoR","_synced":{"default":false,"serializable":false}},"_lpos":{"__type__":"cc.Vec3","y":1.53999996185303}}],{"__type__":"cc.Mesh","_native":".bin","_struct":{"primitives":[{"primitiveMode":7,"vertexBundelIndices":[0],"indexView":{"offset":10656,"length":1944,"count":972,"stride":2}},{"primitiveMode":7,"vertexBundelIndices":[1],"indexView":{"offset":14376,"length":216,"count":108,"stride":2}}],"vertexBundles":[{"view":{"offset":0,"length":10656,"count":222,"stride":48},"attributes":[{"name":"a_position","format":32,"isNormalized":false},{"name":"a_normal","format":32,"isNormalized":false},{"name":"a_texCoord","format":21,"isNormalized":false},{"name":"a_tangent","format":44,"isNormalized":false}]},{"view":{"offset":12600,"length":1776,"count":37,"stride":48},"attributes":[{"name":"a_position","format":32,"isNormalized":false},{"name":"a_normal","format":32,"isNormalized":false},{"name":"a_texCoord","format":21,"isNormalized":false},{"name":"a_tangent","format":44,"isNormalized":false}]}],"minPosition":{"__type__":"cc.Vec3","x":-0.6824211478233337,"y":-0.6766464710235596,"z":-0.6824211478233337},"maxPosition":{"__type__":"cc.Vec3","x":0.6824211478233337,"y":0.7249999642372131,"z":0.6824211478233337}},"_dataLength":14592,"_hash":1678308760}]
