[{"__type__":"cc.SpriteFrame","content":{"name":"yaoqing","rect":{"x":0,"y":0,"width":184,"height":184},"offset":{"x":0,"y":0},"originalSize":{"width":184,"height":184},"rotated":false,"capInsets":[0,0,0,0],"texture":"00iPpdRppCn6slpHWDO2dd@6c48a"}},{"__type__":"cc.SpriteFrame","content":{"name":"bg_2","rect":{"x":0,"y":0,"width":4,"height":1206},"offset":{"x":0,"y":0},"originalSize":{"width":4,"height":1206},"rotated":false,"capInsets":[0,0,0,0],"texture":"88/Nv2CEhOG7fZdCn7PuTO@6c48a"}},{"__type__":"cc.AnimationClip","_name":"waitLover","wrapMode":2,"_duration":2,"_keys":[[0,2]],"_curves":[{"modifiers":["position"],"data":{"keys":0,"values":[{"__type__":"cc.Vec3","x":-50,"y":21},{"__type__":"cc.Vec3","x":55,"y":21}],"easingMethods":{"0":"quadOut"}}}],"_hash":3386510512},{"__type__":"cc.AnimationClip","_name":"waitLover","wrapMode":2,"_duration":2,"_keys":[[0,0.5,1,1.5,2]],"_curves":[{"modifiers":[{"__type__":"cc.animation.ComponentPath","component":"cc.Label"},"string"],"data":{"keys":0,"values":["等待加入","等待加入.","等待加入..","等待加入...","等待加入"],"easingMethods":{}}}],"_hash":297103951}]
