[{"__type__":"cc.SpriteFrame","content":{"name":"512@2x","rect":{"x":0,"y":0,"width":38,"height":38},"offset":{"x":0,"y":0},"originalSize":{"width":38,"height":38},"rotated":false,"capInsets":[0,0,0,0],"texture":"5byPWgSr5BkoKbOEVKPVTX@6c48a"}},{"__type__":"cc.SpriteFrame","content":{"name":"wait","rect":{"x":0,"y":0,"width":384,"height":60},"offset":{"x":0,"y":0},"originalSize":{"width":384,"height":60},"rotated":false,"capInsets":[0,0,0,0],"texture":"28GnyzwU9FZZWY4Pz5Ox0u@6c48a"}},{"__type__":"cc.SpriteFrame","content":{"name":"tip","rect":{"x":0,"y":0,"width":264,"height":60},"offset":{"x":0,"y":0},"originalSize":{"width":264,"height":60},"rotated":false,"capInsets":[0,0,0,0],"texture":"19CHkwwIFGF5CzhYCZzFGp@6c48a"}},{"__type__":"cc.SpriteFrame","content":{"name":"gianbi@2x","rect":{"x":0,"y":0,"width":68,"height":68},"offset":{"x":0,"y":0},"originalSize":{"width":68,"height":68},"rotated":false,"capInsets":[0,0,0,0],"texture":"a7t2sG2DdCXaHovpxjcywM@6c48a"}},{"__type__":"cc.SpriteFrame","content":{"name":"timer","rect":{"x":0,"y":0,"width":66,"height":66},"offset":{"x":0,"y":0},"originalSize":{"width":66,"height":66},"rotated":false,"capInsets":[0,0,0,0],"texture":"c8EQgDgMBDOZrr8iHUPPMa@6c48a"}}]
