[{"__type__":"cc.Mesh","_native":".bin","_struct":{"primitives":[{"primitiveMode":7,"vertexBundelIndices":[0],"indexView":{"offset":7104,"length":864,"count":432,"stride":2}}],"vertexBundles":[{"view":{"offset":0,"length":7104,"count":148,"stride":48},"attributes":[{"name":"a_position","format":32,"isNormalized":false},{"name":"a_normal","format":32,"isNormalized":false},{"name":"a_texCoord","format":21,"isNormalized":false},{"name":"a_tangent","format":44,"isNormalized":false}]}],"minPosition":{"__type__":"cc.Vec3","x":-0.615504801273346,"y":-0.330083966255188,"z":-0.625},"maxPosition":{"__type__":"cc.Vec3","x":0.615504801273346,"y":0.32999998331069946,"z":0.625}},"_dataLength":7968,"_hash":1453618421},[{"__type__":"cc.Prefab","data":{"__id__":1}},{"__type__":"cc.Node","_name":"y103","_children":[{"__id__":2}],"_prefab":{"__type__":"cc.PrefabInfo","root":{"__id__":1},"asset":{"__id__":0},"fileId":"b9ffq/VidFsZqbrIcIuI95","_synced":{"default":false,"serializable":false}}},{"__type__":"cc.Node","_name":"RootNode","_parent":{"__id__":1},"_children":[{"__type__":"cc.Node","_name":"Cinema_4D_编辑器","_parent":{"__id__":2},"_prefab":{"__type__":"cc.PrefabInfo","root":{"__id__":1},"asset":{"__id__":0},"fileId":"7azKN5+5VHxJKhuRTxjiM6","_synced":{"default":false,"serializable":false}},"_lpos":{"__type__":"cc.Vec3","x":4.46264743804932,"y":5.64202213287354,"z":-8.64110279083252},"_lrot":{"__type__":"cc.Quat","x":-0.0612788493085385,"y":0.9386848079058452,"z":0.2356105414818595,"w":0.2441380895657474},"_euler":{"__type__":"cc.Vec3","x":-28.180388117857085,"y":150.84241502583623,"z":-0.000001995376427616177}},{"__id__":3},{"__id__":4},{"__id__":5}],"_prefab":{"__type__":"cc.PrefabInfo","root":{"__id__":1},"asset":{"__id__":0},"fileId":"1bSFUVyjJDNo9qZlDpJ5FS","_synced":{"default":false,"serializable":false}}},{"__type__":"cc.Node","_name":"圆柱_2","_parent":{"__id__":2},"_components":[{"__type__":"cc.MeshRenderer","node":{"__id__":3},"_materials":[{"__uuid__":"1alXo6JSFMn5GO+UPsXmiG@ed9a5"}],"lightmapSettings":{"__type__":"cc.ModelLightmapSettings"},"_mesh":{"__uuid__":"1alXo6JSFMn5GO+UPsXmiG@1b553"}}],"_prefab":{"__type__":"cc.PrefabInfo","root":{"__id__":1},"asset":{"__id__":0},"fileId":"d3iQe47d9OLL1tma24Zxdf","_synced":{"default":false,"serializable":false}},"_lpos":{"__type__":"cc.Vec3","y":0.680000007152557}},{"__type__":"cc.Node","_name":"圆柱_1","_parent":{"__id__":2},"_components":[{"__type__":"cc.MeshRenderer","node":{"__id__":4},"_materials":[{"__uuid__":"1alXo6JSFMn5GO+UPsXmiG@22e2a"}],"lightmapSettings":{"__type__":"cc.ModelLightmapSettings"},"_mesh":{"__uuid__":"1alXo6JSFMn5GO+UPsXmiG@14e62"}}],"_prefab":{"__type__":"cc.PrefabInfo","root":{"__id__":1},"asset":{"__id__":0},"fileId":"6fTcXhPslFk6Q+Zp1wZHxF","_synced":{"default":false,"serializable":false}},"_lpos":{"__type__":"cc.Vec3","y":1.4099999666214}},{"__type__":"cc.Node","_name":"圆柱","_parent":{"__id__":2},"_components":[{"__type__":"cc.MeshRenderer","node":{"__id__":5},"_materials":[{"__uuid__":"1alXo6JSFMn5GO+UPsXmiG@9aeec"}],"lightmapSettings":{"__type__":"cc.ModelLightmapSettings"},"_mesh":{"__uuid__":"1alXo6JSFMn5GO+UPsXmiG@f32e4"}}],"_prefab":{"__type__":"cc.PrefabInfo","root":{"__id__":1},"asset":{"__id__":0},"fileId":"260M/km4ZBGqvfw1Ydosa5","_synced":{"default":false,"serializable":false}},"_lpos":{"__type__":"cc.Vec3","y":0.680000007152557}}],{"__type__":"cc.Material","_name":"材质.1","_effectAsset":{"__uuid__":"1brw/JvvpFnIvdrxpFCgMZ"},"_defines":[{}],"_states":[{"rasterizerState":{},"blendState":{"targets":[{}]},"depthStencilState":{}}],"_props":[{"albedoScale":{"__type__":"cc.Vec3","x":1,"y":0.845000028610229,"z":0.379999995231628},"metallic":0.400000005960464,"roughness":0.242535620927811}]},{"__type__":"cc.Mesh","_native":".bin","_struct":{"primitives":[{"primitiveMode":7,"vertexBundelIndices":[0],"indexView":{"offset":21120,"length":2592,"count":1296,"stride":2}}],"vertexBundles":[{"view":{"offset":0,"length":21120,"count":440,"stride":48},"attributes":[{"name":"a_position","format":32,"isNormalized":false},{"name":"a_normal","format":32,"isNormalized":false},{"name":"a_texCoord","format":21,"isNormalized":false},{"name":"a_tangent","format":44,"isNormalized":false}]}],"minPosition":{"__type__":"cc.Vec3","x":-0.6741142868995667,"y":-0.14999999105930328,"z":-0.6741142868995667},"maxPosition":{"__type__":"cc.Vec3","x":0.6741142868995667,"y":0.14999999105930328,"z":0.6741142868995667}},"_dataLength":23712,"_hash":194447355},{"__type__":"cc.Material","_name":"材质","_effectAsset":{"__uuid__":"1brw/JvvpFnIvdrxpFCgMZ"},"_defines":[{}],"_states":[{"rasterizerState":{},"blendState":{"targets":[{}]},"depthStencilState":{}}],"_props":[{"albedoScale":{"__type__":"cc.Vec3","x":1,"y":1,"z":1},"metallic":0.200000002980232,"roughness":0.800000011920929}]},{"__type__":"cc.Material","_name":"材质.2","_effectAsset":{"__uuid__":"1brw/JvvpFnIvdrxpFCgMZ"},"_defines":[{}],"_states":[{"rasterizerState":{},"blendState":{"targets":[{}]},"depthStencilState":{}}],"_props":[{"albedoScale":{"__type__":"cc.Vec3","x":0.839999973773956,"y":0.740040004253387,"z":0.554400026798248},"metallic":0.400000005960464,"roughness":0.242535620927811}]},{"__type__":"cc.Mesh","_native":".bin","_struct":{"primitives":[{"primitiveMode":7,"vertexBundelIndices":[0],"indexView":{"offset":7104,"length":864,"count":432,"stride":2}}],"vertexBundles":[{"view":{"offset":0,"length":7104,"count":148,"stride":48},"attributes":[{"name":"a_position","format":32,"isNormalized":false},{"name":"a_normal","format":32,"isNormalized":false},{"name":"a_texCoord","format":21,"isNormalized":false},{"name":"a_tangent","format":44,"isNormalized":false}]}],"minPosition":{"__type__":"cc.Vec3","x":-0.625,"y":-0.6800000071525574,"z":-0.625},"maxPosition":{"__type__":"cc.Vec3","x":0.625,"y":0.6800000071525574,"z":0.625}},"_dataLength":7968,"_hash":1171137193}]
