[{"__type__":"cc.Mesh","_native":".bin","_struct":{"primitives":[{"primitiveMode":7,"vertexBundelIndices":[0],"indexView":{"offset":10656,"length":1944,"count":972,"stride":2}},{"primitiveMode":7,"vertexBundelIndices":[1],"indexView":{"offset":14376,"length":216,"count":108,"stride":2}}],"vertexBundles":[{"view":{"offset":0,"length":10656,"count":222,"stride":48},"attributes":[{"name":"a_position","format":32,"isNormalized":false},{"name":"a_normal","format":32,"isNormalized":false},{"name":"a_texCoord","format":21,"isNormalized":false},{"name":"a_tangent","format":44,"isNormalized":false}]},{"view":{"offset":12600,"length":1776,"count":37,"stride":48},"attributes":[{"name":"a_position","format":32,"isNormalized":false},{"name":"a_normal","format":32,"isNormalized":false},{"name":"a_texCoord","format":21,"isNormalized":false},{"name":"a_tangent","format":44,"isNormalized":false}]}],"minPosition":{"__type__":"cc.Vec3","x":-1.2219908237457275,"y":-0.7799999713897705,"z":-1.2219908237457275},"maxPosition":{"__type__":"cc.Vec3","x":1.2219908237457275,"y":0.7799999713897705,"z":1.2219908237457275}},"_dataLength":14592,"_hash":3366233489},{"__type__":"cc.Material","_name":"材质.1","_effectAsset":{"__uuid__":"1brw/JvvpFnIvdrxpFCgMZ"},"_defines":[{"USE_ALBEDO_MAP":true}],"_states":[{"rasterizerState":{},"blendState":{"targets":[{"blend":true,"blendSrc":2,"blendDst":4,"blendDstAlpha":4}]},"depthStencilState":{"depthWrite":false}}],"_props":[{"albedoScale":{"__type__":"cc.Vec3","x":1,"y":1,"z":1},"metallic":0.200000002980232,"roughness":0.800000011920929,"mainTexture":{"__uuid__":"55aDWmYepC/r4qcPGt+CJt@b37e7"}}]},{"__type__":"cc.Material","_name":"材质","_effectAsset":{"__uuid__":"1brw/JvvpFnIvdrxpFCgMZ"},"_defines":[{"USE_ALBEDO_MAP":true}],"_states":[{"rasterizerState":{},"blendState":{"targets":[{}]},"depthStencilState":{}}],"_props":[{"albedoScale":{"__type__":"cc.Vec3","x":1,"y":1,"z":1},"metallic":0.200000002980232,"roughness":0.800000011920929,"mainTexture":{"__uuid__":"55aDWmYepC/r4qcPGt+CJt@31090"}}]},[{"__type__":"cc.Prefab","data":{"__id__":1}},{"__type__":"cc.Node","_name":"y306","_children":[{"__id__":2}],"_prefab":{"__type__":"cc.PrefabInfo","root":{"__id__":1},"asset":{"__id__":0},"fileId":"bbKV7m21lBHJlLeoBJjQL1","_synced":{"default":false,"serializable":false}}},{"__type__":"cc.Node","_name":"RootNode","_parent":{"__id__":1},"_children":[{"__type__":"cc.Node","_name":"细分曲面","_parent":{"__id__":2},"_prefab":{"__type__":"cc.PrefabInfo","root":{"__id__":1},"asset":{"__id__":0},"fileId":"58Fr2Z7QBCgoaBfQT3T51f","_synced":{"default":false,"serializable":false}}},{"__id__":3}],"_prefab":{"__type__":"cc.PrefabInfo","root":{"__id__":1},"asset":{"__id__":0},"fileId":"f4s+QTrrVHzoW4yMA/YpkD","_synced":{"default":false,"serializable":false}}},{"__type__":"cc.Node","_name":"圆柱_2","_parent":{"__id__":2},"_components":[{"__type__":"cc.MeshRenderer","node":{"__id__":3},"_materials":[{"__uuid__":"55aDWmYepC/r4qcPGt+CJt@22e2a"},{"__uuid__":"55aDWmYepC/r4qcPGt+CJt@9aeec"}],"lightmapSettings":{"__type__":"cc.ModelLightmapSettings"},"_mesh":{"__uuid__":"55aDWmYepC/r4qcPGt+CJt@1b553"}}],"_prefab":{"__type__":"cc.PrefabInfo","root":{"__id__":1},"asset":{"__id__":0},"fileId":"10SdjAld5LnJGPHvTmXNcV","_synced":{"default":false,"serializable":false}},"_lpos":{"__type__":"cc.Vec3","y":0.779999971389771}}]]
