[{"__type__":"cc.Prefab","data":{"__id__":1}},{"__type__":"cc.Node","_name":"GamingBoard","_children":[{"__id__":2},{"__id__":7},{"__id__":57},{"__id__":60}],"_components":[{"__type__":"cc.UITransform","node":{"__id__":1},"_contentSize":{"__type__":"cc.Size","width":375,"height":812}},{"__type__":"cc.Widget","_name":"GamingBoard<Widget>","node":{"__id__":1},"_alignFlags":45,"_originalWidth":100,"_originalHeight":100}],"_prefab":{"__type__":"cc.PrefabInfo","root":{"__id__":1},"asset":{"__id__":0},"fileId":"33sqcEp4BHt4V6HKNRHQwH","_synced":{"default":false,"serializable":false}},"_layer":33554432},{"__type__":"cc.Node","_name":"Interaction-ex","_parent":{"__id__":1},"_children":[{"__id__":3},{"__id__":4},{"__id__":5},{"__id__":6}],"_components":[{"__type__":"cc.UITransform","node":{"__id__":2},"_contentSize":{"__type__":"cc.Size","width":375,"height":58}},{"__type__":"cc.Widget","_name":"Interaction<Widget>","node":{"__id__":2},"_alignFlags":44,"_bottom":36,"_originalWidth":260}],"_prefab":{"__type__":"cc.PrefabInfo","root":{"__id__":1},"asset":{"__id__":0},"fileId":"5e2N0COLRMYYrpITG4HXAp","_synced":{"default":false,"serializable":false}},"_lpos":{"__type__":"cc.Vec3","y":-341},"_layer":33554432},{"__type__":"cc.Node","_name":"emoji_1","_parent":{"__id__":2},"_components":[{"__type__":"cc.UITransform","node":{"__id__":3},"_contentSize":{"__type__":"cc.Size","width":40,"height":40}},{"__type__":"cc.Sprite","node":{"__id__":3},"_spriteFrame":{"__uuid__":"17Zlnl/3ZBiLCA3JZBctYl@f9941"},"_sizeMode":0},{"__type__":"cc.Widget","_name":"emoji_1<Widget>","node":{"__id__":3},"_alignFlags":34,"_left":0.06,"_right":0.76,"_isAbsLeft":false,"_isAbsRight":false,"_originalWidth":40},{"__type__":"cc.Button","node":{"__id__":3},"_transition":3,"_normalSprite":{"__uuid__":"17Zlnl/3ZBiLCA3JZBctYl@f9941"},"_zoomScale":1.5,"_target":{"__id__":3}}],"_prefab":{"__type__":"cc.PrefabInfo","root":{"__id__":1},"asset":{"__id__":0},"fileId":"77oBpKkUZIkah/m3nw1D1Z","_synced":{"default":false,"serializable":false}},"_lpos":{"__type__":"cc.Vec3","x":-117.5},"_layer":33554432},{"__type__":"cc.Node","_name":"emoji_2","_parent":{"__id__":2},"_components":[{"__type__":"cc.UITransform","node":{"__id__":4},"_contentSize":{"__type__":"cc.Size","width":40,"height":40}},{"__type__":"cc.Sprite","node":{"__id__":4},"_spriteFrame":{"__uuid__":"2byWSUYeFJqaw8MmdZVkF7@f9941"},"_sizeMode":0},{"__type__":"cc.Widget","_name":"emoji_2<Widget>","node":{"__id__":4},"_alignFlags":34,"_left":0.24,"_right":0.56,"_isAbsLeft":false,"_isAbsRight":false,"_originalWidth":40},{"__type__":"cc.Button","node":{"__id__":4},"_transition":3,"_normalSprite":{"__uuid__":"2byWSUYeFJqaw8MmdZVkF7@f9941"},"_zoomScale":1.5,"_target":{"__id__":4}}],"_prefab":{"__type__":"cc.PrefabInfo","root":{"__id__":1},"asset":{"__id__":0},"fileId":"2ah6wbMV1N/4+edN4fdllP","_synced":{"default":false,"serializable":false}},"_lpos":{"__type__":"cc.Vec3","x":-42.50000000000003},"_layer":33554432},{"__type__":"cc.Node","_name":"emoji_3","_parent":{"__id__":2},"_components":[{"__type__":"cc.UITransform","node":{"__id__":5},"_contentSize":{"__type__":"cc.Size","width":40,"height":40}},{"__type__":"cc.Sprite","node":{"__id__":5},"_spriteFrame":{"__uuid__":"05yhtoPpZOEr3rMu/xWKLJ@f9941"},"_sizeMode":0},{"__type__":"cc.Widget","_name":"emoji_3<Widget>","node":{"__id__":5},"_alignFlags":34,"_right":0.36,"_isAbsRight":false},{"__type__":"cc.Button","node":{"__id__":5},"_transition":3,"_normalSprite":{"__uuid__":"05yhtoPpZOEr3rMu/xWKLJ@f9941"},"_zoomScale":1.5,"_target":{"__id__":5}}],"_prefab":{"__type__":"cc.PrefabInfo","root":{"__id__":1},"asset":{"__id__":0},"fileId":"c57kgx0fVEsIh6FJnp5D/d","_synced":{"default":false,"serializable":false}},"_lpos":{"__type__":"cc.Vec3","x":32.5},"_layer":33554432},{"__type__":"cc.Node","_name":"emoji_4","_parent":{"__id__":2},"_components":[{"__type__":"cc.UITransform","node":{"__id__":6},"_contentSize":{"__type__":"cc.Size","width":40,"height":40}},{"__type__":"cc.Sprite","node":{"__id__":6},"_spriteFrame":{"__uuid__":"1cvqy9cqhO4JtoD1Gl5j4b@f9941"},"_sizeMode":0},{"__type__":"cc.Widget","_name":"emoji_4<Widget>","node":{"__id__":6},"_alignFlags":34,"_right":0.16,"_isAbsRight":false},{"__type__":"cc.Button","node":{"__id__":6},"_transition":3,"_normalSprite":{"__uuid__":"1cvqy9cqhO4JtoD1Gl5j4b@f9941"},"_zoomScale":1.5,"_target":{"__id__":6}}],"_prefab":{"__type__":"cc.PrefabInfo","root":{"__id__":1},"asset":{"__id__":0},"fileId":"cfVrpZlVBKBLp/2y52tuRM","_synced":{"default":false,"serializable":false}},"_lpos":{"__type__":"cc.Vec3","x":107.5},"_layer":33554432},{"__type__":"cc.Node","_name":"Header","_parent":{"__id__":1},"_children":[{"__id__":8},{"__id__":26},{"__id__":44},{"__id__":47},{"__id__":49},{"__id__":50},{"__id__":51},{"__id__":52}],"_components":[{"__type__":"cc.UITransform","node":{"__id__":7},"_contentSize":{"__type__":"cc.Size","width":375,"height":60}},{"__type__":"cc.Widget","_name":"team1<Widget>","node":{"__id__":7},"_alignFlags":41,"_top":88,"_originalWidth":336}],"_prefab":{"__type__":"cc.PrefabInfo","root":{"__id__":1},"asset":{"__id__":0},"fileId":"9cNsyhXtpEB7PjSZCQEA1l","_synced":{"default":false,"serializable":false}},"_lpos":{"__type__":"cc.Vec3","y":288},"_layer":33554432},{"__type__":"cc.Node","_name":"team0","_parent":{"__id__":7},"_children":[{"__id__":9},{"__id__":17},{"__id__":25}],"_components":[{"__type__":"cc.UITransform","node":{"__id__":8},"_contentSize":{"__type__":"cc.Size","width":300,"height":120}},{"__type__":"cc.Widget","_name":"team1<Widget>","node":{"__id__":8},"_alignFlags":10}],"_prefab":{"__type__":"cc.PrefabInfo","root":{"__id__":1},"asset":{"__id__":0},"fileId":"fel7pyBOhN6YCzM+50Y6qU","_synced":{"default":false,"serializable":false}},"_lpos":{"__type__":"cc.Vec3","x":-112.5},"_lscale":{"__type__":"cc.Vec3","x":0.5,"y":0.5,"z":0.5},"_layer":33554432},{"__type__":"cc.Node","_name":"avatar-1","_parent":{"__id__":8},"_children":[{"__id__":10},{"__id__":11},{"__id__":12},{"__id__":16}],"_components":[{"__type__":"cc.UITransform","node":{"__id__":9},"_contentSize":{"__type__":"cc.Size","width":130,"height":130}},{"__type__":"cc.UIOpacity","node":{"__id__":9},"_opacity":100}],"_prefab":{"__type__":"cc.PrefabInfo","root":{"__id__":1},"asset":{"__id__":0},"fileId":"daqQ45HcBIYYTOu+mRAMZx","_synced":{"default":false,"serializable":false}},"_lpos":{"__type__":"cc.Vec3","x":-95,"y":-46},"_layer":33554432},{"__type__":"cc.Node","_name":"bg","_parent":{"__id__":9},"_components":[{"__type__":"cc.UITransform","node":{"__id__":10},"_contentSize":{"__type__":"cc.Size","width":310,"height":108}},{"__type__":"cc.Sprite","node":{"__id__":10},"_spriteFrame":{"__uuid__":"a4RYDawotJ6q3X+CUzOxOV@f9941"},"_type":1,"_sizeMode":0},{"__type__":"cc.Widget","_name":"bg<Widget>","node":{"__id__":10},"_alignFlags":10,"_left":10,"_verticalCenter":-5}],"_prefab":{"__type__":"cc.PrefabInfo","root":{"__id__":1},"asset":{"__id__":0},"fileId":"7dIaZfsrJMT5DuuqQ6oLnW","_synced":{"default":false,"serializable":false}},"_lpos":{"__type__":"cc.Vec3","x":100,"y":-5},"_layer":33554432},{"__type__":"cc.Node","_name":"white","_parent":{"__id__":9},"_components":[{"__type__":"cc.UITransform","node":{"__id__":11},"_contentSize":{"__type__":"cc.Size","width":132,"height":132}},{"__type__":"cc.Sprite","node":{"__id__":11},"_spriteFrame":{"__uuid__":"3cPvkJX2xIrJ3GteFrlDJ+@f9941"}}],"_prefab":{"__type__":"cc.PrefabInfo","root":{"__id__":1},"asset":{"__id__":0},"fileId":"2b2+q3QJJM7qtxzKD5+BTr","_synced":{"default":false,"serializable":false}},"_layer":33554432},{"__type__":"cc.Node","_name":"avatar","_parent":{"__id__":9},"_children":[{"__id__":13},{"__id__":14},{"__id__":15}],"_components":[{"__type__":"cc.UITransform","node":{"__id__":12},"_contentSize":{"__type__":"cc.Size","width":80,"height":80}},{"__type__":"cc.Sprite","node":{"__id__":12},"_materials":[{"__uuid__":"femcRHb0hNMa473b21u7RL"}],"_spriteFrame":{"__uuid__":"b700qgl01Oz59r+MlGadVq@f9941"},"_sizeMode":0},{"__type__":"62231BivyRLC6qStdnthPWc","node":{"__id__":12}}],"_prefab":{"__type__":"cc.PrefabInfo","root":{"__id__":1},"asset":{"__id__":0},"fileId":"35ucDzGxdCcr5pKqTPZT0b","_synced":{"default":false,"serializable":false}},"_layer":33554432},{"__type__":"cc.Node","_name":"isVip","_parent":{"__id__":12},"_active":false,"_components":[{"__type__":"cc.UITransform","node":{"__id__":13},"_contentSize":{"__type__":"cc.Size","width":32,"height":30}},{"__type__":"cc.Sprite","node":{"__id__":13},"_spriteFrame":{"__uuid__":"67UeHEu/FCv7RCHh8Jbt4F@f9941"},"_sizeMode":0},{"__type__":"cc.Widget","_name":"isVip<Widget>","node":{"__id__":13},"_alignFlags":17,"_top":-20}],"_prefab":{"__type__":"cc.PrefabInfo","root":{"__id__":1},"asset":{"__id__":0},"fileId":"d3eXjqfTVHC6oFSWONFnrA","_synced":{"default":false,"serializable":false}},"_lpos":{"__type__":"cc.Vec3","y":45},"_layer":33554432},{"__type__":"cc.Node","_name":"gender","_parent":{"__id__":12},"_components":[{"__type__":"cc.UITransform","node":{"__id__":14},"_contentSize":{"__type__":"cc.Size","width":48,"height":48}},{"__type__":"cc.Sprite","node":{"__id__":14},"_spriteFrame":{"__uuid__":"e9+aPS0jdJ4IGgpgdNsJgC@f9941"}},{"__type__":"cc.Widget","_name":"gender<Widget>","node":{"__id__":14},"_alignFlags":36,"_right":-10,"_bottom":-10}],"_prefab":{"__type__":"cc.PrefabInfo","root":{"__id__":1},"asset":{"__id__":0},"fileId":"20zzcufZlLkrFT3Xqw1hoo","_synced":{"default":false,"serializable":false}},"_lpos":{"__type__":"cc.Vec3","x":33.2,"y":-33.2},"_lscale":{"__type__":"cc.Vec3","x":0.7,"y":0.7,"z":1},"_layer":33554432},{"__type__":"cc.Node","_name":"name","_parent":{"__id__":12},"_components":[{"__type__":"cc.UITransform","node":{"__id__":15},"_contentSize":{"__type__":"cc.Size","width":9.32,"height":50.4},"_anchorPoint":{"__type__":"cc.Vec2","y":0.5}},{"__type__":"cc.Label","node":{"__id__":15},"_string":"-","_actualFontSize":28,"_fontSize":28},{"__type__":"cc.Widget","_name":"name<Widget>","node":{"__id__":15},"_alignFlags":10,"_left":95}],"_prefab":{"__type__":"cc.PrefabInfo","root":{"__id__":1},"asset":{"__id__":0},"fileId":"804VbeGNxJ9IyoI9N4ir34","_synced":{"default":false,"serializable":false}},"_lpos":{"__type__":"cc.Vec3","x":55},"_layer":33554432},{"__type__":"cc.Node","_name":"offLine","_parent":{"__id__":9},"_active":false,"_components":[{"__type__":"cc.UITransform","node":{"__id__":16},"_contentSize":{"__type__":"cc.Size","width":108,"height":63}},{"__type__":"cc.Label","node":{"__id__":16},"_srcBlendFactor":1,"_string":"离线","_actualFontSize":54,"_fontSize":54,"_lineHeight":50},{"__type__":"cc.Widget","_name":"offLine<Widget>","node":{"__id__":16},"_alignFlags":18,"_verticalCenter":-2}],"_prefab":{"__type__":"cc.PrefabInfo","root":{"__id__":1},"asset":{"__id__":0},"fileId":"91fViUV2FHqoaeVhaOgZC7","_synced":{"default":false,"serializable":false}},"_lpos":{"__type__":"cc.Vec3","y":-2},"_lscale":{"__type__":"cc.Vec3","x":0.5,"y":0.5,"z":1},"_layer":33554432},{"__type__":"cc.Node","_name":"avatar-2","_parent":{"__id__":8},"_children":[{"__id__":18},{"__id__":19},{"__id__":20},{"__id__":24}],"_components":[{"__type__":"cc.UITransform","node":{"__id__":17},"_contentSize":{"__type__":"cc.Size","width":130,"height":130}},{"__type__":"cc.UIOpacity","node":{"__id__":17}}],"_prefab":{"__type__":"cc.PrefabInfo","root":{"__id__":1},"asset":{"__id__":0},"fileId":"92hj4IVddOOIDv7vevQinj","_synced":{"default":false,"serializable":false}},"_lpos":{"__type__":"cc.Vec3","x":-65,"y":30},"_layer":33554432},{"__type__":"cc.Node","_name":"bg","_parent":{"__id__":17},"_components":[{"__type__":"cc.UITransform","node":{"__id__":18},"_contentSize":{"__type__":"cc.Size","width":310,"height":108}},{"__type__":"cc.Sprite","node":{"__id__":18},"_spriteFrame":{"__uuid__":"a4RYDawotJ6q3X+CUzOxOV@f9941"},"_type":1,"_sizeMode":0},{"__type__":"cc.Widget","_name":"bg<Widget>","node":{"__id__":18},"_alignFlags":10,"_left":10,"_verticalCenter":-5}],"_prefab":{"__type__":"cc.PrefabInfo","root":{"__id__":1},"asset":{"__id__":0},"fileId":"ffGvXaW3RJDYbYsn/z1Pmi","_synced":{"default":false,"serializable":false}},"_lpos":{"__type__":"cc.Vec3","x":100,"y":-5},"_layer":33554432},{"__type__":"cc.Node","_name":"white","_parent":{"__id__":17},"_components":[{"__type__":"cc.UITransform","node":{"__id__":19},"_contentSize":{"__type__":"cc.Size","width":132,"height":132}},{"__type__":"cc.Sprite","node":{"__id__":19},"_spriteFrame":{"__uuid__":"3cPvkJX2xIrJ3GteFrlDJ+@f9941"}}],"_prefab":{"__type__":"cc.PrefabInfo","root":{"__id__":1},"asset":{"__id__":0},"fileId":"b6u6UGrfVOXIc28oKyDhPn","_synced":{"default":false,"serializable":false}},"_layer":33554432},{"__type__":"cc.Node","_name":"avatar","_parent":{"__id__":17},"_children":[{"__id__":21},{"__id__":22},{"__id__":23}],"_components":[{"__type__":"cc.UITransform","node":{"__id__":20},"_contentSize":{"__type__":"cc.Size","width":80,"height":80}},{"__type__":"cc.Sprite","node":{"__id__":20},"_materials":[{"__uuid__":"femcRHb0hNMa473b21u7RL"}],"_spriteFrame":{"__uuid__":"b700qgl01Oz59r+MlGadVq@f9941"},"_sizeMode":0},{"__type__":"62231BivyRLC6qStdnthPWc","node":{"__id__":20}}],"_prefab":{"__type__":"cc.PrefabInfo","root":{"__id__":1},"asset":{"__id__":0},"fileId":"beD9jZUFNM/bidpoPNhwEQ","_synced":{"default":false,"serializable":false}},"_layer":33554432},{"__type__":"cc.Node","_name":"isVip","_parent":{"__id__":20},"_active":false,"_components":[{"__type__":"cc.UITransform","node":{"__id__":21},"_contentSize":{"__type__":"cc.Size","width":32,"height":30}},{"__type__":"cc.Sprite","node":{"__id__":21},"_spriteFrame":{"__uuid__":"67UeHEu/FCv7RCHh8Jbt4F@f9941"},"_sizeMode":0},{"__type__":"cc.Widget","_name":"isVip<Widget>","node":{"__id__":21},"_alignFlags":17,"_top":-20}],"_prefab":{"__type__":"cc.PrefabInfo","root":{"__id__":1},"asset":{"__id__":0},"fileId":"d3eXjqfTVHC6oFSWONFnrA","_synced":{"default":false,"serializable":false}},"_lpos":{"__type__":"cc.Vec3","y":45},"_layer":33554432},{"__type__":"cc.Node","_name":"gender","_parent":{"__id__":20},"_components":[{"__type__":"cc.UITransform","node":{"__id__":22},"_contentSize":{"__type__":"cc.Size","width":48,"height":48}},{"__type__":"cc.Sprite","node":{"__id__":22},"_spriteFrame":{"__uuid__":"e9+aPS0jdJ4IGgpgdNsJgC@f9941"}},{"__type__":"cc.Widget","_name":"gender<Widget>","node":{"__id__":22},"_alignFlags":36,"_right":-10,"_bottom":-10}],"_prefab":{"__type__":"cc.PrefabInfo","root":{"__id__":1},"asset":{"__id__":0},"fileId":"41AcZlfiJEuLYormigtqa+","_synced":{"default":false,"serializable":false}},"_lpos":{"__type__":"cc.Vec3","x":33.2,"y":-33.2},"_lscale":{"__type__":"cc.Vec3","x":0.7,"y":0.7,"z":1},"_layer":33554432},{"__type__":"cc.Node","_name":"name","_parent":{"__id__":20},"_components":[{"__type__":"cc.UITransform","node":{"__id__":23},"_contentSize":{"__type__":"cc.Size","width":9.32,"height":50.4},"_anchorPoint":{"__type__":"cc.Vec2","y":0.5}},{"__type__":"cc.Label","node":{"__id__":23},"_string":"-","_actualFontSize":28,"_fontSize":28},{"__type__":"cc.Widget","_name":"name<Widget>","node":{"__id__":23},"_alignFlags":10,"_left":95}],"_prefab":{"__type__":"cc.PrefabInfo","root":{"__id__":1},"asset":{"__id__":0},"fileId":"d3dq6OpTpFFK58s0FnKsJn","_synced":{"default":false,"serializable":false}},"_lpos":{"__type__":"cc.Vec3","x":55},"_layer":33554432},{"__type__":"cc.Node","_name":"offLine","_parent":{"__id__":17},"_active":false,"_components":[{"__type__":"cc.UITransform","node":{"__id__":24},"_contentSize":{"__type__":"cc.Size","width":108,"height":63}},{"__type__":"cc.Label","node":{"__id__":24},"_srcBlendFactor":1,"_string":"离线","_actualFontSize":54,"_fontSize":54,"_lineHeight":50},{"__type__":"cc.Widget","_name":"offLine<Widget>","node":{"__id__":24},"_alignFlags":18,"_verticalCenter":-2}],"_prefab":{"__type__":"cc.PrefabInfo","root":{"__id__":1},"asset":{"__id__":0},"fileId":"91SuP6315FK4cTRIKBxjCx","_synced":{"default":false,"serializable":false}},"_lpos":{"__type__":"cc.Vec3","y":-2},"_lscale":{"__type__":"cc.Vec3","x":0.5,"y":0.5,"z":1},"_layer":33554432},{"__type__":"cc.Node","_name":"isLover","_parent":{"__id__":8},"_active":false,"_components":[{"__type__":"cc.UITransform","node":{"__id__":25},"_priority":99,"_contentSize":{"__type__":"cc.Size","width":79,"height":70}},{"__type__":"cc.Sprite","node":{"__id__":25},"_spriteFrame":{"__uuid__":"3cO+XQeatJZIuMoAXYZCVZ@f9941"}}],"_prefab":{"__type__":"cc.PrefabInfo","root":{"__id__":1},"asset":{"__id__":0},"fileId":"bc89HegCNLIbFdjqqXpIe/","_synced":{"default":false,"serializable":false}},"_lpos":{"__type__":"cc.Vec3","x":-81.796,"y":-14.102},"_lscale":{"__type__":"cc.Vec3","x":0.5,"y":0.5,"z":1},"_layer":33554432},{"__type__":"cc.Node","_name":"team1","_parent":{"__id__":7},"_children":[{"__id__":27},{"__id__":35},{"__id__":43}],"_components":[{"__type__":"cc.UITransform","node":{"__id__":26},"_contentSize":{"__type__":"cc.Size","width":300,"height":120}},{"__type__":"cc.Widget","_name":"team1<Widget>","node":{"__id__":26},"_alignFlags":34}],"_prefab":{"__type__":"cc.PrefabInfo","root":{"__id__":1},"asset":{"__id__":0},"fileId":"9cStkl7e9LPKrdxTr44xXk","_synced":{"default":false,"serializable":false}},"_lpos":{"__type__":"cc.Vec3","x":112.5},"_lscale":{"__type__":"cc.Vec3","x":0.5,"y":0.5,"z":0.5},"_layer":33554432},{"__type__":"cc.Node","_name":"avatar-1","_parent":{"__id__":26},"_children":[{"__id__":28},{"__id__":29},{"__id__":30},{"__id__":34}],"_components":[{"__type__":"cc.UITransform","node":{"__id__":27},"_contentSize":{"__type__":"cc.Size","width":130,"height":130}},{"__type__":"cc.UIOpacity","node":{"__id__":27},"_opacity":100}],"_prefab":{"__type__":"cc.PrefabInfo","root":{"__id__":1},"asset":{"__id__":0},"fileId":"afCaWHLi9MKKr8LKg7O7We","_synced":{"default":false,"serializable":false}},"_lpos":{"__type__":"cc.Vec3","x":95,"y":-46},"_layer":33554432},{"__type__":"cc.Node","_name":"bg","_parent":{"__id__":27},"_components":[{"__type__":"cc.UITransform","node":{"__id__":28},"_contentSize":{"__type__":"cc.Size","width":310,"height":108}},{"__type__":"cc.Sprite","node":{"__id__":28},"_spriteFrame":{"__uuid__":"b8fsc+HZFATasinRotQM1J@f9941"},"_type":1,"_sizeMode":0},{"__type__":"cc.Widget","_name":"bg<Widget>","node":{"__id__":28},"_alignFlags":34,"_left":10,"_right":10,"_verticalCenter":-5}],"_prefab":{"__type__":"cc.PrefabInfo","root":{"__id__":1},"asset":{"__id__":0},"fileId":"ffGvXaW3RJDYbYsn/z1Pmi","_synced":{"default":false,"serializable":false}},"_lpos":{"__type__":"cc.Vec3","x":-100,"y":-5},"_layer":33554432},{"__type__":"cc.Node","_name":"white","_parent":{"__id__":27},"_components":[{"__type__":"cc.UITransform","node":{"__id__":29},"_contentSize":{"__type__":"cc.Size","width":132,"height":132}},{"__type__":"cc.Sprite","node":{"__id__":29},"_spriteFrame":{"__uuid__":"3cPvkJX2xIrJ3GteFrlDJ+@f9941"}}],"_prefab":{"__type__":"cc.PrefabInfo","root":{"__id__":1},"asset":{"__id__":0},"fileId":"b6u6UGrfVOXIc28oKyDhPn","_synced":{"default":false,"serializable":false}},"_layer":33554432},{"__type__":"cc.Node","_name":"avatar","_parent":{"__id__":27},"_children":[{"__id__":31},{"__id__":32},{"__id__":33}],"_components":[{"__type__":"cc.UITransform","node":{"__id__":30},"_contentSize":{"__type__":"cc.Size","width":80,"height":80}},{"__type__":"cc.Sprite","node":{"__id__":30},"_materials":[{"__uuid__":"femcRHb0hNMa473b21u7RL"}],"_spriteFrame":{"__uuid__":"b700qgl01Oz59r+MlGadVq@f9941"},"_sizeMode":0},{"__type__":"62231BivyRLC6qStdnthPWc","node":{"__id__":30}}],"_prefab":{"__type__":"cc.PrefabInfo","root":{"__id__":1},"asset":{"__id__":0},"fileId":"2c1Hce+MNHfbG26aYoJscQ","_synced":{"default":false,"serializable":false}},"_layer":33554432},{"__type__":"cc.Node","_name":"isVip","_parent":{"__id__":30},"_active":false,"_components":[{"__type__":"cc.UITransform","node":{"__id__":31},"_contentSize":{"__type__":"cc.Size","width":32,"height":30}},{"__type__":"cc.Sprite","node":{"__id__":31},"_spriteFrame":{"__uuid__":"67UeHEu/FCv7RCHh8Jbt4F@f9941"},"_sizeMode":0},{"__type__":"cc.Widget","_name":"isVip<Widget>","node":{"__id__":31},"_alignFlags":17,"_top":-20}],"_prefab":{"__type__":"cc.PrefabInfo","root":{"__id__":1},"asset":{"__id__":0},"fileId":"23DZNe5QNPKqmq4tq8T096","_synced":{"default":false,"serializable":false}},"_lpos":{"__type__":"cc.Vec3","y":45},"_layer":33554432},{"__type__":"cc.Node","_name":"gender","_parent":{"__id__":30},"_components":[{"__type__":"cc.UITransform","node":{"__id__":32},"_contentSize":{"__type__":"cc.Size","width":48,"height":48}},{"__type__":"cc.Sprite","node":{"__id__":32},"_spriteFrame":{"__uuid__":"e9+aPS0jdJ4IGgpgdNsJgC@f9941"}},{"__type__":"cc.Widget","_name":"gender<Widget>","node":{"__id__":32},"_alignFlags":36,"_right":-10,"_bottom":-10}],"_prefab":{"__type__":"cc.PrefabInfo","root":{"__id__":1},"asset":{"__id__":0},"fileId":"41AcZlfiJEuLYormigtqa+","_synced":{"default":false,"serializable":false}},"_lpos":{"__type__":"cc.Vec3","x":33.2,"y":-33.2},"_lscale":{"__type__":"cc.Vec3","x":0.7,"y":0.7,"z":1},"_layer":33554432},{"__type__":"cc.Node","_name":"name","_parent":{"__id__":30},"_components":[{"__type__":"cc.UITransform","node":{"__id__":33},"_contentSize":{"__type__":"cc.Size","width":9.32,"height":50.4},"_anchorPoint":{"__type__":"cc.Vec2","x":1,"y":0.5}},{"__type__":"cc.Label","node":{"__id__":33},"_string":"-","_actualFontSize":28,"_fontSize":28},{"__type__":"cc.Widget","_name":"name<Widget>","node":{"__id__":33},"_alignFlags":32,"_left":120,"_right":95}],"_prefab":{"__type__":"cc.PrefabInfo","root":{"__id__":1},"asset":{"__id__":0},"fileId":"d3dq6OpTpFFK58s0FnKsJn","_synced":{"default":false,"serializable":false}},"_lpos":{"__type__":"cc.Vec3","x":-55},"_layer":33554432},{"__type__":"cc.Node","_name":"offLine","_parent":{"__id__":27},"_active":false,"_components":[{"__type__":"cc.UITransform","node":{"__id__":34},"_contentSize":{"__type__":"cc.Size","width":108,"height":63}},{"__type__":"cc.Label","node":{"__id__":34},"_srcBlendFactor":1,"_string":"离线","_actualFontSize":54,"_fontSize":54,"_lineHeight":50},{"__type__":"cc.Widget","_name":"offLine<Widget>","node":{"__id__":34},"_alignFlags":18,"_verticalCenter":-2}],"_prefab":{"__type__":"cc.PrefabInfo","root":{"__id__":1},"asset":{"__id__":0},"fileId":"91fViUV2FHqoaeVhaOgZC7","_synced":{"default":false,"serializable":false}},"_lpos":{"__type__":"cc.Vec3","y":-2},"_lscale":{"__type__":"cc.Vec3","x":0.5,"y":0.5,"z":1},"_layer":33554432},{"__type__":"cc.Node","_name":"avatar-2","_parent":{"__id__":26},"_children":[{"__id__":36},{"__id__":37},{"__id__":38},{"__id__":42}],"_components":[{"__type__":"cc.UITransform","node":{"__id__":35},"_contentSize":{"__type__":"cc.Size","width":130,"height":130}},{"__type__":"cc.UIOpacity","node":{"__id__":35}}],"_prefab":{"__type__":"cc.PrefabInfo","root":{"__id__":1},"asset":{"__id__":0},"fileId":"3bpbal3yxJhYsdua/XSPqm","_synced":{"default":false,"serializable":false}},"_lpos":{"__type__":"cc.Vec3","x":65,"y":30},"_layer":33554432},{"__type__":"cc.Node","_name":"bg","_parent":{"__id__":35},"_components":[{"__type__":"cc.UITransform","node":{"__id__":36},"_contentSize":{"__type__":"cc.Size","width":310,"height":108}},{"__type__":"cc.Sprite","node":{"__id__":36},"_spriteFrame":{"__uuid__":"b8fsc+HZFATasinRotQM1J@f9941"},"_type":1,"_sizeMode":0},{"__type__":"cc.Widget","_name":"bg<Widget>","node":{"__id__":36},"_alignFlags":34,"_left":10,"_right":10,"_verticalCenter":-5}],"_prefab":{"__type__":"cc.PrefabInfo","root":{"__id__":1},"asset":{"__id__":0},"fileId":"ffGvXaW3RJDYbYsn/z1Pmi","_synced":{"default":false,"serializable":false}},"_lpos":{"__type__":"cc.Vec3","x":-100,"y":-5},"_layer":33554432},{"__type__":"cc.Node","_name":"white","_parent":{"__id__":35},"_components":[{"__type__":"cc.UITransform","node":{"__id__":37},"_contentSize":{"__type__":"cc.Size","width":132,"height":132}},{"__type__":"cc.Sprite","node":{"__id__":37},"_spriteFrame":{"__uuid__":"3cPvkJX2xIrJ3GteFrlDJ+@f9941"}}],"_prefab":{"__type__":"cc.PrefabInfo","root":{"__id__":1},"asset":{"__id__":0},"fileId":"b6u6UGrfVOXIc28oKyDhPn","_synced":{"default":false,"serializable":false}},"_layer":33554432},{"__type__":"cc.Node","_name":"avatar","_parent":{"__id__":35},"_children":[{"__id__":39},{"__id__":40},{"__id__":41}],"_components":[{"__type__":"cc.UITransform","node":{"__id__":38},"_contentSize":{"__type__":"cc.Size","width":80,"height":80}},{"__type__":"cc.Sprite","node":{"__id__":38},"_materials":[{"__uuid__":"femcRHb0hNMa473b21u7RL"}],"_spriteFrame":{"__uuid__":"b700qgl01Oz59r+MlGadVq@f9941"},"_sizeMode":0},{"__type__":"62231BivyRLC6qStdnthPWc","node":{"__id__":38}}],"_prefab":{"__type__":"cc.PrefabInfo","root":{"__id__":1},"asset":{"__id__":0},"fileId":"dbOz3SDmNCTLjP2i1dthO6","_synced":{"default":false,"serializable":false}},"_layer":33554432},{"__type__":"cc.Node","_name":"isVip","_parent":{"__id__":38},"_active":false,"_components":[{"__type__":"cc.UITransform","node":{"__id__":39},"_contentSize":{"__type__":"cc.Size","width":32,"height":30}},{"__type__":"cc.Sprite","node":{"__id__":39},"_spriteFrame":{"__uuid__":"67UeHEu/FCv7RCHh8Jbt4F@f9941"},"_sizeMode":0},{"__type__":"cc.Widget","_name":"isVip<Widget>","node":{"__id__":39},"_alignFlags":17,"_top":-20}],"_prefab":{"__type__":"cc.PrefabInfo","root":{"__id__":1},"asset":{"__id__":0},"fileId":"23DZNe5QNPKqmq4tq8T096","_synced":{"default":false,"serializable":false}},"_lpos":{"__type__":"cc.Vec3","y":45},"_layer":33554432},{"__type__":"cc.Node","_name":"gender","_parent":{"__id__":38},"_components":[{"__type__":"cc.UITransform","node":{"__id__":40},"_contentSize":{"__type__":"cc.Size","width":48,"height":48}},{"__type__":"cc.Sprite","node":{"__id__":40},"_spriteFrame":{"__uuid__":"e9+aPS0jdJ4IGgpgdNsJgC@f9941"}},{"__type__":"cc.Widget","_name":"gender<Widget>","node":{"__id__":40},"_alignFlags":36,"_right":-10,"_bottom":-10}],"_prefab":{"__type__":"cc.PrefabInfo","root":{"__id__":1},"asset":{"__id__":0},"fileId":"41AcZlfiJEuLYormigtqa+","_synced":{"default":false,"serializable":false}},"_lpos":{"__type__":"cc.Vec3","x":33.2,"y":-33.2},"_lscale":{"__type__":"cc.Vec3","x":0.7,"y":0.7,"z":1},"_layer":33554432},{"__type__":"cc.Node","_name":"name","_parent":{"__id__":38},"_components":[{"__type__":"cc.UITransform","node":{"__id__":41},"_contentSize":{"__type__":"cc.Size","width":9.32,"height":50.4},"_anchorPoint":{"__type__":"cc.Vec2","x":1,"y":0.5}},{"__type__":"cc.Label","node":{"__id__":41},"_string":"-","_actualFontSize":28,"_fontSize":28},{"__type__":"cc.Widget","_name":"name<Widget>","node":{"__id__":41},"_alignFlags":32,"_left":120,"_right":95}],"_prefab":{"__type__":"cc.PrefabInfo","root":{"__id__":1},"asset":{"__id__":0},"fileId":"d3dq6OpTpFFK58s0FnKsJn","_synced":{"default":false,"serializable":false}},"_lpos":{"__type__":"cc.Vec3","x":-55},"_layer":33554432},{"__type__":"cc.Node","_name":"offLine","_parent":{"__id__":35},"_active":false,"_components":[{"__type__":"cc.UITransform","node":{"__id__":42},"_contentSize":{"__type__":"cc.Size","width":108,"height":63}},{"__type__":"cc.Label","node":{"__id__":42},"_srcBlendFactor":1,"_string":"离线","_actualFontSize":54,"_fontSize":54,"_lineHeight":50},{"__type__":"cc.Widget","_name":"offLine<Widget>","node":{"__id__":42},"_alignFlags":18,"_verticalCenter":-2}],"_prefab":{"__type__":"cc.PrefabInfo","root":{"__id__":1},"asset":{"__id__":0},"fileId":"91fViUV2FHqoaeVhaOgZC7","_synced":{"default":false,"serializable":false}},"_lpos":{"__type__":"cc.Vec3","y":-2},"_lscale":{"__type__":"cc.Vec3","x":0.5,"y":0.5,"z":1},"_layer":33554432},{"__type__":"cc.Node","_name":"isLover","_parent":{"__id__":26},"_active":false,"_components":[{"__type__":"cc.UITransform","node":{"__id__":43},"_priority":99,"_contentSize":{"__type__":"cc.Size","width":79,"height":70}},{"__type__":"cc.Sprite","node":{"__id__":43},"_spriteFrame":{"__uuid__":"3cO+XQeatJZIuMoAXYZCVZ@f9941"}}],"_prefab":{"__type__":"cc.PrefabInfo","root":{"__id__":1},"asset":{"__id__":0},"fileId":"afJCXsKxNF+qNcng5xAQZW","_synced":{"default":false,"serializable":false}},"_lpos":{"__type__":"cc.Vec3","x":84.616,"y":-14.102},"_lscale":{"__type__":"cc.Vec3","x":0.5,"y":0.5,"z":1},"_layer":33554432},{"__type__":"cc.Node","_name":"time","_parent":{"__id__":7},"_children":[{"__id__":45},{"__id__":46}],"_components":[{"__type__":"cc.UITransform","node":{"__id__":44},"_contentSize":{"__type__":"cc.Size","height":50.4}},{"__type__":"cc.Label","node":{"__id__":44},"_color":{"__type__":"cc.Color","r":210,"g":107},"_string":"","_actualFontSize":40},{"__type__":"cc.Widget","_name":"time<Widget>","node":{"__id__":44},"_alignFlags":17,"_top":30}],"_prefab":{"__type__":"cc.PrefabInfo","root":{"__id__":1},"asset":{"__id__":0},"fileId":"d34LA619NKe4ssiTEI4035","_synced":{"default":false,"serializable":false}},"_lpos":{"__type__":"cc.Vec3","y":-12.6},"_lscale":{"__type__":"cc.Vec3","x":0.5,"y":0.5,"z":0.5},"_layer":33554432},{"__type__":"cc.Node","_name":"icon","_parent":{"__id__":44},"_components":[{"__type__":"cc.UITransform","node":{"__id__":45},"_contentSize":{"__type__":"cc.Size","width":32,"height":32}},{"__type__":"cc.Sprite","node":{"__id__":45},"_spriteFrame":{"__uuid__":"c8EQgDgMBDOZrr8iHUPPMa@f9941"},"_sizeMode":0}],"_prefab":{"__type__":"cc.PrefabInfo","root":{"__id__":1},"asset":{"__id__":0},"fileId":"a2u4++4vVKAqcD7pFc9+Ee","_synced":{"default":false,"serializable":false}},"_lpos":{"__type__":"cc.Vec3","y":52.884},"_lscale":{"__type__":"cc.Vec3","x":1.5,"y":1.5,"z":1},"_layer":33554432},{"__type__":"cc.Node","_name":"number","_parent":{"__id__":44},"_components":[{"__type__":"cc.UITransform","node":{"__id__":46}},{"__type__":"cc.Widget","node":{"__id__":46}}],"_prefab":{"__type__":"cc.PrefabInfo","root":{"__id__":1},"asset":{"__id__":0},"fileId":"23BqJf3CNP3rO58zEXYE9G","_synced":{"default":false,"serializable":false}},"_layer":33554432},{"__type__":"cc.Node","_name":"ready","_parent":{"__id__":7},"_children":[{"__id__":48}],"_active":false,"_components":[{"__type__":"cc.UITransform","node":{"__id__":47},"_contentSize":{"__type__":"cc.Size","width":332,"height":72}},{"__type__":"cc.Sprite","node":{"__id__":47},"_spriteFrame":{"__uuid__":"555kYDO6RGS6jDOz2KR3UI@f9941"}},{"__type__":"cc.Animation","node":{"__id__":47},"_clips":[{"__uuid__":"19WOLo2AJKc5pRv9Lz2ydX"}],"_defaultClip":{"__uuid__":"19WOLo2AJKc5pRv9Lz2ydX"}}],"_prefab":{"__type__":"cc.PrefabInfo","root":{"__id__":1},"asset":{"__id__":0},"fileId":"77Q+6yekdLXY1tnn0Te9F2","_synced":{"default":false,"serializable":false}},"_lpos":{"__type__":"cc.Vec3","y":-200},"_lscale":{"__type__":"cc.Vec3","x":0.7,"y":0.7,"z":1},"_layer":33554432},{"__type__":"cc.Node","_name":"tip","_parent":{"__id__":47},"_components":[{"__type__":"cc.UITransform","node":{"__id__":48},"_contentSize":{"__type__":"cc.Size","width":360,"height":50.4}},{"__type__":"cc.Label","node":{"__id__":48},"_color":{"__type__":"cc.Color","r":51,"g":51,"b":51},"_string":"长按屏幕，松手跳跃","_actualFontSize":40}],"_prefab":{"__type__":"cc.PrefabInfo","root":{"__id__":1},"asset":{"__id__":0},"fileId":"a2oFMGZQxL5pDdJc5q2vD8","_synced":{"default":false,"serializable":false}},"_lpos":{"__type__":"cc.Vec3","y":-60},"_lscale":{"__type__":"cc.Vec3","x":0.5,"y":0.5,"z":1},"_layer":33554432},{"__type__":"cc.Node","_name":"end","_parent":{"__id__":7},"_active":false,"_components":[{"__type__":"cc.UITransform","node":{"__id__":49},"_contentSize":{"__type__":"cc.Size","width":384,"height":60}},{"__type__":"cc.Sprite","node":{"__id__":49},"_spriteFrame":{"__uuid__":"30teSklSpGSJwY9JlojwMr@f9941"}}],"_prefab":{"__type__":"cc.PrefabInfo","root":{"__id__":1},"asset":{"__id__":0},"fileId":"e9BZ44UMNGFpCk1vktMV9j","_synced":{"default":false,"serializable":false}},"_lpos":{"__type__":"cc.Vec3","y":-213.955},"_lscale":{"__type__":"cc.Vec3","x":0.6,"y":0.6,"z":1},"_layer":33554432},{"__type__":"cc.Node","_name":"tip","_parent":{"__id__":7},"_active":false,"_components":[{"__type__":"cc.UITransform","node":{"__id__":50},"_contentSize":{"__type__":"cc.Size","width":264,"height":60}},{"__type__":"cc.Sprite","node":{"__id__":50},"_spriteFrame":{"__uuid__":"19CHkwwIFGF5CzhYCZzFGp@f9941"}},{"__type__":"cc.Animation","node":{"__id__":50},"playOnLoad":true,"_clips":[{"__uuid__":"fb4+ukSmdDPrCVelXrNCjM"}],"_defaultClip":{"__uuid__":"fb4+ukSmdDPrCVelXrNCjM"}}],"_prefab":{"__type__":"cc.PrefabInfo","root":{"__id__":1},"asset":{"__id__":0},"fileId":"3d4Dm4zsVPB4nwDA9ZiHS/","_synced":{"default":false,"serializable":false}},"_lpos":{"__type__":"cc.Vec3","y":-99},"_lscale":{"__type__":"cc.Vec3","x":0.5,"y":0.5,"z":1},"_layer":33554432},{"__type__":"cc.Node","_name":"wait","_parent":{"__id__":7},"_active":false,"_components":[{"__type__":"cc.UITransform","node":{"__id__":51},"_contentSize":{"__type__":"cc.Size","width":384,"height":60}},{"__type__":"cc.Sprite","node":{"__id__":51},"_spriteFrame":{"__uuid__":"28GnyzwU9FZZWY4Pz5Ox0u@f9941"},"_useGrayscale":true}],"_prefab":{"__type__":"cc.PrefabInfo","root":{"__id__":1},"asset":{"__id__":0},"fileId":"f738Zmm+FHM5/6FOjxlVy0","_synced":{"default":false,"serializable":false}},"_lpos":{"__type__":"cc.Vec3","y":-99},"_lscale":{"__type__":"cc.Vec3","x":0.5,"y":0.5,"z":1},"_layer":33554432},{"__type__":"cc.Node","_name":"score","_parent":{"__id__":7},"_children":[{"__id__":53},{"__id__":55},{"__id__":56}],"_components":[{"__type__":"cc.UITransform","node":{"__id__":52},"_contentSize":{"__type__":"cc.Size","width":720,"height":50}},{"__type__":"cc.Sprite","node":{"__id__":52},"_spriteFrame":{"__uuid__":"cdbTsIRm1JAY6p3sg8bhkP@f9941"},"_type":1,"_sizeMode":0},{"__type__":"cc.ProgressBar","node":{"__id__":52},"_barSprite":{"__id__":54},"_totalLength":720,"_progress":0.5},{"__type__":"cc.Widget","_name":"score<Widget>","node":{"__id__":52},"_alignFlags":18,"_top":21,"_verticalCenter":-66}],"_prefab":{"__type__":"cc.PrefabInfo","root":{"__id__":1},"asset":{"__id__":0},"fileId":"ef+COccI1O7LvhW4cx8G3V","_synced":{"default":false,"serializable":false}},"_lpos":{"__type__":"cc.Vec3","y":-66},"_lscale":{"__type__":"cc.Vec3","x":0.5,"y":0.5,"z":1},"_layer":33554432},{"__type__":"cc.Node","_name":"Bar","_parent":{"__id__":52},"_components":[{"__type__":"cc.UITransform","node":{"__id__":53},"_contentSize":{"__type__":"cc.Size","width":360,"height":52},"_anchorPoint":{"__type__":"cc.Vec2","y":0.5}},{"__id__":54}],"_prefab":{"__type__":"cc.PrefabInfo","root":{"__id__":1},"asset":{"__id__":0},"fileId":"9eSDWRzx9DYK67kWsLdafe","_synced":{"default":false,"serializable":false}},"_lpos":{"__type__":"cc.Vec3","x":-361},"_layer":33554432},{"__type__":"cc.Sprite","node":{"__id__":53},"_spriteFrame":{"__uuid__":"54s+w/q3lMkaADozfsYYEv@f9941"},"_type":1,"_sizeMode":0},{"__type__":"cc.Node","_name":"redScore","_parent":{"__id__":52},"_components":[{"__type__":"cc.UITransform","node":{"__id__":55},"_contentSize":{"__type__":"cc.Size","width":90.26,"height":88.2},"_anchorPoint":{"__type__":"cc.Vec2","x":1,"y":1}},{"__type__":"cc.Label","node":{"__id__":55},"_string":"0分","_actualFontSize":58,"_fontSize":58,"_lineHeight":70},{"__type__":"cc.Widget","_name":"redScore<Widget>","node":{"__id__":55},"_alignFlags":10,"_left":26,"_verticalCenter":2}],"_prefab":{"__type__":"cc.PrefabInfo","root":{"__id__":1},"asset":{"__id__":0},"fileId":"19cUIpPAtDCoTPmzbqy7Nk","_synced":{"default":false,"serializable":false}},"_lpos":{"__type__":"cc.Vec3","x":-288.87,"y":24.05},"_lscale":{"__type__":"cc.Vec3","x":0.5,"y":0.5,"z":1},"_layer":33554432},{"__type__":"cc.Node","_name":"blueScore","_parent":{"__id__":52},"_components":[{"__type__":"cc.UITransform","node":{"__id__":56},"_contentSize":{"__type__":"cc.Size","width":90.26,"height":88.2}},{"__type__":"cc.Label","node":{"__id__":56},"_string":"0分","_actualFontSize":58,"_fontSize":58,"_lineHeight":70},{"__type__":"cc.Widget","_name":"blueScore<Widget>","node":{"__id__":56},"_alignFlags":34,"_left":30,"_right":26,"_verticalCenter":2}],"_prefab":{"__type__":"cc.PrefabInfo","root":{"__id__":1},"asset":{"__id__":0},"fileId":"e2qx/KW/1NOIqxpOgvhWQI","_synced":{"default":false,"serializable":false}},"_lpos":{"__type__":"cc.Vec3","x":311.435,"y":2},"_lscale":{"__type__":"cc.Vec3","x":0.5,"y":0.5,"z":1},"_layer":33554432},{"__type__":"cc.Node","_name":"nav","_parent":{"__id__":1},"_children":[{"__id__":58},{"__id__":59}],"_components":[{"__type__":"cc.UITransform","node":{"__id__":57},"_contentSize":{"__type__":"cc.Size","width":375,"height":40}},{"__type__":"cc.Widget","_name":"nav<Widget>","node":{"__id__":57},"_alignFlags":41,"_top":38,"_originalWidth":100}],"_prefab":{"__type__":"cc.PrefabInfo","root":{"__id__":1},"asset":{"__id__":0},"fileId":"927Stu8oNA6buuH04VNib+","_synced":{"default":false,"serializable":false}},"_lpos":{"__type__":"cc.Vec3","y":348}},{"__type__":"cc.Node","_name":"back","_parent":{"__id__":57},"_components":[{"__type__":"cc.UITransform","node":{"__id__":58},"_contentSize":{"__type__":"cc.Size","width":34,"height":34}},{"__type__":"cc.Sprite","node":{"__id__":58},"_spriteFrame":{"__uuid__":"a68ryHOTFMhpIcqFswrFxE@f9941"},"_sizeMode":0},{"__type__":"cc.Widget","_name":"back<Widget>","node":{"__id__":58},"_alignFlags":8,"_left":10}],"_prefab":{"__type__":"cc.PrefabInfo","root":{"__id__":1},"asset":{"__id__":0},"fileId":"2cAT0SljZMFJmQJI8cREzl","_synced":{"default":false,"serializable":false}},"_lpos":{"__type__":"cc.Vec3","x":-163.9},"_lscale":{"__type__":"cc.Vec3","x":0.8,"y":0.8,"z":1},"_layer":33554432},{"__type__":"cc.Node","_name":"music","_parent":{"__id__":57},"_components":[{"__type__":"cc.UITransform","node":{"__id__":59},"_contentSize":{"__type__":"cc.Size","width":34,"height":34}},{"__type__":"cc.Sprite","node":{"__id__":59},"_spriteFrame":{"__uuid__":"a7t2sG2DdCXaHovpxjcywM@f9941"},"_sizeMode":0},{"__type__":"cc.Widget","_name":"music<Widget>","node":{"__id__":59},"_alignFlags":34,"_right":10}],"_prefab":{"__type__":"cc.PrefabInfo","root":{"__id__":1},"asset":{"__id__":0},"fileId":"dew64C0UZBrYJ1akn7GN12","_synced":{"default":false,"serializable":false}},"_lpos":{"__type__":"cc.Vec3","x":163.9},"_lscale":{"__type__":"cc.Vec3","x":0.8,"y":0.8,"z":1},"_layer":33554432},{"__type__":"cc.Node","_name":"logo","_parent":{"__id__":1},"_children":[{"__id__":61},{"__id__":62}],"_components":[{"__type__":"cc.UITransform","node":{"__id__":60},"_contentSize":{"__type__":"cc.Size","width":40,"height":36}},{"__type__":"cc.Widget","_name":"logo<Widget>","node":{"__id__":60},"_alignFlags":12,"_left":8,"_bottom":8}],"_prefab":{"__type__":"cc.PrefabInfo","root":{"__id__":1},"asset":{"__id__":0},"fileId":"08m9Eb3chJ9pAWOvBORfeI","_synced":{"default":false,"serializable":false}},"_lpos":{"__type__":"cc.Vec3","x":-159.5,"y":-380},"_layer":33554432},{"__type__":"cc.Node","_name":"image","_parent":{"__id__":60},"_components":[{"__type__":"cc.UITransform","node":{"__id__":61},"_contentSize":{"__type__":"cc.Size","width":19,"height":19}},{"__type__":"cc.Sprite","node":{"__id__":61},"_spriteFrame":{"__uuid__":"5byPWgSr5BkoKbOEVKPVTX@f9941"},"_sizeMode":0},{"__type__":"cc.Widget","_name":"image<Widget>","node":{"__id__":61},"_alignFlags":10}],"_prefab":{"__type__":"cc.PrefabInfo","root":{"__id__":1},"asset":{"__id__":0},"fileId":"a9NPTekf1NsopsuziJ9MwJ","_synced":{"default":false,"serializable":false}},"_lpos":{"__type__":"cc.Vec3","x":-10.5},"_layer":33554432},{"__type__":"cc.Node","_name":"name","_parent":{"__id__":60},"_components":[{"__type__":"cc.UITransform","node":{"__id__":62},"_contentSize":{"__type__":"cc.Size","width":120,"height":50.4}},{"__type__":"cc.Label","node":{"__id__":62},"_string":"恋爱记小游戏","_actualFontSize":20,"_fontSize":20},{"__type__":"cc.Widget","_name":"name<Widget>","node":{"__id__":62},"_alignFlags":10,"_left":24}],"_prefab":{"__type__":"cc.PrefabInfo","root":{"__id__":1},"asset":{"__id__":0},"fileId":"7ce6Mbt0BJGq1AUcSE4x6k","_synced":{"default":false,"serializable":false}},"_lpos":{"__type__":"cc.Vec3","x":34},"_lscale":{"__type__":"cc.Vec3","x":0.5,"y":0.5,"z":1},"_layer":33554432}]
