[{"__type__":"cc.Prefab","data":{"__id__":1}},{"__type__":"cc.Node","_name":"showRange","_components":[{"__type__":"cc.MeshRenderer","_name":"Cylinder<ModelComponent>","node":{"__id__":1},"_materials":[{"__uuid__":"feEuURN0tI14bbdATrrib0@22e2a"}],"lightmapSettings":{"__type__":"cc.ModelLightmapSettings"},"_mesh":{"__uuid__":"12Y9dMgWdJKJGmTiZyQR9H@8abdc"}}],"_prefab":{"__type__":"cc.PrefabInfo","root":{"__id__":1},"asset":{"__id__":0},"fileId":"2fVqE8pTdLyI/ZRdj6P4Q4","_synced":{"default":false,"serializable":false}},"_lpos":{"__type__":"cc.Vec3","y":0.562},"_lscale":{"__type__":"cc.Vec3","x":0.01,"y":1.3,"z":0.01}}]
