[{"__type__":"cc.Mesh","_native":".bin","_struct":{"primitives":[{"primitiveMode":7,"vertexBundelIndices":[0],"indexView":{"offset":40656,"length":7776,"count":3888,"stride":2}}],"vertexBundles":[{"view":{"offset":0,"length":40656,"count":847,"stride":48},"attributes":[{"name":"a_position","format":32,"isNormalized":false},{"name":"a_normal","format":32,"isNormalized":false},{"name":"a_texCoord","format":21,"isNormalized":false},{"name":"a_tangent","format":44,"isNormalized":false}]}],"minPosition":{"__type__":"cc.Vec3","x":-0.29999998211860657,"y":-0.14772115647792816,"z":-0.29999998211860657},"maxPosition":{"__type__":"cc.Vec3","x":0.29999998211860657,"y":0.14772115647792816,"z":0.29999998211860657}},"_dataLength":48432,"_hash":982915982},{"__type__":"cc.Material","_name":"材质.1","_effectAsset":{"__uuid__":"1brw/JvvpFnIvdrxpFCgMZ"},"_defines":[{"USE_ALBEDO_MAP":true}],"_states":[{"rasterizerState":{},"blendState":{"targets":[{}]},"depthStencilState":{}}],"_props":[{"albedoScale":{"__type__":"cc.Vec3","x":1,"y":1,"z":1},"metallic":0.200000002980232,"roughness":0.800000011920929,"mainTexture":{"__uuid__":"19YxQv5f1KUruslXV5lgc7@45e90"}}]},{"__type__":"cc.Mesh","_native":".bin","_struct":{"primitives":[{"primitiveMode":7,"vertexBundelIndices":[0],"indexView":{"offset":7104,"length":864,"count":432,"stride":2}}],"vertexBundles":[{"view":{"offset":0,"length":7104,"count":148,"stride":48},"attributes":[{"name":"a_position","format":32,"isNormalized":false},{"name":"a_normal","format":32,"isNormalized":false},{"name":"a_texCoord","format":21,"isNormalized":false},{"name":"a_tangent","format":44,"isNormalized":false}]}],"minPosition":{"__type__":"cc.Vec3","x":-0.09999999403953552,"y":-0.14970971643924713,"z":-0.09999999403953552},"maxPosition":{"__type__":"cc.Vec3","x":0.09999999403953552,"y":0.14970971643924713,"z":0.09999999403953552}},"_dataLength":7968,"_hash":2456118015},{"__type__":"cc.Material","_name":"材质","_effectAsset":{"__uuid__":"1brw/JvvpFnIvdrxpFCgMZ"},"_defines":[{"USE_ALBEDO_MAP":true}],"_states":[{"rasterizerState":{},"blendState":{"targets":[{}]},"depthStencilState":{}}],"_props":[{"albedoScale":{"__type__":"cc.Vec3","x":1,"y":1,"z":1},"metallic":0.200000002980232,"roughness":0.800000011920929,"mainTexture":{"__uuid__":"19YxQv5f1KUruslXV5lgc7@5378d"}}]},{"__type__":"cc.Material","_name":"白色","_effectAsset":{"__uuid__":"1brw/JvvpFnIvdrxpFCgMZ"},"_defines":[{}],"_states":[{"rasterizerState":{},"blendState":{"targets":[{}]},"depthStencilState":{}}],"_props":[{"albedoScale":{"__type__":"cc.Vec3","x":1,"y":1,"z":1},"metallic":0.400000005960464,"roughness":0.242535620927811}]},[{"__type__":"cc.Prefab","data":{"__id__":1}},{"__type__":"cc.Node","_name":"f402","_children":[{"__id__":2}],"_prefab":{"__type__":"cc.PrefabInfo","root":{"__id__":1},"asset":{"__id__":0},"fileId":"2336MVfItO1aDa43nmZh4x","_synced":{"default":false,"serializable":false}}},{"__type__":"cc.Node","_name":"RootNode","_parent":{"__id__":1},"_children":[{"__id__":3},{"__id__":4},{"__id__":5},{"__id__":6},{"__id__":7}],"_prefab":{"__type__":"cc.PrefabInfo","root":{"__id__":1},"asset":{"__id__":0},"fileId":"a81RtqyKpKzJ11boSagOPT","_synced":{"default":false,"serializable":false}}},{"__type__":"cc.Node","_name":"圆环_1","_parent":{"__id__":2},"_components":[{"__type__":"cc.MeshRenderer","node":{"__id__":3},"_materials":[{"__uuid__":"19YxQv5f1KUruslXV5lgc7@ed9a5"}],"lightmapSettings":{"__type__":"cc.ModelLightmapSettings"},"_mesh":{"__uuid__":"19YxQv5f1KUruslXV5lgc7@5c882"}}],"_prefab":{"__type__":"cc.PrefabInfo","root":{"__id__":1},"asset":{"__id__":0},"fileId":"f0CtRn68dM/oJqBtlVLkQo","_synced":{"default":false,"serializable":false}},"_lpos":{"__type__":"cc.Vec3","x":0.576589047908783,"y":0.299999982118607,"z":1.26999998092651},"_lrot":{"__type__":"cc.Quat","x":0.7071067811865476,"w":0.7071067811865476},"_euler":{"__type__":"cc.Vec3","x":90.00000000000003}},{"__type__":"cc.Node","_name":"圆柱_1","_parent":{"__id__":2},"_components":[{"__type__":"cc.MeshRenderer","node":{"__id__":4},"_materials":[{"__uuid__":"19YxQv5f1KUruslXV5lgc7@35e30"}],"lightmapSettings":{"__type__":"cc.ModelLightmapSettings"},"_mesh":{"__uuid__":"19YxQv5f1KUruslXV5lgc7@14e62"}}],"_prefab":{"__type__":"cc.PrefabInfo","root":{"__id__":1},"asset":{"__id__":0},"fileId":"f6g1zDyv9PYrosLwbT3ISI","_synced":{"default":false,"serializable":false}},"_lpos":{"__type__":"cc.Vec3","x":0.576589047908783,"y":0.299999982118607,"z":1.26999998092651},"_lrot":{"__type__":"cc.Quat","x":0.7071067811865476,"w":0.7071067811865476},"_euler":{"__type__":"cc.Vec3","x":90.00000000000003}},{"__type__":"cc.Node","_name":"圆柱","_parent":{"__id__":2},"_components":[{"__type__":"cc.MeshRenderer","node":{"__id__":5},"_materials":[{"__uuid__":"19YxQv5f1KUruslXV5lgc7@35e30"}],"lightmapSettings":{"__type__":"cc.ModelLightmapSettings"},"_mesh":{"__uuid__":"19YxQv5f1KUruslXV5lgc7@f32e4"}}],"_prefab":{"__type__":"cc.PrefabInfo","root":{"__id__":1},"asset":{"__id__":0},"fileId":"01bhbAKKhIUpsnJ+ouE6fC","_synced":{"default":false,"serializable":false}},"_lpos":{"__type__":"cc.Vec3","x":-0.623410940170288,"y":0.299999982118607,"z":1.26999998092651},"_lrot":{"__type__":"cc.Quat","x":0.7071067811865476,"w":0.7071067811865476},"_euler":{"__type__":"cc.Vec3","x":90.00000000000003}},{"__type__":"cc.Node","_name":"圆环","_parent":{"__id__":2},"_components":[{"__type__":"cc.MeshRenderer","node":{"__id__":6},"_materials":[{"__uuid__":"19YxQv5f1KUruslXV5lgc7@ed9a5"}],"lightmapSettings":{"__type__":"cc.ModelLightmapSettings"},"_mesh":{"__uuid__":"19YxQv5f1KUruslXV5lgc7@ab47a"}}],"_prefab":{"__type__":"cc.PrefabInfo","root":{"__id__":1},"asset":{"__id__":0},"fileId":"1dHXCy5WdKpabA7zFZ44cM","_synced":{"default":false,"serializable":false}},"_lpos":{"__type__":"cc.Vec3","x":-0.623410940170288,"y":0.299999982118607,"z":1.26999998092651},"_lrot":{"__type__":"cc.Quat","x":0.7071067811865476,"w":0.7071067811865476},"_euler":{"__type__":"cc.Vec3","x":90.00000000000003}},{"__type__":"cc.Node","_name":"立方体_3","_parent":{"__id__":2},"_components":[{"__type__":"cc.MeshRenderer","node":{"__id__":7},"_materials":[{"__uuid__":"19YxQv5f1KUruslXV5lgc7@22e2a"},{"__uuid__":"19YxQv5f1KUruslXV5lgc7@9aeec"},{"__uuid__":"19YxQv5f1KUruslXV5lgc7@35e30"},{"__uuid__":"19YxQv5f1KUruslXV5lgc7@ea6e2"}],"lightmapSettings":{"__type__":"cc.ModelLightmapSettings"},"_mesh":{"__uuid__":"19YxQv5f1KUruslXV5lgc7@f1dca"}}],"_prefab":{"__type__":"cc.PrefabInfo","root":{"__id__":1},"asset":{"__id__":0},"fileId":"a9veX84JpP5qSCi2HKAPBx","_synced":{"default":false,"serializable":false}},"_lpos":{"__type__":"cc.Vec3","y":0.879999995231628}}],{"__type__":"cc.Mesh","_native":".bin","_struct":{"primitives":[{"primitiveMode":7,"vertexBundelIndices":[0],"indexView":{"offset":40656,"length":7776,"count":3888,"stride":2}}],"vertexBundles":[{"view":{"offset":0,"length":40656,"count":847,"stride":48},"attributes":[{"name":"a_position","format":32,"isNormalized":false},{"name":"a_normal","format":32,"isNormalized":false},{"name":"a_texCoord","format":21,"isNormalized":false},{"name":"a_tangent","format":44,"isNormalized":false}]}],"minPosition":{"__type__":"cc.Vec3","x":-0.29999998211860657,"y":-0.14772115647792816,"z":-0.29999998211860657},"maxPosition":{"__type__":"cc.Vec3","x":0.29999998211860657,"y":0.14772115647792816,"z":0.29999998211860657}},"_dataLength":48432,"_hash":614846675},{"__type__":"cc.Material","_name":"DefaultMaterial","_effectAsset":{"__uuid__":"1brw/JvvpFnIvdrxpFCgMZ"},"_defines":[{}],"_states":[{"rasterizerState":{},"blendState":{"targets":[{}]},"depthStencilState":{}}],"_props":[{"albedoScale":{"__type__":"cc.Vec3","x":0.5,"y":0.5,"z":0.5},"metallic":0.200000002980232,"roughness":0.800000011920929}]},{"__type__":"cc.Material","_name":"材质.2","_effectAsset":{"__uuid__":"1brw/JvvpFnIvdrxpFCgMZ"},"_defines":[{}],"_states":[{"rasterizerState":{},"blendState":{"targets":[{}]},"depthStencilState":{}}],"_props":[{"albedoScale":{"__type__":"cc.Vec3","x":0.550000011920929,"y":0.550000011920929,"z":0.550000011920929},"metallic":0.200000002980232,"roughness":0.800000011920929}]},{"__type__":"cc.Mesh","_native":".bin","_struct":{"primitives":[{"primitiveMode":7,"vertexBundelIndices":[0],"indexView":{"offset":576,"length":72,"count":36,"stride":2}},{"primitiveMode":7,"vertexBundelIndices":[1],"indexView":{"offset":1032,"length":36,"count":18,"stride":2}},{"primitiveMode":7,"vertexBundelIndices":[2],"indexView":{"offset":1356,"length":24,"count":12,"stride":2}},{"primitiveMode":7,"vertexBundelIndices":[3],"indexView":{"offset":2628,"length":132,"count":66,"stride":2}}],"vertexBundles":[{"view":{"offset":0,"length":576,"count":12,"stride":48},"attributes":[{"name":"a_position","format":32,"isNormalized":false},{"name":"a_normal","format":32,"isNormalized":false},{"name":"a_texCoord","format":21,"isNormalized":false},{"name":"a_tangent","format":44,"isNormalized":false}]},{"view":{"offset":648,"length":384,"count":8,"stride":48},"attributes":[{"name":"a_position","format":32,"isNormalized":false},{"name":"a_normal","format":32,"isNormalized":false},{"name":"a_texCoord","format":21,"isNormalized":false},{"name":"a_tangent","format":44,"isNormalized":false}]},{"view":{"offset":1068,"length":288,"count":6,"stride":48},"attributes":[{"name":"a_position","format":32,"isNormalized":false},{"name":"a_normal","format":32,"isNormalized":false},{"name":"a_texCoord","format":21,"isNormalized":false},{"name":"a_tangent","format":44,"isNormalized":false}]},{"view":{"offset":1380,"length":1248,"count":26,"stride":48},"attributes":[{"name":"a_position","format":32,"isNormalized":false},{"name":"a_normal","format":32,"isNormalized":false},{"name":"a_texCoord","format":21,"isNormalized":false},{"name":"a_tangent","format":44,"isNormalized":false}]}],"minPosition":{"__type__":"cc.Vec3","x":-1.4616100788116455,"y":-0.6800000071525574,"z":-1.2999999523162842},"maxPosition":{"__type__":"cc.Vec3","x":1.2999999523162842,"y":0.6800000071525574,"z":1.2999999523162842}},"_dataLength":2760,"_hash":3501099870},{"__type__":"cc.Mesh","_native":".bin","_struct":{"primitives":[{"primitiveMode":7,"vertexBundelIndices":[0],"indexView":{"offset":7104,"length":864,"count":432,"stride":2}}],"vertexBundles":[{"view":{"offset":0,"length":7104,"count":148,"stride":48},"attributes":[{"name":"a_position","format":32,"isNormalized":false},{"name":"a_normal","format":32,"isNormalized":false},{"name":"a_texCoord","format":21,"isNormalized":false},{"name":"a_tangent","format":44,"isNormalized":false}]}],"minPosition":{"__type__":"cc.Vec3","x":-0.09999999403953552,"y":-0.14970971643924713,"z":-0.09999999403953552},"maxPosition":{"__type__":"cc.Vec3","x":0.09999999403953552,"y":0.14970971643924713,"z":0.09999999403953552}},"_dataLength":7968,"_hash":2456118015}]
