[{"__type__":"cc.Material","_name":"材质.13","_effectAsset":{"__uuid__":"1brw/JvvpFnIvdrxpFCgMZ"},"_defines":[{}],"_states":[{"rasterizerState":{},"blendState":{"targets":[{}]},"depthStencilState":{}}],"_props":[{"albedoScale":{"__type__":"cc.Vec3","x":1,"y":0.430000007152557,"z":0.430000007152557},"metallic":0.400000005960464,"roughness":0.242535620927811}]},{"__type__":"cc.Material","_name":"材质.12","_effectAsset":{"__uuid__":"1brw/JvvpFnIvdrxpFCgMZ"},"_defines":[{"USE_ALBEDO_MAP":true}],"_states":[{"rasterizerState":{},"blendState":{"targets":[{}]},"depthStencilState":{}}],"_props":[{"albedoScale":{"__type__":"cc.Vec3","x":1,"y":1,"z":1},"metallic":0.200000002980232,"roughness":0.800000011920929,"mainTexture":{"__uuid__":"fa+LOqOb9AV72+2JzOvdSt@e82de"}}]},{"__type__":"cc.Mesh","_native":".bin","_struct":{"primitives":[{"primitiveMode":7,"vertexBundelIndices":[0],"indexView":{"offset":384,"length":24,"count":12,"stride":2}},{"primitiveMode":7,"vertexBundelIndices":[1],"indexView":{"offset":984,"length":36,"count":18,"stride":2}},{"primitiveMode":7,"vertexBundelIndices":[2],"indexView":{"offset":1212,"length":12,"count":6,"stride":2}}],"vertexBundles":[{"view":{"offset":0,"length":384,"count":8,"stride":48},"attributes":[{"name":"a_position","format":32,"isNormalized":false},{"name":"a_normal","format":32,"isNormalized":false},{"name":"a_texCoord","format":21,"isNormalized":false},{"name":"a_tangent","format":44,"isNormalized":false}]},{"view":{"offset":408,"length":576,"count":12,"stride":48},"attributes":[{"name":"a_position","format":32,"isNormalized":false},{"name":"a_normal","format":32,"isNormalized":false},{"name":"a_texCoord","format":21,"isNormalized":false},{"name":"a_tangent","format":44,"isNormalized":false}]},{"view":{"offset":1020,"length":192,"count":4,"stride":48},"attributes":[{"name":"a_position","format":32,"isNormalized":false},{"name":"a_normal","format":32,"isNormalized":false},{"name":"a_texCoord","format":21,"isNormalized":false},{"name":"a_tangent","format":44,"isNormalized":false}]}],"minPosition":{"__type__":"cc.Vec3","x":-0.6499999761581421,"y":-0.7799999713897705,"z":-0.6499999761581421},"maxPosition":{"__type__":"cc.Vec3","x":0.6499999761581421,"y":0.7799999713897705,"z":0.6499999761581421}},"_dataLength":1224,"_hash":610264808},{"__type__":"cc.Material","_name":"DefaultMaterial","_effectAsset":{"__uuid__":"1brw/JvvpFnIvdrxpFCgMZ"},"_defines":[{}],"_states":[{"rasterizerState":{},"blendState":{"targets":[{}]},"depthStencilState":{}}],"_props":[{"albedoScale":{"__type__":"cc.Vec3","x":0.5,"y":0.5,"z":0.5},"metallic":0.200000002980232,"roughness":0.800000011920929}]},[{"__type__":"cc.Prefab","data":{"__id__":1}},{"__type__":"cc.Node","_name":"f106","_children":[{"__id__":2}],"_prefab":{"__type__":"cc.PrefabInfo","root":{"__id__":1},"asset":{"__id__":0},"fileId":"26XfQUNoZG7KdvR5Iy8X2O","_synced":{"default":false,"serializable":false}}},{"__type__":"cc.Node","_name":"RootNode","_parent":{"__id__":1},"_children":[{"__id__":3}],"_prefab":{"__type__":"cc.PrefabInfo","root":{"__id__":1},"asset":{"__id__":0},"fileId":"fdGENwgnhKI7GqVJt0g+2/","_synced":{"default":false,"serializable":false}}},{"__type__":"cc.Node","_name":"立方体","_parent":{"__id__":2},"_components":[{"__type__":"cc.MeshRenderer","node":{"__id__":3},"_materials":[{"__uuid__":"fa+LOqOb9AV72+2JzOvdSt@8f26a"},{"__uuid__":"fa+LOqOb9AV72+2JzOvdSt@ea6e2"},{"__uuid__":"fa+LOqOb9AV72+2JzOvdSt@0d890"}],"lightmapSettings":{"__type__":"cc.ModelLightmapSettings"},"_mesh":{"__uuid__":"fa+LOqOb9AV72+2JzOvdSt@e10e4"}}],"_prefab":{"__type__":"cc.PrefabInfo","root":{"__id__":1},"asset":{"__id__":0},"fileId":"f6YVNNJOZH56CCQuESDsz7","_synced":{"default":false,"serializable":false}},"_lpos":{"__type__":"cc.Vec3","y":0.779999971389771}}]]
