[{"__type__":"cc.Mesh","_native":".bin","_struct":{"primitives":[{"primitiveMode":7,"vertexBundelIndices":[0],"indexView":{"offset":1152,"length":72,"count":36,"stride":2}}],"vertexBundles":[{"view":{"offset":0,"length":1152,"count":24,"stride":48},"attributes":[{"name":"a_position","format":32,"isNormalized":false},{"name":"a_normal","format":32,"isNormalized":false},{"name":"a_texCoord","format":21,"isNormalized":false},{"name":"a_tangent","format":44,"isNormalized":false}]}],"minPosition":{"__type__":"cc.Vec3","x":-1,"y":-0.08075422048568726,"z":-1},"maxPosition":{"__type__":"cc.Vec3","x":1,"y":0.08075422048568726,"z":1}},"_dataLength":1224,"_hash":2874408854},{"__type__":"cc.Mesh","_native":".bin","_struct":{"primitives":[{"primitiveMode":7,"vertexBundelIndices":[0],"indexView":{"offset":1152,"length":72,"count":36,"stride":2}}],"vertexBundles":[{"view":{"offset":0,"length":1152,"count":24,"stride":48},"attributes":[{"name":"a_position","format":32,"isNormalized":false},{"name":"a_normal","format":32,"isNormalized":false},{"name":"a_texCoord","format":21,"isNormalized":false},{"name":"a_tangent","format":44,"isNormalized":false}]}],"minPosition":{"__type__":"cc.Vec3","x":-0.9149999618530273,"y":-0.7799999713897705,"z":-0.9149999618530273},"maxPosition":{"__type__":"cc.Vec3","x":0.9149999618530273,"y":0.7799999713897705,"z":0.9149999618530273}},"_dataLength":1224,"_hash":2439272754},{"__type__":"cc.Material","_name":"材质.1","_effectAsset":{"__uuid__":"1brw/JvvpFnIvdrxpFCgMZ"},"_defines":[{}],"_states":[{"rasterizerState":{},"blendState":{"targets":[{}]},"depthStencilState":{}}],"_props":[{"albedoScale":{"__type__":"cc.Vec3","x":1,"y":1,"z":1},"metallic":0.400000005960464,"roughness":0.242535620927811}]},{"__type__":"cc.Mesh","_native":".bin","_struct":{"primitives":[{"primitiveMode":7,"vertexBundelIndices":[0],"indexView":{"offset":1152,"length":72,"count":36,"stride":2}}],"vertexBundles":[{"view":{"offset":0,"length":1152,"count":24,"stride":48},"attributes":[{"name":"a_position","format":32,"isNormalized":false},{"name":"a_normal","format":32,"isNormalized":false},{"name":"a_texCoord","format":21,"isNormalized":false},{"name":"a_tangent","format":44,"isNormalized":false}]}],"minPosition":{"__type__":"cc.Vec3","x":-1,"y":-0.08075422048568726,"z":-1},"maxPosition":{"__type__":"cc.Vec3","x":1,"y":0.08075422048568726,"z":1}},"_dataLength":1224,"_hash":2874408854}]
