{"__type__":"cc.Mesh","_native":".bin","_struct":{"primitives":[{"primitiveMode":7,"vertexBundelIndices":[0],"indexView":{"offset":19008,"length":9504,"count":4752,"stride":2}}],"vertexBundles":[{"view":{"offset":0,"length":19008,"count":792,"stride":24},"attributes":[{"name":"a_position","format":32,"isNormalized":false},{"name":"a_normal","format":32,"isNormalized":false}]}],"minPosition":{"__type__":"cc.Vec3","x":-0.22081397473812103,"y":-0.029042517766356468,"z":-0.22403407096862793},"maxPosition":{"__type__":"cc.Vec3","x":0.22403407096862793,"y":0.2906626760959625,"z":0.22081397473812103}},"_dataLength":28512,"_hash":1023602771}
