[{"__type__":"cc.Prefab","data":{"__id__":1}},{"__type__":"cc.Node","_name":"OtherTeam","_components":[{"__type__":"cc.MeshRenderer","_name":"Cylinder<ModelComponent>","node":{"__id__":1},"_materials":[{"__uuid__":"c97ma8z3tNOqN2YVQ4A9uz"}],"lightmapSettings":{"__type__":"cc.ModelLightmapSettings"},"_mesh":{"__uuid__":"12Y9dMgWdJKJGmTiZyQR9H@8abdc"},"_shadowCastingMode":1,"_shadowReceivingMode":0}],"_prefab":{"__type__":"cc.PrefabInfo","root":{"__id__":1},"asset":{"__id__":0},"fileId":"2fATNdKxtCjobmKYX6O6Dj","_synced":{"default":false,"serializable":false}},"_lpos":{"__type__":"cc.Vec3","y":0.732},"_lrot":{"__type__":"cc.Quat","y":1,"w":6.123233995736766e-17},"_lscale":{"__type__":"cc.Vec3","x":0.227,"y":0.227,"z":0.227},"_euler":{"__type__":"cc.Vec3","y":180}}]
