[{"__type__":"cc.Mesh","_native":".bin","_struct":{"primitives":[{"primitiveMode":7,"vertexBundelIndices":[0],"indexView":{"offset":14016,"length":1728,"count":864,"stride":2}}],"vertexBundles":[{"view":{"offset":0,"length":14016,"count":292,"stride":48},"attributes":[{"name":"a_position","format":32,"isNormalized":false},{"name":"a_normal","format":32,"isNormalized":false},{"name":"a_texCoord","format":21,"isNormalized":false},{"name":"a_tangent","format":44,"isNormalized":false}]}],"minPosition":{"__type__":"cc.Vec3","x":-0.13650807738304138,"y":-0.5,"z":-0.13650807738304138},"maxPosition":{"__type__":"cc.Vec3","x":0.13650807738304138,"y":0.5,"z":0.13650807738304138}},"_dataLength":15744,"_hash":2671365102},{"__type__":"cc.Material","_name":"材质.1","_effectAsset":{"__uuid__":"1brw/JvvpFnIvdrxpFCgMZ"},"_defines":[{}],"_states":[{"rasterizerState":{},"blendState":{"targets":[{}]},"depthStencilState":{}}],"_props":[{"albedoScale":{"__type__":"cc.Vec3","x":0.839999973773956,"y":0.711480021476746,"z":0.613200008869171},"metallic":0.400000005960464,"roughness":0.242535620927811}]},{"__type__":"cc.Mesh","_native":".bin","_struct":{"primitives":[{"primitiveMode":7,"vertexBundelIndices":[0],"indexView":{"offset":21120,"length":2592,"count":1296,"stride":2}}],"vertexBundles":[{"view":{"offset":0,"length":21120,"count":440,"stride":48},"attributes":[{"name":"a_position","format":32,"isNormalized":false},{"name":"a_normal","format":32,"isNormalized":false},{"name":"a_texCoord","format":21,"isNormalized":false},{"name":"a_tangent","format":44,"isNormalized":false}]}],"minPosition":{"__type__":"cc.Vec3","x":-0.6741142868995667,"y":-0.14999999105930328,"z":-0.6741142868995667},"maxPosition":{"__type__":"cc.Vec3","x":0.6741142868995667,"y":0.14999999105930328,"z":0.6741142868995667}},"_dataLength":23712,"_hash":2621270108},{"__type__":"cc.Material","_name":"材质","_effectAsset":{"__uuid__":"1brw/JvvpFnIvdrxpFCgMZ"},"_defines":[{}],"_states":[{"rasterizerState":{},"blendState":{"targets":[{}]},"depthStencilState":{}}],"_props":[{"albedoScale":{"__type__":"cc.Vec3","x":1,"y":1,"z":1},"metallic":0.200000002980232,"roughness":0.800000011920929}]},[{"__type__":"cc.Prefab","data":{"__id__":1}},{"__type__":"cc.Node","_name":"y106","_children":[{"__id__":2}],"_prefab":{"__type__":"cc.PrefabInfo","root":{"__id__":1},"asset":{"__id__":0},"fileId":"d0Vg+dSINPirM3cF3CQTMJ","_synced":{"default":false,"serializable":false}}},{"__type__":"cc.Node","_name":"RootNode","_parent":{"__id__":1},"_children":[{"__type__":"cc.Node","_name":"Cinema_4D_编辑器","_parent":{"__id__":2},"_prefab":{"__type__":"cc.PrefabInfo","root":{"__id__":1},"asset":{"__id__":0},"fileId":"7dxHBxbrVDmZ/+9EVi1cwz","_synced":{"default":false,"serializable":false}},"_lpos":{"__type__":"cc.Vec3","x":-3.34323692321777,"y":5.09020805358887,"z":3.18984937667847},"_lrot":{"__type__":"cc.Quat","x":-0.3259709689512131,"y":-0.35627069407095957,"z":-0.13420710840809108,"w":0.8653337922443242},"_euler":{"__type__":"cc.Vec3","x":-41.282754062629564,"y":-44.75537814604278,"z":-0.000004894169581743632}},{"__id__":3},{"__id__":4},{"__id__":5}],"_prefab":{"__type__":"cc.PrefabInfo","root":{"__id__":1},"asset":{"__id__":0},"fileId":"81XXnMF1VN+Zx8HG5Juftx","_synced":{"default":false,"serializable":false}}},{"__type__":"cc.Node","_name":"管道","_parent":{"__id__":2},"_components":[{"__type__":"cc.MeshRenderer","node":{"__id__":3},"_materials":[{"__uuid__":"30VBLzoltCdYvElC7tnjw7@22e2a"}],"lightmapSettings":{"__type__":"cc.ModelLightmapSettings"},"_mesh":{"__uuid__":"30VBLzoltCdYvElC7tnjw7@1f6ff"}}],"_prefab":{"__type__":"cc.PrefabInfo","root":{"__id__":1},"asset":{"__id__":0},"fileId":"30HqzYe3dHDorYjtdYnLoT","_synced":{"default":false,"serializable":false}},"_lpos":{"__type__":"cc.Vec3","y":1.06028831005096,"z":-0.367261916399002}},{"__type__":"cc.Node","_name":"圆柱_1","_parent":{"__id__":2},"_components":[{"__type__":"cc.MeshRenderer","node":{"__id__":4},"_materials":[{"__uuid__":"30VBLzoltCdYvElC7tnjw7@22e2a"}],"lightmapSettings":{"__type__":"cc.ModelLightmapSettings"},"_mesh":{"__uuid__":"30VBLzoltCdYvElC7tnjw7@14e62"}}],"_prefab":{"__type__":"cc.PrefabInfo","root":{"__id__":1},"asset":{"__id__":0},"fileId":"efWWcmOCVBQKR6XuEc5qsX","_synced":{"default":false,"serializable":false}},"_lpos":{"__type__":"cc.Vec3","y":1.4099999666214}},{"__type__":"cc.Node","_name":"圆柱","_parent":{"__id__":2},"_components":[{"__type__":"cc.MeshRenderer","node":{"__id__":5},"_materials":[{"__uuid__":"30VBLzoltCdYvElC7tnjw7@9aeec"}],"lightmapSettings":{"__type__":"cc.ModelLightmapSettings"},"_mesh":{"__uuid__":"30VBLzoltCdYvElC7tnjw7@f32e4"}}],"_prefab":{"__type__":"cc.PrefabInfo","root":{"__id__":1},"asset":{"__id__":0},"fileId":"635CIFlplOnoj7V6qcfJ8t","_synced":{"default":false,"serializable":false}},"_lpos":{"__type__":"cc.Vec3","y":0.680000007152557}}],{"__type__":"cc.Mesh","_native":".bin","_struct":{"primitives":[{"primitiveMode":7,"vertexBundelIndices":[0],"indexView":{"offset":7104,"length":864,"count":432,"stride":2}}],"vertexBundles":[{"view":{"offset":0,"length":7104,"count":148,"stride":48},"attributes":[{"name":"a_position","format":32,"isNormalized":false},{"name":"a_normal","format":32,"isNormalized":false},{"name":"a_texCoord","format":21,"isNormalized":false},{"name":"a_tangent","format":44,"isNormalized":false}]}],"minPosition":{"__type__":"cc.Vec3","x":-0.625,"y":-0.6800000071525574,"z":-0.625},"maxPosition":{"__type__":"cc.Vec3","x":0.625,"y":0.6800000071525574,"z":0.625}},"_dataLength":7968,"_hash":2450413117}]
