[{"__type__":"cc.Mesh","_native":".bin","_struct":{"primitives":[{"primitiveMode":7,"vertexBundelIndices":[0],"indexView":{"offset":7104,"length":864,"count":432,"stride":2}}],"vertexBundles":[{"view":{"offset":0,"length":7104,"count":148,"stride":48},"attributes":[{"name":"a_position","format":32,"isNormalized":false},{"name":"a_normal","format":32,"isNormalized":false},{"name":"a_texCoord","format":21,"isNormalized":false},{"name":"a_tangent","format":44,"isNormalized":false}]}],"minPosition":{"__type__":"cc.Vec3","x":-1.024999976158142,"y":-0.6299999952316284,"z":-1.024999976158142},"maxPosition":{"__type__":"cc.Vec3","x":1.024999976158142,"y":0.6299999952316284,"z":1.024999976158142}},"_dataLength":7968,"_hash":2641432493},{"__type__":"cc.Material","_name":"材质.1","_effectAsset":{"__uuid__":"1brw/JvvpFnIvdrxpFCgMZ"},"_defines":[{}],"_states":[{"rasterizerState":{},"blendState":{"targets":[{}]},"depthStencilState":{}}],"_props":[{"albedoScale":{"__type__":"cc.Vec3","x":0.629999995231628,"y":0.89516669511795,"z":1},"metallic":0.200000002980232,"roughness":0.800000011920929}]},{"__type__":"cc.Material","_name":"材质","_effectAsset":{"__uuid__":"1brw/JvvpFnIvdrxpFCgMZ"},"_defines":[{"USE_ALBEDO_MAP":true}],"_states":[{"rasterizerState":{},"blendState":{"targets":[{}]},"depthStencilState":{}}],"_props":[{"albedoScale":{"__type__":"cc.Vec3","x":1,"y":1,"z":1},"metallic":0.200000002980232,"roughness":0.800000011920929,"mainTexture":{"__uuid__":"7bpb4o3ANIwYeDOqG+xs7N@553e7"}}]},[{"__type__":"cc.Prefab","data":{"__id__":1}},{"__type__":"cc.Node","_name":"y305","_children":[{"__id__":2}],"_prefab":{"__type__":"cc.PrefabInfo","root":{"__id__":1},"asset":{"__id__":0},"fileId":"e9+xIkKPNLxJOfsfNoGkFY","_synced":{"default":false,"serializable":false}}},{"__type__":"cc.Node","_name":"RootNode","_parent":{"__id__":1},"_children":[{"__id__":3},{"__id__":4}],"_prefab":{"__type__":"cc.PrefabInfo","root":{"__id__":1},"asset":{"__id__":0},"fileId":"4cL/If1klGcJflQt+Wfp5S","_synced":{"default":false,"serializable":false}}},{"__type__":"cc.Node","_name":"圆柱","_parent":{"__id__":2},"_components":[{"__type__":"cc.MeshRenderer","node":{"__id__":3},"_materials":[{"__uuid__":"7bpb4o3ANIwYeDOqG+xs7N@9aeec"}],"lightmapSettings":{"__type__":"cc.ModelLightmapSettings"},"_mesh":{"__uuid__":"7bpb4o3ANIwYeDOqG+xs7N@f32e4"}}],"_prefab":{"__type__":"cc.PrefabInfo","root":{"__id__":1},"asset":{"__id__":0},"fileId":"e6EX8tuwREM75Lp6gj/wez","_synced":{"default":false,"serializable":false}},"_lpos":{"__type__":"cc.Vec3","y":1.30999994277954}},{"__type__":"cc.Node","_name":"圆柱_2","_parent":{"__id__":2},"_components":[{"__type__":"cc.MeshRenderer","node":{"__id__":4},"_materials":[{"__uuid__":"7bpb4o3ANIwYeDOqG+xs7N@22e2a"}],"lightmapSettings":{"__type__":"cc.ModelLightmapSettings"},"_mesh":{"__uuid__":"7bpb4o3ANIwYeDOqG+xs7N@1b553"}}],"_prefab":{"__type__":"cc.PrefabInfo","root":{"__id__":1},"asset":{"__id__":0},"fileId":"10Klc9EWVPkaY4rb3pE54M","_synced":{"default":false,"serializable":false}},"_lpos":{"__type__":"cc.Vec3","y":0.629999995231628}}],{"__type__":"cc.Mesh","_native":".bin","_struct":{"primitives":[{"primitiveMode":7,"vertexBundelIndices":[0],"indexView":{"offset":7104,"length":864,"count":432,"stride":2}}],"vertexBundles":[{"view":{"offset":0,"length":7104,"count":148,"stride":48},"attributes":[{"name":"a_position","format":32,"isNormalized":false},{"name":"a_normal","format":32,"isNormalized":false},{"name":"a_texCoord","format":21,"isNormalized":false},{"name":"a_tangent","format":44,"isNormalized":false}]}],"minPosition":{"__type__":"cc.Vec3","x":-1.125,"y":-0.25,"z":-1.125},"maxPosition":{"__type__":"cc.Vec3","x":1.125,"y":0.25,"z":1.125}},"_dataLength":7968,"_hash":709735518}]
