[{"__type__":"cc.Material","_name":"材质","_effectAsset":{"__uuid__":"1brw/JvvpFnIvdrxpFCgMZ"},"_defines":[{}],"_states":[{"rasterizerState":{},"blendState":{"targets":[{}]},"depthStencilState":{}}],"_props":[{"albedoScale":{"__type__":"cc.Vec3","x":0.899999976158142,"y":0.0900000035762787,"z":0.224999994039536},"metallic":0.400000005960464,"roughness":0.242535620927811}]},[{"__type__":"cc.Prefab","data":{"__id__":1}},{"__type__":"cc.Node","_name":"enemy","_children":[{"__id__":2}],"_prefab":{"__type__":"cc.PrefabInfo","root":{"__id__":1},"asset":{"__id__":0},"fileId":"e8F+B07VFHVr+p1XzzzyOU","_synced":{"default":false,"serializable":false}}},{"__type__":"cc.Node","_name":"RootNode","_parent":{"__id__":1},"_children":[{"__type__":"cc.Node","_name":"Cinema_4D_编辑器","_parent":{"__id__":2},"_prefab":{"__type__":"cc.PrefabInfo","root":{"__id__":1},"asset":{"__id__":0},"fileId":"3b6qh+EBZCeKE9jIem+31D","_synced":{"default":false,"serializable":false}},"_lpos":{"__type__":"cc.Vec3","x":9.0966854095459,"y":6.93153953552246,"z":8.01226806640625},"_lrot":{"__type__":"cc.Quat","x":-0.3054661381426383,"y":0.3432954208494591,"z":0.1191462068758511,"w":0.8801379856926482},"_euler":{"__type__":"cc.Vec3","x":-38.28031692580635,"y":42.616268095249815,"z":-0.0000027417525765498236}},{"__id__":3},{"__id__":4}],"_prefab":{"__type__":"cc.PrefabInfo","root":{"__id__":1},"asset":{"__id__":0},"fileId":"8dkqAJff1FvILg61KM3Mf9","_synced":{"default":false,"serializable":false}}},{"__type__":"cc.Node","_name":"圆柱","_parent":{"__id__":2},"_components":[{"__type__":"cc.MeshRenderer","node":{"__id__":3},"_materials":[{"__uuid__":"880YxkLZNI3IVwS6xqgbLE@22e2a"}],"lightmapSettings":{"__type__":"cc.ModelLightmapSettings"},"_mesh":{"__uuid__":"880YxkLZNI3IVwS6xqgbLE@f32e4"}}],"_prefab":{"__type__":"cc.PrefabInfo","root":{"__id__":1},"asset":{"__id__":0},"fileId":"b05Xzi/VZEUru71o31aoyh","_synced":{"default":false,"serializable":false}},"_lpos":{"__type__":"cc.Vec3","y":-0.129889994859695}},{"__type__":"cc.Node","_name":"球体","_parent":{"__id__":2},"_components":[{"__type__":"cc.MeshRenderer","node":{"__id__":4},"_materials":[{"__uuid__":"880YxkLZNI3IVwS6xqgbLE@22e2a"}],"lightmapSettings":{"__type__":"cc.ModelLightmapSettings"},"_mesh":{"__uuid__":"880YxkLZNI3IVwS6xqgbLE@0a13e"}}],"_prefab":{"__type__":"cc.PrefabInfo","root":{"__id__":1},"asset":{"__id__":0},"fileId":"14mHQ0XI9GbZ3GbO4X2MI8","_synced":{"default":false,"serializable":false}},"_lpos":{"__type__":"cc.Vec3","y":0.699999988079071}}]]
