[{"__type__":"cc.AnimationClip","_name":"touch","wrapMode":2,"_duration":2.5,"_keys":[[0,0.5,2,2.5],[0,0.5,2,2.5],[0,2,2.5],[0,0.5,2,2.5]],"_curves":[{"modifiers":[{"__type__":"cc.animation.HierarchyPath","path":"touch"},"scale"],"data":{"keys":0,"values":[{"__type__":"cc.Vec3","z":1},{"__type__":"cc.Vec3","z":1},{"__type__":"cc.Vec3","x":0.8,"y":0.8,"z":1},{"__type__":"cc.Vec3","x":1,"y":1,"z":1}],"easingMethods":{}}},{"modifiers":[{"__type__":"cc.animation.HierarchyPath","path":"hand"},"scale"],"data":{"keys":1,"values":[{"__type__":"cc.Vec3","x":0.6,"y":0.6,"z":1},{"__type__":"cc.Vec3","x":0.5,"y":0.5,"z":1},{"__type__":"cc.Vec3","x":0.4,"y":0.4,"z":1},{"__type__":"cc.Vec3","x":0.4,"y":0.4,"z":1}],"easingMethods":{}}},{"modifiers":[{"__type__":"cc.animation.HierarchyPath","path":"touch"},{"__type__":"cc.animation.ComponentPath","component":"cc.Sprite"},"color"],"data":{"keys":2,"values":[{"__type__":"cc.Color","r":255,"g":255,"b":255},{"__type__":"cc.Color","r":255,"g":255,"b":255},{"__type__":"cc.Color","r":255,"g":255,"b":255,"a":0}],"easingMethods":{}}},{"modifiers":[{"__type__":"cc.animation.HierarchyPath","path":"hand"},"position"],"data":{"keys":3,"values":[{"__type__":"cc.Vec3","x":8.5,"y":-15},{"__type__":"cc.Vec3","x":8.5},{"__type__":"cc.Vec3","x":8.5},{"__type__":"cc.Vec3","x":8.5,"y":-10}],"easingMethods":{}}}],"_hash":2266518841},{"__type__":"cc.SpriteFrame","content":{"name":"zhi","rect":{"x":1,"y":1,"width":57,"height":73},"offset":{"x":0.5,"y":-0.5},"originalSize":{"width":58,"height":74},"rotated":false,"capInsets":[0,0,0,0],"texture":"3aDXU5bgtOb5R+7Z0XO5Ew@6c48a"}},{"__type__":"cc.EffectAsset","_name":"../resources/Effects/teach_mask_efc","techniques":[{"passes":[{"blendState":{"targets":[{"blend":true,"blendSrc":2,"blendDst":4,"blendDstAlpha":4}]},"rasterizerState":{"cullMode":0},"program":"../resources/Effects/teach_mask_efc|sprite-vs:vert|sprite-fs:frag","depthStencilState":{"depthTest":false,"depthWrite":false},"properties":{"centerX":{"value":[0],"type":13},"centerY":{"value":[0],"type":13},"radius":{"value":[0],"type":13},"width":{"value":[375],"type":13},"height":{"value":[812],"type":13}}}]}],"shaders":[{"hash":1668501368,"glsl1":{"vert":"\nprecision highp float;\nuniform highp mat4 cc_matViewProj;\nattribute vec3 a_position;\nattribute vec2 a_texCoord;\nattribute vec4 a_color;\nvarying vec4 color;\nvarying vec2 uv0;\nvec4 vert () {\n  vec4 pos = vec4(a_position, 1);\n  pos = cc_matViewProj * pos;\n  uv0 = a_texCoord;\n  color = a_color;\n  return pos;\n}\nvoid main() { gl_Position = vert(); }","frag":"\nprecision highp float;\nvarying vec4 color;\nvarying vec2 uv0;\nuniform sampler2D cc_spriteTexture;\nuniform float centerX;\nuniform float centerY;\nuniform float radius;\nuniform float width;\nuniform float height;\nvec4 frag () {\n  vec4 o = vec4(0, 0, 0, .7);\n  float pi = 3.1415926;\n  vec2 center = vec2(centerX, centerY);\n  vec2 pos = vec2(uv0.x*width, uv0.y*height);\n  float dy = pos.y - center.y;\n  float dx = pos.x - center.x;\n  float dis = sqrt(pow(dy, 2.) + pow(dx, 2.));\n  if(dis < radius) {\n    o.a = .0;\n  }\n  return o;\n}\nvoid main() { gl_FragColor = frag(); }"},"builtins":{"globals":{"blocks":[{"name":"CCGlobal","defines":[]}],"samplers":[]},"locals":{"blocks":[],"samplers":[{"name":"cc_spriteTexture","defines":[]}]}},"defines":[],"blocks":[{"name":"Constant","members":[{"name":"centerX","type":13,"count":1},{"name":"centerY","type":13,"count":1},{"name":"radius","type":13,"count":1},{"name":"width","type":13,"count":1},{"name":"height","type":13,"count":1}],"defines":[],"stageFlags":16,"binding":0}],"samplers":[],"attributes":[{"name":"a_position","type":15,"count":1,"defines":[],"stageFlags":1,"format":32,"location":0},{"name":"a_texCoord","type":14,"count":1,"defines":[],"stageFlags":1,"format":21,"location":1},{"name":"a_color","type":16,"count":1,"defines":[],"stageFlags":1,"format":44,"location":2}],"record":null,"name":"../resources/Effects/teach_mask_efc|sprite-vs:vert|sprite-fs:frag"}]},{"__type__":"cc.SpriteFrame","content":{"name":"kuang","rect":{"x":0,"y":0,"width":136,"height":136},"offset":{"x":0,"y":0},"originalSize":{"width":136,"height":136},"rotated":false,"capInsets":[47,50,48,53],"texture":"9fk/K3jtZEDKU0BEKvXytv@6c48a"}},{"__type__":"cc.AnimationClip","_name":"finger","wrapMode":2,"_duration":1,"_keys":[[0,0.5,1]],"_curves":[{"modifiers":["position"],"data":{"keys":0,"values":[{"__type__":"cc.Vec3","x":290,"y":10},{"__type__":"cc.Vec3","x":290,"y":-10},{"__type__":"cc.Vec3","x":290,"y":10}],"easingMethods":{}}}],"_hash":2938333485},{"__type__":"cc.Material","_effectAsset":{"__uuid__":"4eXYyPkd5HdoOUWpGOWEt1"},"_defines":[{}],"_states":[{"blendState":{"targets":[{}]},"depthStencilState":{},"rasterizerState":{}}],"_props":[{"centerX":75,"centerY":153,"width":360,"height":640}]},{"__type__":"cc.AnimationClip","_name":"youTurn","_duration":1.5,"_keys":[[0,0.5,1,1.5]],"_curves":[{"modifiers":["scale"],"data":{"keys":0,"values":[{"__type__":"cc.Vec3","x":0.5,"y":0.5,"z":1},{"__type__":"cc.Vec3","x":0.5,"y":0.5,"z":1},{"__type__":"cc.Vec3","x":1,"y":1,"z":1},{"__type__":"cc.Vec3","x":0.5,"y":0.5,"z":1}],"easingMethods":{}}}],"_hash":1163210706},{"__type__":"cc.SpriteFrame","content":{"name":"anniu_4","rect":{"x":0,"y":0,"width":120,"height":88},"offset":{"x":0,"y":0},"originalSize":{"width":120,"height":88},"rotated":false,"capInsets":[37,0,37,0],"texture":"48YpFSa89FgYbm+fVCv8Oz@6c48a"}},{"__type__":"cc.SpriteFrame","content":{"name":"shou","rect":{"x":0,"y":0,"width":126,"height":139},"offset":{"x":0,"y":0.5},"originalSize":{"width":126,"height":140},"rotated":false,"capInsets":[0,0,0,0],"texture":"aaaZKw9DJHJLGbR/mz+1Q4@6c48a"}},{"__type__":"cc.SpriteFrame","content":{"name":"quan","rect":{"x":1,"y":0,"width":83,"height":83},"offset":{"x":0.5,"y":0.5},"originalSize":{"width":84,"height":84},"rotated":false,"capInsets":[0,0,0,0],"texture":"b2vnWYFqBDHqgD581tO09M@6c48a"}}]
