[{"__type__":"cc.AnimationClip","_name":"matching","wrapMode":2,"_duration":2.0166666666666666,"_keys":[[0,1,2],[0,1,2]],"_curves":[{"modifiers":[{"__type__":"cc.animation.HierarchyPath","path":"red"},"position"],"data":{"keys":0,"values":[{"__type__":"cc.Vec3","x":-23},{"__type__":"cc.Vec3","x":23},{"__type__":"cc.Vec3","x":-23}],"easingMethods":{}}},{"modifiers":[{"__type__":"cc.animation.HierarchyPath","path":"red"},{"__type__":"cc.animation.ComponentPath","component":"cc.Sprite"},"spriteFrame"],"data":{"keys":1,"values":[{"__uuid__":"4b70O3KttILYn4Wf+LIjZa@f9941"},{"__uuid__":"ee+m9x7EJEpZCBrClpRKd/@f9941"},{"__uuid__":"4b70O3KttILYn4Wf+LIjZa@f9941"}],"easingMethods":{}}}],"_hash":2012890467},{"__type__":"cc.SpriteFrame","content":{"name":"miniBar","rect":{"x":0,"y":0,"width":70,"height":26},"offset":{"x":0,"y":0},"originalSize":{"width":70,"height":26},"rotated":false,"capInsets":[0,0,0,0],"texture":"0ceLdJwI9Ex4uYSrhBd2Hs@6c48a"}},{"__type__":"cc.SpriteFrame","content":{"name":"anniu_3","rect":{"x":0,"y":0,"width":120,"height":88},"offset":{"x":0,"y":0},"originalSize":{"width":120,"height":88},"rotated":false,"capInsets":[41,0,41,0],"texture":"03z8QndxhHMIdfKqJAI38H@6c48a"}},{"__type__":"cc.SpriteFrame","content":{"name":"miniRed","rect":{"x":0,"y":0,"width":26,"height":26},"offset":{"x":0,"y":0},"originalSize":{"width":26,"height":26},"rotated":false,"capInsets":[0,0,0,0],"texture":"4b70O3KttILYn4Wf+LIjZa@6c48a"}},{"__type__":"cc.SpriteFrame","content":{"name":"3","rect":{"x":0,"y":0,"width":560,"height":559},"offset":{"x":0,"y":0.5},"originalSize":{"width":560,"height":560},"rotated":false,"capInsets":[0,0,0,0],"texture":"8f6RQ7nIFAiZAFfB3xQ7/U@6c48a"}},{"__type__":"cc.SpriteFrame","content":{"name":"2","rect":{"x":0,"y":0,"width":578,"height":554},"offset":{"x":0,"y":0},"originalSize":{"width":578,"height":554},"rotated":false,"capInsets":[0,0,0,0],"texture":"9b2/U3JL5DL6wIYLe74pxX@6c48a"}},{"__type__":"cc.SpriteFrame","content":{"name":"2-0","rect":{"x":0,"y":0,"width":49,"height":228},"offset":{"x":0,"y":0},"originalSize":{"width":49,"height":228},"rotated":false,"capInsets":[23,0,23,0],"texture":"9e2bIvDidA656472AI4X8u@6c48a"}},{"__type__":"cc.AnimationClip","_name":"matching","wrapMode":2,"_duration":6.016666666666667,"_keys":[[0,6.016666666666667]],"_curves":[{"modifiers":["eulerAngles"],"data":{"keys":0,"values":[{"__type__":"cc.Vec3"},{"__type__":"cc.Vec3","z":360}],"easingMethods":{}}}],"_hash":1143292750},{"__type__":"cc.SpriteFrame","content":{"name":"out","rect":{"x":0,"y":0,"width":932,"height":56},"offset":{"x":0,"y":0},"originalSize":{"width":932,"height":56},"rotated":false,"capInsets":[129,0,127,0],"texture":"11d7x3xS5L8YNcc+wm1CIh@6c48a"}},{"__type__":"cc.AnimationClip","_name":"matching","wrapMode":2,"_duration":2,"_keys":[[0,0.5,1,1.5,2]],"_curves":[{"modifiers":[{"__type__":"cc.animation.ComponentPath","component":"cc.Label"},"string"],"data":{"keys":0,"values":["正在匹配","正在匹配.","正在匹配..","正在匹配...","等待加入"],"easingMethods":{}}}],"_hash":3035388731},{"__type__":"cc.SpriteFrame","content":{"name":"in","rect":{"x":0,"y":0,"width":254,"height":28},"offset":{"x":0,"y":0},"originalSize":{"width":254,"height":28},"rotated":false,"capInsets":[71,0,68,0],"texture":"acaHjlw0JK0LlxvcOjw4Ln@6c48a"}},{"__type__":"cc.SpriteFrame","content":{"name":"kong","rect":{"x":0,"y":0,"width":184,"height":184},"offset":{"x":0,"y":0},"originalSize":{"width":184,"height":184},"rotated":false,"capInsets":[0,0,0,0],"texture":"cdV6/oVJlHHaL6OWvfdpCD@6c48a"}},{"__type__":"cc.AnimationClip","_name":"matchComplete","_duration":0.5,"_keys":[[0,0.5],[0,0.5]],"_curves":[{"modifiers":["eulerAngles"],"data":{"keys":0,"values":[{"__type__":"cc.Vec3"},{"__type__":"cc.Vec3","z":-90}],"easingMethods":{}}},{"modifiers":["scale"],"data":{"keys":1,"values":[{"__type__":"cc.Vec3","x":1,"y":1,"z":1},{"__type__":"cc.Vec3","x":0.9,"y":0.9,"z":1}],"easingMethods":{}}}],"_hash":3976051508},{"__type__":"cc.SpriteFrame","content":{"name":"miniBlue","rect":{"x":0,"y":0,"width":26,"height":26},"offset":{"x":0,"y":0},"originalSize":{"width":26,"height":26},"rotated":false,"capInsets":[0,0,0,0],"texture":"ee+m9x7EJEpZCBrClpRKd/@6c48a"}},{"__type__":"cc.AnimationClip","_name":"matching2","wrapMode":2,"_duration":4.516666666666667,"_keys":[[0,4.516666666666667]],"_curves":[{"modifiers":["eulerAngles"],"data":{"keys":0,"values":[{"__type__":"cc.Vec3","z":45},{"__type__":"cc.Vec3","z":405}],"easingMethods":{}}}],"_hash":220246738},{"__type__":"cc.SpriteFrame","content":{"name":"1","rect":{"x":0,"y":0,"width":1226,"height":522},"offset":{"x":0,"y":0},"originalSize":{"width":1226,"height":522},"rotated":false,"capInsets":[0,0,0,0],"texture":"fcAqWcyiBLK5mIqFHtSslS@6c48a"}}]
