[{"__type__":"cc.Mesh","_native":".bin","_struct":{"primitives":[{"primitiveMode":7,"vertexBundelIndices":[0],"indexView":{"offset":1152,"length":72,"count":36,"stride":2}}],"vertexBundles":[{"view":{"offset":0,"length":1152,"count":24,"stride":48},"attributes":[{"name":"a_position","format":32,"isNormalized":false},{"name":"a_normal","format":32,"isNormalized":false},{"name":"a_texCoord","format":21,"isNormalized":false},{"name":"a_tangent","format":44,"isNormalized":false}]}],"minPosition":{"__type__":"cc.Vec3","x":-1.4549999237060547,"y":-0.04999999701976776,"z":-1.4549999237060547},"maxPosition":{"__type__":"cc.Vec3","x":1.4549999237060547,"y":0.04999999701976776,"z":1.4549999237060547}},"_dataLength":1224,"_hash":209434714},{"__type__":"cc.Mesh","_native":".bin","_struct":{"primitives":[{"primitiveMode":7,"vertexBundelIndices":[0],"indexView":{"offset":1152,"length":72,"count":36,"stride":2}}],"vertexBundles":[{"view":{"offset":0,"length":1152,"count":24,"stride":48},"attributes":[{"name":"a_position","format":32,"isNormalized":false},{"name":"a_normal","format":32,"isNormalized":false},{"name":"a_texCoord","format":21,"isNormalized":false},{"name":"a_tangent","format":44,"isNormalized":false}]}],"minPosition":{"__type__":"cc.Vec3","x":-1.4549999237060547,"y":-0.04999999701976776,"z":-1.4549999237060547},"maxPosition":{"__type__":"cc.Vec3","x":1.4549999237060547,"y":0.04999999701976776,"z":1.4549999237060547}},"_dataLength":1224,"_hash":209434714},{"__type__":"cc.Mesh","_native":".bin","_struct":{"primitives":[{"primitiveMode":7,"vertexBundelIndices":[0],"indexView":{"offset":1152,"length":72,"count":36,"stride":2}}],"vertexBundles":[{"view":{"offset":0,"length":1152,"count":24,"stride":48},"attributes":[{"name":"a_position","format":32,"isNormalized":false},{"name":"a_normal","format":32,"isNormalized":false},{"name":"a_texCoord","format":21,"isNormalized":false},{"name":"a_tangent","format":44,"isNormalized":false}]}],"minPosition":{"__type__":"cc.Vec3","x":-1.4549999237060547,"y":-0.04999999701976776,"z":-1.4549999237060547},"maxPosition":{"__type__":"cc.Vec3","x":1.4549999237060547,"y":0.04999999701976776,"z":1.4549999237060547}},"_dataLength":1224,"_hash":209434714},{"__type__":"cc.Mesh","_native":".bin","_struct":{"primitives":[{"primitiveMode":7,"vertexBundelIndices":[0],"indexView":{"offset":1632,"length":120,"count":60,"stride":2}}],"vertexBundles":[{"view":{"offset":0,"length":1632,"count":34,"stride":48},"attributes":[{"name":"a_position","format":32,"isNormalized":false},{"name":"a_normal","format":32,"isNormalized":false},{"name":"a_texCoord","format":21,"isNormalized":false},{"name":"a_tangent","format":44,"isNormalized":false}]}],"minPosition":{"__type__":"cc.Vec3","x":-0.16351400315761566,"y":-0.029999999329447746,"z":-0.75},"maxPosition":{"__type__":"cc.Vec3","x":0.16351400315761566,"y":0.029999999329447746,"z":0.75}},"_dataLength":1752,"_hash":2803662709},{"__type__":"cc.Material","_name":"材质.1","_effectAsset":{"__uuid__":"1brw/JvvpFnIvdrxpFCgMZ"},"_defines":[{"USE_ALBEDO_MAP":true}],"_states":[{"rasterizerState":{},"blendState":{"targets":[{}]},"depthStencilState":{}}],"_props":[{"albedoScale":{"__type__":"cc.Vec3","x":1,"y":1,"z":1},"metallic":0.200000002980232,"roughness":0.800000011920929,"mainTexture":{"__uuid__":"a2jJb1WdpHI4xoc1xbzFbH@b1b39"}}]},{"__type__":"cc.Material","_name":"材质","_effectAsset":{"__uuid__":"1brw/JvvpFnIvdrxpFCgMZ"},"_defines":[{}],"_states":[{"rasterizerState":{},"blendState":{"targets":[{}]},"depthStencilState":{}}],"_props":[{"albedoScale":{"__type__":"cc.Vec3","x":1,"z":0.150000005960464},"metallic":0.400000005960464,"roughness":0.242535620927811}]},{"__type__":"cc.Material","_name":"白色","_effectAsset":{"__uuid__":"1brw/JvvpFnIvdrxpFCgMZ"},"_defines":[{"USE_ALBEDO_MAP":true}],"_states":[{"rasterizerState":{},"blendState":{"targets":[{}]},"depthStencilState":{}}],"_props":[{"albedoScale":{"__type__":"cc.Vec3","x":1,"y":1,"z":1},"metallic":0.200000002980232,"roughness":0.800000011920929,"mainTexture":{"__uuid__":"a2jJb1WdpHI4xoc1xbzFbH@d7ffa"}}]},[{"__type__":"cc.Prefab","data":{"__id__":1}},{"__type__":"cc.Node","_name":"f506","_children":[{"__id__":2}],"_prefab":{"__type__":"cc.PrefabInfo","root":{"__id__":1},"asset":{"__id__":0},"fileId":"ef5IYxAnNCD5ti3i/dCZk8","_synced":{"default":false,"serializable":false}}},{"__type__":"cc.Node","_name":"RootNode","_parent":{"__id__":1},"_children":[{"__id__":3},{"__id__":4},{"__id__":5},{"__id__":6},{"__id__":7},{"__id__":8},{"__id__":9},{"__id__":10},{"__id__":11},{"__id__":12}],"_prefab":{"__type__":"cc.PrefabInfo","root":{"__id__":1},"asset":{"__id__":0},"fileId":"50vCa0Tl9F+aU5IWMPG4XE","_synced":{"default":false,"serializable":false}}},{"__type__":"cc.Node","_name":"立方体_9","_parent":{"__id__":2},"_components":[{"__type__":"cc.MeshRenderer","node":{"__id__":3},"_materials":[{"__uuid__":"a2jJb1WdpHI4xoc1xbzFbH@9aeec"}],"lightmapSettings":{"__type__":"cc.ModelLightmapSettings"},"_mesh":{"__uuid__":"a2jJb1WdpHI4xoc1xbzFbH@e9444"}}],"_prefab":{"__type__":"cc.PrefabInfo","root":{"__id__":1},"asset":{"__id__":0},"fileId":"2bbCh2YyhFSqMH2tVLn1KN","_synced":{"default":false,"serializable":false}},"_lpos":{"__type__":"cc.Vec3","x":0.10752446949482,"y":0.389999985694885,"z":0.0444564484059811}},{"__type__":"cc.Node","_name":"立方体_8","_parent":{"__id__":2},"_components":[{"__type__":"cc.MeshRenderer","node":{"__id__":4},"_materials":[{"__uuid__":"a2jJb1WdpHI4xoc1xbzFbH@ed9a5"}],"lightmapSettings":{"__type__":"cc.ModelLightmapSettings"},"_mesh":{"__uuid__":"a2jJb1WdpHI4xoc1xbzFbH@16885"}}],"_prefab":{"__type__":"cc.PrefabInfo","root":{"__id__":1},"asset":{"__id__":0},"fileId":"1e6KKTgh1DE51xAXOEV6Og","_synced":{"default":false,"serializable":false}},"_lpos":{"__type__":"cc.Vec3","x":0.10752446949482,"y":0.0499999970197678,"z":0.0444564484059811}},{"__type__":"cc.Node","_name":"立方体_7","_parent":{"__id__":2},"_components":[{"__type__":"cc.MeshRenderer","node":{"__id__":5},"_materials":[{"__uuid__":"a2jJb1WdpHI4xoc1xbzFbH@ed9a5"}],"lightmapSettings":{"__type__":"cc.ModelLightmapSettings"},"_mesh":{"__uuid__":"a2jJb1WdpHI4xoc1xbzFbH@d3fef"}}],"_prefab":{"__type__":"cc.PrefabInfo","root":{"__id__":1},"asset":{"__id__":0},"fileId":"cbrH/kzlZJ24kKrjD4BGZE","_synced":{"default":false,"serializable":false}},"_lpos":{"__type__":"cc.Vec3","x":-1.24747550487518,"y":0.389999985694885,"z":0.0444564484059811}},{"__type__":"cc.Node","_name":"立方体_6","_parent":{"__id__":2},"_components":[{"__type__":"cc.MeshRenderer","node":{"__id__":6},"_materials":[{"__uuid__":"a2jJb1WdpHI4xoc1xbzFbH@ed9a5"}],"lightmapSettings":{"__type__":"cc.ModelLightmapSettings"},"_mesh":{"__uuid__":"a2jJb1WdpHI4xoc1xbzFbH@6cfd1"}}],"_prefab":{"__type__":"cc.PrefabInfo","root":{"__id__":1},"asset":{"__id__":0},"fileId":"0c2G8EWWxMDLMQykuyNjum","_synced":{"default":false,"serializable":false}},"_lpos":{"__type__":"cc.Vec3","x":0.10752446949482,"y":0.729999959468842,"z":0.0444564484059811}},{"__type__":"cc.Node","_name":"立方体_5","_parent":{"__id__":2},"_components":[{"__type__":"cc.MeshRenderer","node":{"__id__":7},"_materials":[{"__uuid__":"a2jJb1WdpHI4xoc1xbzFbH@22e2a"}],"lightmapSettings":{"__type__":"cc.ModelLightmapSettings"},"_mesh":{"__uuid__":"a2jJb1WdpHI4xoc1xbzFbH@f0353"}}],"_prefab":{"__type__":"cc.PrefabInfo","root":{"__id__":1},"asset":{"__id__":0},"fileId":"8e50pW8pZL25wKtIC+FvZK","_synced":{"default":false,"serializable":false}},"_lpos":{"__type__":"cc.Vec3","x":-0.69362860918045,"y":0.285496205091476,"z":0.907656788825989}},{"__type__":"cc.Node","_name":"立方体_4","_parent":{"__id__":2},"_components":[{"__type__":"cc.MeshRenderer","node":{"__id__":8},"_materials":[{"__uuid__":"a2jJb1WdpHI4xoc1xbzFbH@22e2a"}],"lightmapSettings":{"__type__":"cc.ModelLightmapSettings"},"_mesh":{"__uuid__":"a2jJb1WdpHI4xoc1xbzFbH@7fdef"}}],"_prefab":{"__type__":"cc.PrefabInfo","root":{"__id__":1},"asset":{"__id__":0},"fileId":"35ATId6HJJh59mlDu76JxP","_synced":{"default":false,"serializable":false}},"_lpos":{"__type__":"cc.Vec3","x":-0.730222165584564,"y":1.22422575950623,"z":0.859781563282013}},{"__type__":"cc.Node","_name":"立方体_1","_parent":{"__id__":2},"_components":[{"__type__":"cc.MeshRenderer","node":{"__id__":9},"_materials":[{"__uuid__":"a2jJb1WdpHI4xoc1xbzFbH@35e30"}],"lightmapSettings":{"__type__":"cc.ModelLightmapSettings"},"_mesh":{"__uuid__":"a2jJb1WdpHI4xoc1xbzFbH@7f806"}}],"_prefab":{"__type__":"cc.PrefabInfo","root":{"__id__":1},"asset":{"__id__":0},"fileId":"0dSwHqbqRLcYKRb0Xz2sxD","_synced":{"default":false,"serializable":false}},"_lpos":{"__type__":"cc.Vec3","y":1.50999999046326}},{"__type__":"cc.Node","_name":"立方体_3","_parent":{"__id__":2},"_components":[{"__type__":"cc.MeshRenderer","node":{"__id__":10},"_materials":[{"__uuid__":"a2jJb1WdpHI4xoc1xbzFbH@35e30"}],"lightmapSettings":{"__type__":"cc.ModelLightmapSettings"},"_mesh":{"__uuid__":"a2jJb1WdpHI4xoc1xbzFbH@f1dca"}}],"_prefab":{"__type__":"cc.PrefabInfo","root":{"__id__":1},"asset":{"__id__":0},"fileId":"defUrubnpNyJpKFXr/r9Yn","_synced":{"default":false,"serializable":false}},"_lpos":{"__type__":"cc.Vec3","x":-1.35500001907349,"y":1.16999995708466}},{"__type__":"cc.Node","_name":"立方体_2","_parent":{"__id__":2},"_components":[{"__type__":"cc.MeshRenderer","node":{"__id__":11},"_materials":[{"__uuid__":"a2jJb1WdpHI4xoc1xbzFbH@35e30"}],"lightmapSettings":{"__type__":"cc.ModelLightmapSettings"},"_mesh":{"__uuid__":"a2jJb1WdpHI4xoc1xbzFbH@5d2a2"}}],"_prefab":{"__type__":"cc.PrefabInfo","root":{"__id__":1},"asset":{"__id__":0},"fileId":"97whV0RgFGj7vcf0sedhjQ","_synced":{"default":false,"serializable":false}},"_lpos":{"__type__":"cc.Vec3","y":0.829999983310699}},{"__type__":"cc.Node","_name":"立方体","_parent":{"__id__":2},"_components":[{"__type__":"cc.MeshRenderer","node":{"__id__":12},"_materials":[{"__uuid__":"a2jJb1WdpHI4xoc1xbzFbH@9aeec"}],"lightmapSettings":{"__type__":"cc.ModelLightmapSettings"},"_mesh":{"__uuid__":"a2jJb1WdpHI4xoc1xbzFbH@e10e4"}}],"_prefab":{"__type__":"cc.PrefabInfo","root":{"__id__":1},"asset":{"__id__":0},"fileId":"31Nk6b2eNO2ZacOZK8l4kD","_synced":{"default":false,"serializable":false}},"_lpos":{"__type__":"cc.Vec3","y":1.16999995708466}}],{"__type__":"cc.Mesh","_native":".bin","_struct":{"primitives":[{"primitiveMode":7,"vertexBundelIndices":[0],"indexView":{"offset":1152,"length":72,"count":36,"stride":2}}],"vertexBundles":[{"view":{"offset":0,"length":1152,"count":24,"stride":48},"attributes":[{"name":"a_position","format":32,"isNormalized":false},{"name":"a_normal","format":32,"isNormalized":false},{"name":"a_texCoord","format":21,"isNormalized":false},{"name":"a_tangent","format":44,"isNormalized":false}]}],"minPosition":{"__type__":"cc.Vec3","x":-1.4549999237060547,"y":-0.04999999701976776,"z":-1.4549999237060547},"maxPosition":{"__type__":"cc.Vec3","x":1.4549999237060547,"y":0.04999999701976776,"z":1.4549999237060547}},"_dataLength":1224,"_hash":209434714},{"__type__":"cc.Mesh","_native":".bin","_struct":{"primitives":[{"primitiveMode":7,"vertexBundelIndices":[0],"indexView":{"offset":1152,"length":72,"count":36,"stride":2}}],"vertexBundles":[{"view":{"offset":0,"length":1152,"count":24,"stride":48},"attributes":[{"name":"a_position","format":32,"isNormalized":false},{"name":"a_normal","format":32,"isNormalized":false},{"name":"a_texCoord","format":21,"isNormalized":false},{"name":"a_tangent","format":44,"isNormalized":false}]}],"minPosition":{"__type__":"cc.Vec3","x":-0.09999999403953552,"y":-0.32999998331069946,"z":-1.4549999237060547},"maxPosition":{"__type__":"cc.Vec3","x":0.09999999403953552,"y":0.32999998331069946,"z":1.4549999237060547}},"_dataLength":1224,"_hash":4269275565},{"__type__":"cc.Mesh","_native":".bin","_struct":{"primitives":[{"primitiveMode":7,"vertexBundelIndices":[0],"indexView":{"offset":1152,"length":72,"count":36,"stride":2}}],"vertexBundles":[{"view":{"offset":0,"length":1152,"count":24,"stride":48},"attributes":[{"name":"a_position","format":32,"isNormalized":false},{"name":"a_normal","format":32,"isNormalized":false},{"name":"a_texCoord","format":21,"isNormalized":false},{"name":"a_tangent","format":44,"isNormalized":false}]}],"minPosition":{"__type__":"cc.Vec3","x":-1.350000023841858,"y":-0.32999998331069946,"z":-1.350000023841858},"maxPosition":{"__type__":"cc.Vec3","x":1.350000023841858,"y":0.32999998331069946,"z":1.350000023841858}},"_dataLength":1224,"_hash":1894328588},{"__type__":"cc.Mesh","_native":".bin","_struct":{"primitives":[{"primitiveMode":7,"vertexBundelIndices":[0],"indexView":{"offset":1152,"length":72,"count":36,"stride":2}}],"vertexBundles":[{"view":{"offset":0,"length":1152,"count":24,"stride":48},"attributes":[{"name":"a_position","format":32,"isNormalized":false},{"name":"a_normal","format":32,"isNormalized":false},{"name":"a_texCoord","format":21,"isNormalized":false},{"name":"a_tangent","format":44,"isNormalized":false}]}],"minPosition":{"__type__":"cc.Vec3","x":-1.350000023841858,"y":-0.32999998331069946,"z":-1.350000023841858},"maxPosition":{"__type__":"cc.Vec3","x":1.350000023841858,"y":0.32999998331069946,"z":1.350000023841858}},"_dataLength":1224,"_hash":1894328588},{"__type__":"cc.Material","_name":"材质.2","_effectAsset":{"__uuid__":"1brw/JvvpFnIvdrxpFCgMZ"},"_defines":[{"USE_ALBEDO_MAP":true}],"_states":[{"rasterizerState":{},"blendState":{"targets":[{}]},"depthStencilState":{}}],"_props":[{"albedoScale":{"__type__":"cc.Vec3","x":1,"y":1,"z":1},"metallic":0.200000002980232,"roughness":0.800000011920929,"mainTexture":{"__uuid__":"a2jJb1WdpHI4xoc1xbzFbH@4a095"}}]},{"__type__":"cc.Mesh","_native":".bin","_struct":{"primitives":[{"primitiveMode":7,"vertexBundelIndices":[0],"indexView":{"offset":1152,"length":72,"count":36,"stride":2}}],"vertexBundles":[{"view":{"offset":0,"length":1152,"count":24,"stride":48},"attributes":[{"name":"a_position","format":32,"isNormalized":false},{"name":"a_normal","format":32,"isNormalized":false},{"name":"a_texCoord","format":21,"isNormalized":false},{"name":"a_tangent","format":44,"isNormalized":false}]}],"minPosition":{"__type__":"cc.Vec3","x":-0.09999999403953552,"y":-0.32999998331069946,"z":-1.4549999237060547},"maxPosition":{"__type__":"cc.Vec3","x":0.09999999403953552,"y":0.32999998331069946,"z":1.4549999237060547}},"_dataLength":1224,"_hash":4269275565},{"__type__":"cc.Mesh","_native":".bin","_struct":{"primitives":[{"primitiveMode":7,"vertexBundelIndices":[0],"indexView":{"offset":1632,"length":120,"count":60,"stride":2}}],"vertexBundles":[{"view":{"offset":0,"length":1632,"count":34,"stride":48},"attributes":[{"name":"a_position","format":32,"isNormalized":false},{"name":"a_normal","format":32,"isNormalized":false},{"name":"a_texCoord","format":21,"isNormalized":false},{"name":"a_tangent","format":44,"isNormalized":false}]}],"minPosition":{"__type__":"cc.Vec3","x":-0.16351400315761566,"y":-0.029999999329447746,"z":-0.75},"maxPosition":{"__type__":"cc.Vec3","x":0.16351400315761566,"y":0.029999999329447746,"z":0.75}},"_dataLength":1752,"_hash":400257601}]
