[{"__type__":"cc.Mesh","_native":".bin","_struct":{"primitives":[{"primitiveMode":7,"vertexBundelIndices":[0],"indexView":{"offset":10464,"length":1728,"count":864,"stride":2}}],"vertexBundles":[{"view":{"offset":0,"length":10464,"count":218,"stride":48},"attributes":[{"name":"a_position","format":32,"isNormalized":false},{"name":"a_normal","format":32,"isNormalized":false},{"name":"a_texCoord","format":21,"isNormalized":false},{"name":"a_tangent","format":44,"isNormalized":false}]}],"minPosition":{"__type__":"cc.Vec3","x":-0.5054051876068115,"z":-0.5054051876068115},"maxPosition":{"__type__":"cc.Vec3","x":0.5054051876068115,"z":0.5054051876068115}},"_dataLength":12192,"_hash":1830360836},{"__type__":"cc.Material","_effectAsset":{"__uuid__":"a3zQCfCrBCDZJ4uf2rk5u8"},"_techIdx":1,"_defines":[{}],"_states":[{"blendState":{"targets":[{}]},"depthStencilState":{},"rasterizerState":{}}],"_props":[{"mainColor":{"__type__":"cc.Color","r":240,"g":8,"b":8,"a":156},"alphaThreshold":0}]}]
