[{"__type__":"cc.Mesh","_native":".bin","_struct":{"primitives":[{"primitiveMode":7,"vertexBundelIndices":[0],"indexView":{"offset":10656,"length":1728,"count":864,"stride":2}}],"vertexBundles":[{"view":{"offset":0,"length":10656,"count":222,"stride":48},"attributes":[{"name":"a_position","format":32,"isNormalized":false},{"name":"a_normal","format":32,"isNormalized":false},{"name":"a_texCoord","format":21,"isNormalized":false},{"name":"a_tangent","format":44,"isNormalized":false}]}],"minPosition":{"__type__":"cc.Vec3","x":-0.9454662203788757,"y":-0.2926103472709656,"z":-0.9454662203788757},"maxPosition":{"__type__":"cc.Vec3","x":0.9454662203788757,"y":0.2926103472709656,"z":0.9454662203788757}},"_dataLength":12384,"_hash":3130539874},{"__type__":"cc.Mesh","_native":".bin","_struct":{"primitives":[{"primitiveMode":7,"vertexBundelIndices":[0],"indexView":{"offset":10656,"length":1728,"count":864,"stride":2}}],"vertexBundles":[{"view":{"offset":0,"length":10656,"count":222,"stride":48},"attributes":[{"name":"a_position","format":32,"isNormalized":false},{"name":"a_normal","format":32,"isNormalized":false},{"name":"a_texCoord","format":21,"isNormalized":false},{"name":"a_tangent","format":44,"isNormalized":false}]}],"minPosition":{"__type__":"cc.Vec3","x":-0.9342150092124939,"y":-0.14135922491550446,"z":-0.9342150092124939},"maxPosition":{"__type__":"cc.Vec3","x":0.9342150092124939,"y":0.1586407721042633,"z":0.9342150092124939}},"_dataLength":12384,"_hash":1547590721},{"__type__":"cc.Material","_name":"材质","_effectAsset":{"__uuid__":"1brw/JvvpFnIvdrxpFCgMZ"},"_defines":[{}],"_states":[{"rasterizerState":{},"blendState":{"targets":[{}]},"depthStencilState":{}}],"_props":[{"albedoScale":{"__type__":"cc.Vec3","x":0.980000019073486,"y":0.948639988899231,"z":0.862399995326996},"metallic":0.200000002980232,"roughness":0.800000011920929}]},{"__type__":"cc.Material","_name":"材质.3","_effectAsset":{"__uuid__":"1brw/JvvpFnIvdrxpFCgMZ"},"_defines":[{}],"_states":[{"rasterizerState":{},"blendState":{"targets":[{}]},"depthStencilState":{}}],"_props":[{"albedoScale":{"__type__":"cc.Vec3","x":1,"y":0.843999981880188,"z":0.219999998807907},"metallic":0.200000002980232,"roughness":0.800000011920929}]},{"__type__":"cc.Mesh","_native":".bin","_struct":{"primitives":[{"primitiveMode":7,"vertexBundelIndices":[0],"indexView":{"offset":12432,"length":2160,"count":1080,"stride":2}}],"vertexBundles":[{"view":{"offset":0,"length":12432,"count":259,"stride":48},"attributes":[{"name":"a_position","format":32,"isNormalized":false},{"name":"a_normal","format":32,"isNormalized":false},{"name":"a_texCoord","format":21,"isNormalized":false},{"name":"a_tangent","format":44,"isNormalized":false}]}],"minPosition":{"__type__":"cc.Vec3","x":-0.939704954624176,"y":-0.7072548270225525,"z":-0.939704954624176},"maxPosition":{"__type__":"cc.Vec3","x":0.939704954624176,"y":0.683334231376648,"z":0.939704954624176}},"_dataLength":14592,"_hash":1044091245}]
