[{"__type__":"cc.SpriteFrame","content":{"name":"0","rect":{"x":0,"y":0,"width":42,"height":56},"offset":{"x":0,"y":0},"originalSize":{"width":42,"height":56},"rotated":false,"capInsets":[0,0,0,0],"texture":"016XNfkdJH2pdq5tmfLxWT@6c48a"}},[{"__type__":"cc.Prefab","data":{"__id__":1}},{"__type__":"cc.Node","_name":"perfect","_children":[{"__id__":2},{"__id__":3},{"__id__":4},{"__id__":5}],"_components":[{"__type__":"cc.UITransform","node":{"__id__":1},"_contentSize":{"__type__":"cc.Size","width":10,"height":10}},{"__type__":"cc.Widget","node":{"__id__":1}}],"_prefab":{"__type__":"cc.PrefabInfo","root":{"__id__":1},"asset":{"__id__":0},"fileId":"cc2JZema9IibB31K7jtqiv","_synced":{"default":false,"serializable":false}},"_lscale":{"__type__":"cc.Vec3","x":1.5,"y":1.5,"z":1},"_layer":33554432},{"__type__":"cc.Node","_name":"perfect","_parent":{"__id__":1},"_components":[{"__type__":"cc.UITransform","node":{"__id__":2},"_contentSize":{"__type__":"cc.Size","width":50,"height":15.2173}},{"__type__":"cc.Sprite","node":{"__id__":2},"_spriteFrame":{"__uuid__":"d6q22EfPdGEImU/ooMO9d6@f9941"},"_sizeMode":0}],"_prefab":{"__type__":"cc.PrefabInfo","root":{"__id__":1},"asset":{"__id__":0},"fileId":"bbea1tindHu6YQIj9EXSXS","_synced":{"default":false,"serializable":false}},"_lpos":{"__type__":"cc.Vec3","x":-9.331}},{"__type__":"cc.Node","_name":"x","_parent":{"__id__":1},"_components":[{"__type__":"cc.UITransform","node":{"__id__":3},"_contentSize":{"__type__":"cc.Size","width":8,"height":8}},{"__type__":"cc.Sprite","node":{"__id__":3},"_spriteFrame":{"__uuid__":"99hgxPgKRAHKO7ed4RMWon@f9941"},"_sizeMode":0}],"_prefab":{"__type__":"cc.PrefabInfo","root":{"__id__":1},"asset":{"__id__":0},"fileId":"f18vvuUABNP5ZDiUTX9bg5","_synced":{"default":false,"serializable":false}},"_lpos":{"__type__":"cc.Vec3","x":21.849}},{"__type__":"cc.Node","_name":"number_1","_parent":{"__id__":1},"_components":[{"__type__":"cc.UITransform","node":{"__id__":4},"_contentSize":{"__type__":"cc.Size","width":7,"height":9.333333}},{"__type__":"cc.Sprite","node":{"__id__":4},"_spriteFrame":{"__uuid__":"016XNfkdJH2pdq5tmfLxWT@f9941"},"_sizeMode":0}],"_prefab":{"__type__":"cc.PrefabInfo","root":{"__id__":1},"asset":{"__id__":0},"fileId":"8a0EFJ5BtKk45dX8kcjFNS","_synced":{"default":false,"serializable":false}},"_lpos":{"__type__":"cc.Vec3","x":30.235},"_layer":33554432},{"__type__":"cc.Node","_name":"number_2","_parent":{"__id__":1},"_active":false,"_components":[{"__type__":"cc.UITransform","node":{"__id__":5},"_contentSize":{"__type__":"cc.Size","width":7,"height":9.333333}},{"__type__":"cc.Sprite","node":{"__id__":5},"_sizeMode":0}],"_prefab":{"__type__":"cc.PrefabInfo","root":{"__id__":1},"asset":{"__id__":0},"fileId":"b3wnO348hGJbT8gFMFGVJT","_synced":{"default":false,"serializable":false}},"_lpos":{"__type__":"cc.Vec3","x":38.414},"_layer":33554432}],{"__type__":"cc.SpriteFrame","content":{"name":"x","rect":{"x":0,"y":0,"width":34,"height":34},"offset":{"x":0,"y":0},"originalSize":{"width":34,"height":34},"rotated":false,"capInsets":[0,0,0,0],"texture":"99hgxPgKRAHKO7ed4RMWon@6c48a"}},{"__type__":"cc.SpriteFrame","content":{"name":"perfect","rect":{"x":0,"y":0,"width":184,"height":56},"offset":{"x":0,"y":0},"originalSize":{"width":184,"height":56},"rotated":false,"capInsets":[0,0,0,0],"texture":"d6q22EfPdGEImU/ooMO9d6@6c48a"}}]
