[{"__type__":"cc.SpriteFrame","content":{"name":"qq","rect":{"x":1,"y":1,"width":78,"height":78},"offset":{"x":0,"y":0},"originalSize":{"width":80,"height":80},"rotated":false,"capInsets":[0,0,0,0],"texture":"61x7SczfZIJ5hMgByhVUoP@6c48a"}},{"__type__":"cc.SpriteFrame","content":{"name":"message2","rect":{"x":1,"y":1,"width":90,"height":90},"offset":{"x":0,"y":0},"originalSize":{"width":92,"height":92},"rotated":false,"capInsets":[0,0,0,0],"texture":"d7ww/ui4hEwrtI6qzMys28@6c48a"}},{"__type__":"cc.SpriteFrame","content":{"name":"wechat","rect":{"x":0,"y":0,"width":79,"height":79},"offset":{"x":-0.5,"y":0.5},"originalSize":{"width":80,"height":80},"rotated":false,"capInsets":[0,0,0,0],"texture":"f4J+8AaKRM05yKWPoZ4hD9@6c48a"}}]
