[{"__type__":"cc.SpriteFrame","content":{"name":"bg-001_2","rect":{"x":0,"y":0,"width":750,"height":1150},"offset":{"x":0,"y":0},"originalSize":{"width":750,"height":1150},"rotated":false,"capInsets":[0,0,0,0],"texture":"0fYMe0jaVCl6bNDy8d9BfE@6c48a"}},{"__type__":"cc.SpriteFrame","content":{"name":"bg_qq","rect":{"x":0,"y":0,"width":694,"height":800},"offset":{"x":0,"y":0},"originalSize":{"width":694,"height":800},"rotated":false,"capInsets":[0,0,0,0],"texture":"2bmiCvmwZAhLm+Wz0jLvog@6c48a"}},{"__type__":"cc.SpriteFrame","content":{"name":"guize@2x (1)","rect":{"x":0,"y":0,"width":152,"height":68},"offset":{"x":0,"y":0},"originalSize":{"width":152,"height":68},"rotated":false,"capInsets":[0,0,0,0],"texture":"813mHP4gFHaqQvc0u8BLZK@6c48a"}},{"__type__":"cc.SpriteFrame","content":{"name":"couple","rect":{"x":3,"y":2,"width":70,"height":53},"offset":{"x":0,"y":0.5},"originalSize":{"width":76,"height":58},"rotated":false,"capInsets":[0,0,0,0],"texture":"83p3ZDvHJC6ZQHyh7i8et5@6c48a"}},{"__type__":"cc.SpriteFrame","content":{"name":"guize@2x","rect":{"x":0,"y":0,"width":26,"height":34},"offset":{"x":0,"y":0},"originalSize":{"width":26,"height":34},"rotated":false,"capInsets":[0,0,0,0],"texture":"58dvFCCWJBiI8f4sJoQ/GU@6c48a"}},{"__type__":"cc.SpriteFrame","content":{"name":"close","rect":{"x":0,"y":0,"width":48,"height":48},"offset":{"x":0,"y":0},"originalSize":{"width":48,"height":48},"rotated":false,"capInsets":[0,0,0,0],"texture":"70OH2Q5MxK0aJ1/W04cE7C@6c48a"}},{"__type__":"cc.SpriteFrame","content":{"name":"fankui@2x","rect":{"x":0,"y":0,"width":30,"height":30},"offset":{"x":0,"y":0},"originalSize":{"width":30,"height":30},"rotated":false,"capInsets":[0,0,0,0],"texture":"62NwafCcRJYp7XkEV2teUA@6c48a"}},{"__type__":"cc.SpriteFrame","content":{"name":"cup","rect":{"x":0,"y":0,"width":44,"height":44},"offset":{"x":0,"y":0},"originalSize":{"width":44,"height":44},"rotated":false,"capInsets":[0,0,0,0],"texture":"a1Wxxou7JOkYbor9GcAmxe@6c48a"}},{"__type__":"cc.SpriteFrame","content":{"name":"feedback","rect":{"x":0,"y":0,"width":166,"height":68},"offset":{"x":0,"y":0},"originalSize":{"width":166,"height":68},"rotated":false,"capInsets":[0,0,0,0],"texture":"e53gVwBRRLUbyQrh2jBc/S@6c48a"}},{"__type__":"cc.SpriteFrame","content":{"name":"btnWhite","rect":{"x":0,"y":0,"width":60,"height":60},"offset":{"x":0,"y":0},"originalSize":{"width":60,"height":60},"rotated":false,"capInsets":[15,14,15,14],"texture":"fbWxoasrRC77/NCtntjTmo@6c48a"}}]
