[{"__type__":"cc.Mesh","_native":".bin","_struct":{"primitives":[{"primitiveMode":7,"vertexBundelIndices":[0],"indexView":{"offset":7104,"length":864,"count":432,"stride":2}}],"vertexBundles":[{"view":{"offset":0,"length":7104,"count":148,"stride":48},"attributes":[{"name":"a_position","format":32,"isNormalized":false},{"name":"a_normal","format":32,"isNormalized":false},{"name":"a_texCoord","format":21,"isNormalized":false},{"name":"a_tangent","format":44,"isNormalized":false}]}],"minPosition":{"__type__":"cc.Vec3","x":-0.11999999731779099,"y":-0.7599999904632568,"z":-0.11999999731779099},"maxPosition":{"__type__":"cc.Vec3","x":0.11999999731779099,"y":0.7599999904632568,"z":0.11999999731779099}},"_dataLength":7968,"_hash":965036261},{"__type__":"cc.Mesh","_native":".bin","_struct":{"primitives":[{"primitiveMode":7,"vertexBundelIndices":[0],"indexView":{"offset":7104,"length":864,"count":432,"stride":2}}],"vertexBundles":[{"view":{"offset":0,"length":7104,"count":148,"stride":48},"attributes":[{"name":"a_position","format":32,"isNormalized":false},{"name":"a_normal","format":32,"isNormalized":false},{"name":"a_texCoord","format":21,"isNormalized":false},{"name":"a_tangent","format":44,"isNormalized":false}]}],"minPosition":{"__type__":"cc.Vec3","x":-0.11999999731779099,"y":-0.7599999904632568,"z":-0.11999999731779099},"maxPosition":{"__type__":"cc.Vec3","x":0.11999999731779099,"y":0.7599999904632568,"z":0.11999999731779099}},"_dataLength":7968,"_hash":965036261},{"__type__":"cc.Mesh","_native":".bin","_struct":{"primitives":[{"primitiveMode":7,"vertexBundelIndices":[0],"indexView":{"offset":1152,"length":72,"count":36,"stride":2}}],"vertexBundles":[{"view":{"offset":0,"length":1152,"count":24,"stride":48},"attributes":[{"name":"a_position","format":32,"isNormalized":false},{"name":"a_normal","format":32,"isNormalized":false},{"name":"a_texCoord","format":21,"isNormalized":false},{"name":"a_tangent","format":44,"isNormalized":false}]}],"minPosition":{"__type__":"cc.Vec3","x":-1.125,"y":-0.11999999731779099,"z":-1.125},"maxPosition":{"__type__":"cc.Vec3","x":1.125,"y":0.11999999731779099,"z":1.125}},"_dataLength":1224,"_hash":708995743},{"__type__":"cc.Material","_name":"材质.1","_effectAsset":{"__uuid__":"1brw/JvvpFnIvdrxpFCgMZ"},"_defines":[{}],"_states":[{"rasterizerState":{},"blendState":{"targets":[{}]},"depthStencilState":{}}],"_props":[{"albedoScale":{"__type__":"cc.Vec3","x":1,"y":1,"z":1},"metallic":0.200000002980232,"roughness":0.800000011920929}]},{"__type__":"cc.Mesh","_native":".bin","_struct":{"primitives":[{"primitiveMode":7,"vertexBundelIndices":[0],"indexView":{"offset":7104,"length":864,"count":432,"stride":2}}],"vertexBundles":[{"view":{"offset":0,"length":7104,"count":148,"stride":48},"attributes":[{"name":"a_position","format":32,"isNormalized":false},{"name":"a_normal","format":32,"isNormalized":false},{"name":"a_texCoord","format":21,"isNormalized":false},{"name":"a_tangent","format":44,"isNormalized":false}]}],"minPosition":{"__type__":"cc.Vec3","x":-0.11999999731779099,"y":-0.7599999904632568,"z":-0.11999999731779099},"maxPosition":{"__type__":"cc.Vec3","x":0.11999999731779099,"y":0.7599999904632568,"z":0.11999999731779099}},"_dataLength":7968,"_hash":965036261},[{"__type__":"cc.Prefab","data":{"__id__":1}},{"__type__":"cc.Node","_name":"f302","_children":[{"__id__":2}],"_prefab":{"__type__":"cc.PrefabInfo","root":{"__id__":1},"asset":{"__id__":0},"fileId":"6dy+nNSUFJu4HaLO1B2V6f","_synced":{"default":false,"serializable":false}}},{"__type__":"cc.Node","_name":"RootNode","_parent":{"__id__":1},"_children":[{"__id__":3},{"__id__":4},{"__id__":5},{"__id__":6},{"__id__":7}],"_prefab":{"__type__":"cc.PrefabInfo","root":{"__id__":1},"asset":{"__id__":0},"fileId":"37aLiJxIdG1pAoWSLRhDt8","_synced":{"default":false,"serializable":false}}},{"__type__":"cc.Node","_name":"圆柱_3","_parent":{"__id__":2},"_components":[{"__type__":"cc.MeshRenderer","node":{"__id__":3},"_materials":[{"__uuid__":"fcgZkyyYpLWJOqcFXWrCYn@ed9a5"}],"lightmapSettings":{"__type__":"cc.ModelLightmapSettings"},"_mesh":{"__uuid__":"fcgZkyyYpLWJOqcFXWrCYn@0cb68"}}],"_prefab":{"__type__":"cc.PrefabInfo","root":{"__id__":1},"asset":{"__id__":0},"fileId":"01KxsSPFpEhIAk5g0PJMCt","_synced":{"default":false,"serializable":false}},"_lpos":{"__type__":"cc.Vec3","x":-0.899999976158142,"y":0.759999990463257,"z":-0.899999976158142}},{"__type__":"cc.Node","_name":"圆柱_2","_parent":{"__id__":2},"_components":[{"__type__":"cc.MeshRenderer","node":{"__id__":4},"_materials":[{"__uuid__":"fcgZkyyYpLWJOqcFXWrCYn@ed9a5"}],"lightmapSettings":{"__type__":"cc.ModelLightmapSettings"},"_mesh":{"__uuid__":"fcgZkyyYpLWJOqcFXWrCYn@1b553"}}],"_prefab":{"__type__":"cc.PrefabInfo","root":{"__id__":1},"asset":{"__id__":0},"fileId":"8b9dKOD4BOkZ0aBwg3/Ez5","_synced":{"default":false,"serializable":false}},"_lpos":{"__type__":"cc.Vec3","x":0.899999976158142,"y":0.759999990463257,"z":0.899999976158142}},{"__type__":"cc.Node","_name":"圆柱_1","_parent":{"__id__":2},"_components":[{"__type__":"cc.MeshRenderer","node":{"__id__":5},"_materials":[{"__uuid__":"fcgZkyyYpLWJOqcFXWrCYn@ed9a5"}],"lightmapSettings":{"__type__":"cc.ModelLightmapSettings"},"_mesh":{"__uuid__":"fcgZkyyYpLWJOqcFXWrCYn@14e62"}}],"_prefab":{"__type__":"cc.PrefabInfo","root":{"__id__":1},"asset":{"__id__":0},"fileId":"1aSgBr955IYo5aqQUSyq7d","_synced":{"default":false,"serializable":false}},"_lpos":{"__type__":"cc.Vec3","x":-0.899999976158142,"y":0.759999990463257,"z":0.899999976158142}},{"__type__":"cc.Node","_name":"圆柱","_parent":{"__id__":2},"_components":[{"__type__":"cc.MeshRenderer","node":{"__id__":6},"_materials":[{"__uuid__":"fcgZkyyYpLWJOqcFXWrCYn@ed9a5"}],"lightmapSettings":{"__type__":"cc.ModelLightmapSettings"},"_mesh":{"__uuid__":"fcgZkyyYpLWJOqcFXWrCYn@f32e4"}}],"_prefab":{"__type__":"cc.PrefabInfo","root":{"__id__":1},"asset":{"__id__":0},"fileId":"ffUijwtAtOIo0DnTuQXm5b","_synced":{"default":false,"serializable":false}},"_lpos":{"__type__":"cc.Vec3","x":0.899999976158142,"y":0.759999990463257,"z":-0.899999976158142}},{"__type__":"cc.Node","_name":"立方体_2","_parent":{"__id__":2},"_components":[{"__type__":"cc.MeshRenderer","node":{"__id__":7},"_materials":[{"__uuid__":"fcgZkyyYpLWJOqcFXWrCYn@9aeec"}],"lightmapSettings":{"__type__":"cc.ModelLightmapSettings"},"_mesh":{"__uuid__":"fcgZkyyYpLWJOqcFXWrCYn@5d2a2"}}],"_prefab":{"__type__":"cc.PrefabInfo","root":{"__id__":1},"asset":{"__id__":0},"fileId":"22WzhDnmlCXLubpw7FnaAj","_synced":{"default":false,"serializable":false}},"_lpos":{"__type__":"cc.Vec3","y":1.43999993801117}}],{"__type__":"cc.Material","_name":"材质.2","_effectAsset":{"__uuid__":"1brw/JvvpFnIvdrxpFCgMZ"},"_defines":[{"USE_ALBEDO_MAP":true}],"_states":[{"rasterizerState":{},"blendState":{"targets":[{}]},"depthStencilState":{}}],"_props":[{"albedoScale":{"__type__":"cc.Vec3","x":1,"y":1,"z":1},"metallic":0.200000002980232,"roughness":0.800000011920929,"mainTexture":{"__uuid__":"fcgZkyyYpLWJOqcFXWrCYn@63735"}}]},{"__type__":"cc.Mesh","_native":".bin","_struct":{"primitives":[{"primitiveMode":7,"vertexBundelIndices":[0],"indexView":{"offset":7104,"length":864,"count":432,"stride":2}}],"vertexBundles":[{"view":{"offset":0,"length":7104,"count":148,"stride":48},"attributes":[{"name":"a_position","format":32,"isNormalized":false},{"name":"a_normal","format":32,"isNormalized":false},{"name":"a_texCoord","format":21,"isNormalized":false},{"name":"a_tangent","format":44,"isNormalized":false}]}],"minPosition":{"__type__":"cc.Vec3","x":-0.11999999731779099,"y":-0.7599999904632568,"z":-0.11999999731779099},"maxPosition":{"__type__":"cc.Vec3","x":0.11999999731779099,"y":0.7599999904632568,"z":0.11999999731779099}},"_dataLength":7968,"_hash":965036261}]
