[{"__type__":"cc.Material","_effectAsset":{"__uuid__":"a3zQCfCrBCDZJ4uf2rk5u8"},"_techIdx":3,"_defines":[{}],"_states":[{"blendState":{"targets":[{}]},"depthStencilState":{},"rasterizerState":{}}],"_props":[{"mainColor":{"__type__":"cc.Color","r":255,"g":191,"a":72},"alphaThreshold":0.6}]},[{"__type__":"cc.Prefab","data":{"__id__":1}},{"__type__":"cc.Node","_name":"Node_enemy","_children":[{"__id__":2}],"_prefab":{"__type__":"cc.PrefabInfo","root":{"__id__":1},"asset":{"__id__":0},"fileId":"68VzCvdBlEOJp69npKGeuU","_synced":{"default":false,"serializable":false}}},{"__type__":"cc.Node","_name":"细分曲面","_parent":{"__id__":1},"_children":[{"__id__":3}],"_prefab":{"__type__":"cc.PrefabInfo","root":{"__id__":1},"asset":{"__id__":0},"fileId":"b7eZTX/glGX5kxWUhNP5BR","_synced":{"default":false,"serializable":false}}},{"__type__":"cc.Node","_name":"圆环_1","_parent":{"__id__":2},"_components":[{"__type__":"cc.MeshRenderer","node":{"__id__":3},"_materials":[{"__uuid__":"06Q9P1JylCspG3Css5qwps"}],"lightmapSettings":{"__type__":"cc.ModelLightmapSettings"},"_mesh":{"__uuid__":"f5oaLe3KJFxZPgui4FIjO8@5c882"}}],"_prefab":{"__type__":"cc.PrefabInfo","root":{"__id__":1},"asset":{"__id__":0},"fileId":"56dffvCpdImrQYqEoQIis6","_synced":{"default":false,"serializable":false}},"_lpos":{"__type__":"cc.Vec3","y":1.011}}]]
