[{"__type__":"cc.Prefab","data":{"__id__":1}},{"__type__":"cc.Node","_name":"ResultBoard","_children":[{"__id__":2},{"__id__":3},{"__id__":144},{"__id__":146},{"__id__":148},{"__id__":149}],"_components":[{"__type__":"cc.UITransform","node":{"__id__":1},"_contentSize":{"__type__":"cc.Size","width":375,"height":812}},{"__type__":"cc.Widget","_name":"ResultBoard<Widget>","node":{"__id__":1},"_alignFlags":45,"_originalWidth":375,"_originalHeight":812}],"_prefab":{"__type__":"cc.PrefabInfo","root":{"__id__":1},"asset":{"__id__":0},"fileId":"ddOTmLWMFGiL3LlwkRzYKf","_synced":{"default":false,"serializable":false}},"_layer":33554432},{"__type__":"cc.Node","_name":"mask","_parent":{"__id__":1},"_components":[{"__type__":"cc.UITransform","node":{"__id__":2},"_contentSize":{"__type__":"cc.Size","width":375,"height":812}},{"__type__":"cc.Sprite","node":{"__id__":2},"_color":{"__type__":"cc.Color","a":126},"_spriteFrame":{"__uuid__":"6fkl6VpxhEdpqawV6+t60C@f9941"},"_sizeMode":0},{"__type__":"cc.Widget","_name":"mask<Widget>","node":{"__id__":2},"_alignFlags":45,"_originalWidth":40,"_originalHeight":36}],"_prefab":{"__type__":"cc.PrefabInfo","root":{"__id__":1},"asset":{"__id__":0},"fileId":"40FUoLC4dEta2/GtP5bibq","_synced":{"default":false,"serializable":false}},"_layer":33554432},{"__type__":"cc.Node","_name":"scoreBoard","_parent":{"__id__":1},"_children":[{"__id__":4},{"__id__":5},{"__id__":63},{"__id__":136},{"__id__":140}],"_components":[{"__type__":"cc.UITransform","node":{"__id__":3},"_contentSize":{"__type__":"cc.Size","width":640,"height":760}},{"__type__":"cc.Sprite","node":{"__id__":3},"_spriteFrame":{"__uuid__":"97+ulXZO1FS7PpT0qIU/JN@f9941"},"_type":1,"_sizeMode":0},{"__type__":"cc.Widget","_name":"scoreBoard<Widget>","node":{"__id__":3},"_alignFlags":17,"_top":0.14,"_bottom":200,"_verticalCenter":120,"_isAbsTop":false,"_originalHeight":760}],"_prefab":{"__type__":"cc.PrefabInfo","root":{"__id__":1},"asset":{"__id__":0},"fileId":"93Ii63rHpAooy4JuUN/PCY","_synced":{"default":false,"serializable":false}},"_lpos":{"__type__":"cc.Vec3","y":102.32},"_lscale":{"__type__":"cc.Vec3","x":0.5,"y":0.5,"z":1},"_layer":33554432},{"__type__":"cc.Node","_name":"bg-w","_parent":{"__id__":3},"_components":[{"__type__":"cc.UITransform","node":{"__id__":4},"_contentSize":{"__type__":"cc.Size","width":620,"height":640}},{"__type__":"cc.Sprite","node":{"__id__":4},"_spriteFrame":{"__uuid__":"5b+vC+HXBAgJghjc0As3nf@f9941"},"_type":1,"_sizeMode":0}],"_prefab":{"__type__":"cc.PrefabInfo","root":{"__id__":1},"asset":{"__id__":0},"fileId":"5fTF9LfUlBbLNb8qQ9nVP4","_synced":{"default":false,"serializable":false}},"_lpos":{"__type__":"cc.Vec3","y":-49},"_layer":33554432},{"__type__":"cc.Node","_name":"loverBoard","_parent":{"__id__":3},"_children":[{"__id__":6},{"__id__":25},{"__id__":44}],"_active":false,"_components":[{"__type__":"cc.UITransform","node":{"__id__":5},"_contentSize":{"__type__":"cc.Size","width":620,"height":100}}],"_prefab":{"__type__":"cc.PrefabInfo","root":{"__id__":1},"asset":{"__id__":0},"fileId":"ed/xWL6KFGmp1z/FUsbO6b","_synced":{"default":false,"serializable":false}}},{"__type__":"cc.Node","_name":"top","_parent":{"__id__":5},"_children":[{"__id__":7},{"__id__":8},{"__id__":9},{"__id__":10},{"__id__":12},{"__id__":16},{"__id__":20},{"__id__":22}],"_components":[{"__type__":"cc.UITransform","node":{"__id__":6},"_contentSize":{"__type__":"cc.Size","width":620,"height":300}},{"__type__":"cc.Widget","_name":"Layout<Widget>","node":{"__id__":6},"_alignFlags":17,"_top":-235}],"_prefab":{"__type__":"cc.PrefabInfo","root":{"__id__":1},"asset":{"__id__":0},"fileId":"41XiROAB1MM6m0n3a7e4Ll","_synced":{"default":false,"serializable":false}},"_lpos":{"__type__":"cc.Vec3","y":135},"_layer":33554432},{"__type__":"cc.Node","_name":"line","_parent":{"__id__":6},"_components":[{"__type__":"cc.UITransform","node":{"__id__":7},"_contentSize":{"__type__":"cc.Size","width":200,"height":30}},{"__type__":"cc.Sprite","node":{"__id__":7},"_spriteFrame":{"__uuid__":"97ZdprF19KYqLtzHQLxmNb@f9941"},"_sizeMode":0},{"__type__":"cc.Widget","_name":"line<Widget>","node":{"__id__":7},"_alignFlags":18,"_horizontalCenter":-82.72199999999998,"_verticalCenter":4}],"_prefab":{"__type__":"cc.PrefabInfo","root":{"__id__":1},"asset":{"__id__":0},"fileId":"5cJteg+NtGG5W8gZJ7sW3a","_synced":{"default":false,"serializable":false}},"_lpos":{"__type__":"cc.Vec3","x":-82.72199999999998,"y":4},"_layer":33554432},{"__type__":"cc.Node","_name":"line-001","_parent":{"__id__":6},"_components":[{"__type__":"cc.UITransform","node":{"__id__":8},"_contentSize":{"__type__":"cc.Size","width":200,"height":30}},{"__type__":"cc.Sprite","node":{"__id__":8},"_spriteFrame":{"__uuid__":"97ZdprF19KYqLtzHQLxmNb@f9941"},"_sizeMode":0},{"__type__":"cc.Widget","_name":"line<Widget>","node":{"__id__":8},"_alignFlags":18,"_horizontalCenter":112.73200000000003,"_verticalCenter":4}],"_prefab":{"__type__":"cc.PrefabInfo","root":{"__id__":1},"asset":{"__id__":0},"fileId":"d7kzDtYzdNJbfRK6wG6qSq","_synced":{"default":false,"serializable":false}},"_lpos":{"__type__":"cc.Vec3","x":112.73200000000003,"y":4},"_layer":33554432},{"__type__":"cc.Node","_name":"Lv","_parent":{"__id__":6},"_components":[{"__type__":"cc.UITransform","node":{"__id__":9},"_contentSize":{"__type__":"cc.Size","width":99.21,"height":63}},{"__type__":"cc.Label","node":{"__id__":9},"_color":{"__type__":"cc.Color","r":252,"g":172,"b":197},"_string":"恋人Lv.0","_actualFontSize":26,"_fontSize":26,"_lineHeight":50},{"__type__":"cc.Widget","_name":"Lv<Widget>","node":{"__id__":9},"_alignFlags":18,"_left":105,"_top":40,"_verticalCenter":50}],"_prefab":{"__type__":"cc.PrefabInfo","root":{"__id__":1},"asset":{"__id__":0},"fileId":"d8EepvnwBPPLjGJXTV9/av","_synced":{"default":false,"serializable":false}},"_lpos":{"__type__":"cc.Vec3","y":50},"_layer":33554432},{"__type__":"cc.Node","_name":"LvHeart","_parent":{"__id__":6},"_children":[{"__id__":11}],"_components":[{"__type__":"cc.UITransform","node":{"__id__":10},"_contentSize":{"__type__":"cc.Size","width":84,"height":76}},{"__type__":"cc.Sprite","node":{"__id__":10},"_spriteFrame":{"__uuid__":"3cO+XQeatJZIuMoAXYZCVZ@f9941"},"_sizeMode":0},{"__type__":"cc.Widget","_name":"LvHeart<Widget>","node":{"__id__":10},"_alignFlags":18,"_verticalCenter":-5}],"_prefab":{"__type__":"cc.PrefabInfo","root":{"__id__":1},"asset":{"__id__":0},"fileId":"01t97znWVFRowlTNVe68yx","_synced":{"default":false,"serializable":false}},"_lpos":{"__type__":"cc.Vec3","y":-5},"_layer":33554432},{"__type__":"cc.Node","_name":"Lv","_parent":{"__id__":10},"_components":[{"__type__":"cc.UITransform","node":{"__id__":11},"_contentSize":{"__type__":"cc.Size","width":17.8,"height":50.4}},{"__type__":"cc.Label","node":{"__id__":11},"_string":"0","_actualFontSize":32,"_fontSize":32},{"__type__":"cc.Widget","_name":"Lv<Widget>","node":{"__id__":11},"_alignFlags":18,"_verticalCenter":4}],"_prefab":{"__type__":"cc.PrefabInfo","root":{"__id__":1},"asset":{"__id__":0},"fileId":"36zr/cvylEzqmyL00Dav+Q","_synced":{"default":false,"serializable":false}},"_lpos":{"__type__":"cc.Vec3","y":4},"_layer":33554432},{"__type__":"cc.Node","_name":"Avatar","_parent":{"__id__":6},"_children":[{"__id__":13},{"__id__":15}],"_components":[{"__type__":"cc.UITransform","node":{"__id__":12},"_contentSize":{"__type__":"cc.Size","width":140,"height":140}},{"__type__":"cc.Widget","_name":"Avatar<Widget>","node":{"__id__":12},"_alignFlags":10,"_left":26},{"__type__":"cc.Sprite","node":{"__id__":12},"_spriteFrame":{"__uuid__":"3cPvkJX2xIrJ3GteFrlDJ+@f9941"},"_sizeMode":0},{"__type__":"cc.Sprite","node":{"__id__":12},"_spriteFrame":{"__uuid__":"1a4xoh6HVEWak0edswvBBu@f9941"}}],"_prefab":{"__type__":"cc.PrefabInfo","root":{"__id__":1},"asset":{"__id__":0},"fileId":"b0AU+ZHjhBnKlVlxe38NCj","_synced":{"default":false,"serializable":false}},"_lpos":{"__type__":"cc.Vec3","x":-214}},{"__type__":"cc.Node","_name":"boyAvatar","_parent":{"__id__":12},"_children":[{"__id__":14}],"_components":[{"__type__":"cc.UITransform","node":{"__id__":13},"_contentSize":{"__type__":"cc.Size","width":124,"height":124}},{"__type__":"cc.Sprite","node":{"__id__":13},"_materials":[{"__uuid__":"femcRHb0hNMa473b21u7RL"}],"_spriteFrame":{"__uuid__":"b700qgl01Oz59r+MlGadVq@f9941"},"_sizeMode":0}],"_prefab":{"__type__":"cc.PrefabInfo","root":{"__id__":1},"asset":{"__id__":0},"fileId":"5fO+QzZl5CxLC1s4hZwUJ/","_synced":{"default":false,"serializable":false}},"_layer":33554432},{"__type__":"cc.Node","_name":"isVip","_parent":{"__id__":13},"_components":[{"__type__":"cc.UITransform","node":{"__id__":14},"_contentSize":{"__type__":"cc.Size","width":64,"height":60}},{"__type__":"cc.Sprite","node":{"__id__":14},"_spriteFrame":{"__uuid__":"67UeHEu/FCv7RCHh8Jbt4F@f9941"},"_sizeMode":0},{"__type__":"cc.Widget","_name":"isVip<Widget>","node":{"__id__":14},"_alignFlags":17,"_top":-38}],"_prefab":{"__type__":"cc.PrefabInfo","root":{"__id__":1},"asset":{"__id__":0},"fileId":"597Sy84KFETKC7s0nx0Xx8","_synced":{"default":false,"serializable":false}},"_lpos":{"__type__":"cc.Vec3","y":70},"_layer":33554432},{"__type__":"cc.Node","_name":"gender","_parent":{"__id__":12},"_components":[{"__type__":"cc.UITransform","node":{"__id__":15},"_contentSize":{"__type__":"cc.Size","width":48,"height":48}},{"__type__":"cc.Sprite","node":{"__id__":15},"_spriteFrame":{"__uuid__":"e9+aPS0jdJ4IGgpgdNsJgC@f9941"},"_sizeMode":0}],"_prefab":{"__type__":"cc.PrefabInfo","root":{"__id__":1},"asset":{"__id__":0},"fileId":"d0CrgKnDpFCYdncVcYMsfv","_synced":{"default":false,"serializable":false}},"_lpos":{"__type__":"cc.Vec3","x":50,"y":-50},"_layer":33554432},{"__type__":"cc.Node","_name":"Avatar2","_parent":{"__id__":6},"_children":[{"__id__":17},{"__id__":19}],"_components":[{"__type__":"cc.UITransform","node":{"__id__":16},"_contentSize":{"__type__":"cc.Size","width":140,"height":140}},{"__type__":"cc.Widget","_name":"Avatar<Widget>","node":{"__id__":16},"_alignFlags":34,"_left":20,"_right":26},{"__type__":"cc.Sprite","node":{"__id__":16},"_spriteFrame":{"__uuid__":"98dTulW3tDBqgoq9/0vVrw@f9941"}}],"_prefab":{"__type__":"cc.PrefabInfo","root":{"__id__":1},"asset":{"__id__":0},"fileId":"e6FBRBx41Fm5wDLuuOi5aD","_synced":{"default":false,"serializable":false}},"_lpos":{"__type__":"cc.Vec3","x":214}},{"__type__":"cc.Node","_name":"girlAvatar","_parent":{"__id__":16},"_children":[{"__id__":18}],"_components":[{"__type__":"cc.UITransform","node":{"__id__":17},"_contentSize":{"__type__":"cc.Size","width":124,"height":124}},{"__type__":"cc.Sprite","node":{"__id__":17},"_materials":[{"__uuid__":"femcRHb0hNMa473b21u7RL"}],"_spriteFrame":{"__uuid__":"b700qgl01Oz59r+MlGadVq@f9941"},"_sizeMode":0}],"_prefab":{"__type__":"cc.PrefabInfo","root":{"__id__":1},"asset":{"__id__":0},"fileId":"efRByw7n5JeJrMNJVmI5So","_synced":{"default":false,"serializable":false}},"_layer":33554432},{"__type__":"cc.Node","_name":"isVip","_parent":{"__id__":17},"_components":[{"__type__":"cc.UITransform","node":{"__id__":18},"_contentSize":{"__type__":"cc.Size","width":64,"height":60}},{"__type__":"cc.Sprite","node":{"__id__":18},"_spriteFrame":{"__uuid__":"67UeHEu/FCv7RCHh8Jbt4F@f9941"},"_sizeMode":0},{"__type__":"cc.Widget","_name":"isVip<Widget>","node":{"__id__":18},"_alignFlags":17,"_top":-38}],"_prefab":{"__type__":"cc.PrefabInfo","root":{"__id__":1},"asset":{"__id__":0},"fileId":"28wpEtTeRPLpbqwyc782Xm","_synced":{"default":false,"serializable":false}},"_lpos":{"__type__":"cc.Vec3","y":70},"_layer":33554432},{"__type__":"cc.Node","_name":"gender","_parent":{"__id__":16},"_components":[{"__type__":"cc.UITransform","node":{"__id__":19},"_contentSize":{"__type__":"cc.Size","width":48,"height":47}},{"__type__":"cc.Sprite","node":{"__id__":19},"_spriteFrame":{"__uuid__":"2dtMrh4SVFiZfQWOlx09YO@f9941"}}],"_prefab":{"__type__":"cc.PrefabInfo","root":{"__id__":1},"asset":{"__id__":0},"fileId":"d8qBacVcZA+7e1yPIBixS/","_synced":{"default":false,"serializable":false}},"_lpos":{"__type__":"cc.Vec3","x":50,"y":-50},"_layer":33554432},{"__type__":"cc.Node","_name":"desc","_parent":{"__id__":6},"_children":[{"__id__":21}],"_components":[{"__type__":"cc.UITransform","node":{"__id__":20},"_contentSize":{"__type__":"cc.Size","width":568.01,"height":75.6}},{"__type__":"cc.Label","node":{"__id__":20},"_color":{"__type__":"cc.Color","r":51,"g":51,"b":51},"_string":"合作简直天衣无缝   默契值","_actualFontSize":48,"_fontSize":48,"_lineHeight":60},{"__type__":"cc.Widget","_name":"desc<Widget>","node":{"__id__":20},"_alignFlags":16,"_horizontalCenter":-32}],"_prefab":{"__type__":"cc.PrefabInfo","root":{"__id__":1},"asset":{"__id__":0},"fileId":"1ayOU98T1AGp216WsqQYMb","_synced":{"default":false,"serializable":false}},"_lpos":{"__type__":"cc.Vec3","x":-32,"y":-142.242},"_lscale":{"__type__":"cc.Vec3","x":0.5,"y":0.5,"z":1},"_layer":33554432},{"__type__":"cc.Node","_name":"score","_parent":{"__id__":20},"_components":[{"__type__":"cc.UITransform","node":{"__id__":21},"_contentSize":{"__type__":"cc.Size","width":54.73,"height":50.4}},{"__type__":"cc.Label","node":{"__id__":21},"_color":{"__type__":"cc.Color","r":253,"g":83,"b":110},"_string":"+0","_actualFontSize":48,"_fontSize":48},{"__type__":"cc.Widget","_name":"score<Widget>","node":{"__id__":21},"_alignFlags":32,"_right":-80}],"_prefab":{"__type__":"cc.PrefabInfo","root":{"__id__":1},"asset":{"__id__":0},"fileId":"f9Xc/wun9ByI/J9rFtYUJY","_synced":{"default":false,"serializable":false}},"_lpos":{"__type__":"cc.Vec3","x":336.64},"_layer":33554432},{"__type__":"cc.Node","_name":"ProgressBar","_parent":{"__id__":6},"_children":[{"__id__":23}],"_components":[{"__type__":"cc.UITransform","node":{"__id__":22},"_contentSize":{"__type__":"cc.Size","width":2700,"height":100}},{"__type__":"cc.Sprite","node":{"__id__":22},"_color":{"__type__":"cc.Color","r":233,"g":208,"b":212},"_spriteFrame":{"__uuid__":"b1Z646Z75Hl4UuALBiFdiT@f9941"},"_type":1,"_sizeMode":0},{"__type__":"cc.ProgressBar","node":{"__id__":22},"_barSprite":{"__id__":24},"_totalLength":2700,"_progress":0}],"_prefab":{"__type__":"cc.PrefabInfo","root":{"__id__":1},"asset":{"__id__":0},"fileId":"89sehA6plEI7mc028Sxx3z","_synced":{"default":false,"serializable":false}},"_lpos":{"__type__":"cc.Vec3","y":-95.468},"_lscale":{"__type__":"cc.Vec3","x":0.2,"y":0.2,"z":1},"_layer":33554432},{"__type__":"cc.Node","_name":"Bar","_parent":{"__id__":22},"_components":[{"__type__":"cc.UITransform","node":{"__id__":23},"_contentSize":{"__type__":"cc.Size","height":80},"_anchorPoint":{"__type__":"cc.Vec2","y":0.5}},{"__id__":24}],"_prefab":{"__type__":"cc.PrefabInfo","root":{"__id__":1},"asset":{"__id__":0},"fileId":"7a5+J6DJpNWJgaWsco5SFz","_synced":{"default":false,"serializable":false}},"_lpos":{"__type__":"cc.Vec3","x":-1350},"_layer":33554432},{"__type__":"cc.Sprite","node":{"__id__":23},"_spriteFrame":{"__uuid__":"2eyJ97g0ZEQaaUdXp0v9K+@f9941"},"_type":1,"_sizeMode":0},{"__type__":"cc.Node","_name":"teamRed","_parent":{"__id__":5},"_children":[{"__id__":26},{"__id__":27}],"_components":[{"__type__":"cc.UITransform","node":{"__id__":25},"_contentSize":{"__type__":"cc.Size","width":280,"height":280}},{"__type__":"cc.Sprite","node":{"__id__":25},"_spriteFrame":{"__uuid__":"deSGwDaQhDcpEQeF/CAcTU@f9941"},"_type":1,"_sizeMode":0},{"__type__":"cc.Widget","_name":"red<Widget>","node":{"__id__":25},"_alignFlags":9,"_left":20,"_top":110}],"_prefab":{"__type__":"cc.PrefabInfo","root":{"__id__":1},"asset":{"__id__":0},"fileId":"d4WXEjUgZKxKX0W6LlDOFD","_synced":{"default":false,"serializable":false}},"_lpos":{"__type__":"cc.Vec3","x":-150,"y":-200},"_layer":33554432},{"__type__":"cc.Node","_name":"line","_parent":{"__id__":25},"_components":[{"__type__":"cc.UITransform","node":{"__id__":26},"_contentSize":{"__type__":"cc.Size","width":280,"height":2}},{"__type__":"cc.Sprite","node":{"__id__":26},"_spriteFrame":{"__uuid__":"1axYiwVvBMpYgCSeKTCi23@f9941"},"_sizeMode":0}],"_prefab":{"__type__":"cc.PrefabInfo","root":{"__id__":1},"asset":{"__id__":0},"fileId":"b3izNje4dN1J2J1ytEg5mO","_synced":{"default":false,"serializable":false}},"_layer":33554432},{"__type__":"cc.Node","_name":"avatars","_parent":{"__id__":25},"_children":[{"__id__":28},{"__id__":36}],"_components":[{"__type__":"cc.UITransform","node":{"__id__":27},"_contentSize":{"__type__":"cc.Size","width":280,"height":280}}],"_prefab":{"__type__":"cc.PrefabInfo","root":{"__id__":1},"asset":{"__id__":0},"fileId":"acG0+m8IxF6KPbr4FzAFtA","_synced":{"default":false,"serializable":false}}},{"__type__":"cc.Node","_name":"avatar1","_parent":{"__id__":27},"_children":[{"__id__":29},{"__id__":32},{"__id__":33},{"__id__":34},{"__id__":35}],"_components":[{"__type__":"cc.UITransform","node":{"__id__":28},"_contentSize":{"__type__":"cc.Size","width":130,"height":130}},{"__type__":"cc.Sprite","node":{"__id__":28},"_materials":[{"__uuid__":"femcRHb0hNMa473b21u7RL"}],"_spriteFrame":{"__uuid__":"3cPvkJX2xIrJ3GteFrlDJ+@f9941"},"_sizeMode":0},{"__type__":"cc.Widget","_name":"avatar1<Widget>","node":{"__id__":28},"_alignFlags":9}],"_prefab":{"__type__":"cc.PrefabInfo","root":{"__id__":1},"asset":{"__id__":0},"fileId":"44QlzomuxIfLZUmjmSEX2q","_synced":{"default":false,"serializable":false}},"_lpos":{"__type__":"cc.Vec3","x":-75,"y":75},"_layer":33554432},{"__type__":"cc.Node","_name":"avatar","_parent":{"__id__":28},"_children":[{"__id__":30},{"__id__":31}],"_components":[{"__type__":"cc.UITransform","node":{"__id__":29},"_contentSize":{"__type__":"cc.Size","width":80,"height":80}},{"__type__":"cc.Sprite","node":{"__id__":29},"_materials":[{"__uuid__":"femcRHb0hNMa473b21u7RL"}],"_spriteFrame":{"__uuid__":"b700qgl01Oz59r+MlGadVq@f9941"},"_sizeMode":0},{"__type__":"62231BivyRLC6qStdnthPWc","node":{"__id__":29}}],"_prefab":{"__type__":"cc.PrefabInfo","root":{"__id__":1},"asset":{"__id__":0},"fileId":"a3AReJ+i5AYLPrglOt7276","_synced":{"default":false,"serializable":false}},"_layer":33554432},{"__type__":"cc.Node","_name":"isVip","_parent":{"__id__":29},"_components":[{"__type__":"cc.UITransform","node":{"__id__":30},"_contentSize":{"__type__":"cc.Size","width":48,"height":44}},{"__type__":"cc.Sprite","node":{"__id__":30},"_spriteFrame":{"__uuid__":"67UeHEu/FCv7RCHh8Jbt4F@f9941"}}],"_prefab":{"__type__":"cc.PrefabInfo","root":{"__id__":1},"asset":{"__id__":0},"fileId":"62jXVmpHtKFYCyrEt0R4Fz","_synced":{"default":false,"serializable":false}},"_lpos":{"__type__":"cc.Vec3","y":42},"_layer":33554432},{"__type__":"cc.Node","_name":"gender","_parent":{"__id__":29},"_components":[{"__type__":"cc.UITransform","node":{"__id__":31},"_contentSize":{"__type__":"cc.Size","width":36,"height":36}},{"__type__":"cc.Sprite","node":{"__id__":31},"_spriteFrame":{"__uuid__":"e9+aPS0jdJ4IGgpgdNsJgC@f9941"},"_sizeMode":0}],"_prefab":{"__type__":"cc.PrefabInfo","root":{"__id__":1},"asset":{"__id__":0},"fileId":"34JCmEDaZAX6h/o6OQoW3r","_synced":{"default":false,"serializable":false}},"_lpos":{"__type__":"cc.Vec3","x":26,"y":-26},"_layer":33554432},{"__type__":"cc.Node","_name":"score","_parent":{"__id__":28},"_components":[{"__type__":"cc.UITransform","node":{"__id__":32},"_contentSize":{"__type__":"cc.Size","width":54.73,"height":75.6}},{"__type__":"cc.Label","node":{"__id__":32},"_string":"+0","_actualFontSize":48,"_fontSize":48,"_lineHeight":60}],"_prefab":{"__type__":"cc.PrefabInfo","root":{"__id__":1},"asset":{"__id__":0},"fileId":"2102j6vhRGm4ZAKewnHpWw","_synced":{"default":false,"serializable":false}},"_lpos":{"__type__":"cc.Vec3","x":140},"_lscale":{"__type__":"cc.Vec3","x":0.6,"y":0.6,"z":1},"_layer":33554432},{"__type__":"cc.Node","_name":"onceMore","_parent":{"__id__":28},"_active":false,"_components":[{"__type__":"cc.UITransform","node":{"__id__":33},"_contentSize":{"__type__":"cc.Size","width":120,"height":51}},{"__type__":"cc.Sprite","node":{"__id__":33},"_spriteFrame":{"__uuid__":"7cz+pWBGhEUJYX22WPc6ww@f9941"}},{"__type__":"cc.Widget","_name":"onceMore<Widget>","node":{"__id__":33},"_alignFlags":33,"_left":29,"_right":-56}],"_prefab":{"__type__":"cc.PrefabInfo","root":{"__id__":1},"asset":{"__id__":0},"fileId":"f7EEcyTbdNxq8aWldAicRJ","_synced":{"default":false,"serializable":false}},"_lpos":{"__type__":"cc.Vec3","x":73,"y":44.599999999999994},"_lscale":{"__type__":"cc.Vec3","x":0.8,"y":0.8,"z":1},"_layer":33554432},{"__type__":"cc.Node","_name":"leave","_parent":{"__id__":28},"_active":false,"_components":[{"__type__":"cc.UITransform","node":{"__id__":34},"_contentSize":{"__type__":"cc.Size","width":120,"height":51}},{"__type__":"cc.Sprite","node":{"__id__":34},"_spriteFrame":{"__uuid__":"81tlL0UNFFopm2HaVP+wX0@f9941"}},{"__type__":"cc.Widget","_name":"onceMore<Widget>","node":{"__id__":34},"_alignFlags":33,"_left":29,"_right":-56}],"_prefab":{"__type__":"cc.PrefabInfo","root":{"__id__":1},"asset":{"__id__":0},"fileId":"f0XbHaa+VNU5vnG8DdmkLL","_synced":{"default":false,"serializable":false}},"_lpos":{"__type__":"cc.Vec3","x":73,"y":44.599999999999994},"_lscale":{"__type__":"cc.Vec3","x":0.8,"y":0.8,"z":1},"_layer":33554432},{"__type__":"cc.Node","_name":"offLine","_parent":{"__id__":28},"_active":false,"_components":[{"__type__":"cc.UITransform","node":{"__id__":35},"_contentSize":{"__type__":"cc.Size","width":108,"height":63}},{"__type__":"cc.Label","node":{"__id__":35},"_srcBlendFactor":1,"_string":"离线","_actualFontSize":54,"_fontSize":54,"_lineHeight":50},{"__type__":"cc.Widget","_name":"offLine<Widget>","node":{"__id__":35},"_alignFlags":18,"_verticalCenter":-2}],"_prefab":{"__type__":"cc.PrefabInfo","root":{"__id__":1},"asset":{"__id__":0},"fileId":"e96+Tf+dtHa4zCgV/G4yAn","_synced":{"default":false,"serializable":false}},"_lpos":{"__type__":"cc.Vec3","y":-2},"_lscale":{"__type__":"cc.Vec3","x":0.5,"y":0.5,"z":1},"_layer":33554432},{"__type__":"cc.Node","_name":"avatar2","_parent":{"__id__":27},"_children":[{"__id__":37},{"__id__":40},{"__id__":41},{"__id__":42},{"__id__":43}],"_components":[{"__type__":"cc.UITransform","node":{"__id__":36},"_contentSize":{"__type__":"cc.Size","width":130,"height":130}},{"__type__":"cc.Sprite","node":{"__id__":36},"_materials":[{"__uuid__":"femcRHb0hNMa473b21u7RL"}],"_spriteFrame":{"__uuid__":"3cPvkJX2xIrJ3GteFrlDJ+@f9941"},"_sizeMode":0},{"__type__":"cc.Widget","_name":"avatar2<Widget>","node":{"__id__":36},"_alignFlags":12}],"_prefab":{"__type__":"cc.PrefabInfo","root":{"__id__":1},"asset":{"__id__":0},"fileId":"dbCHm5L8dEsor46sNZ8wcr","_synced":{"default":false,"serializable":false}},"_lpos":{"__type__":"cc.Vec3","x":-75,"y":-75},"_layer":33554432},{"__type__":"cc.Node","_name":"avatar","_parent":{"__id__":36},"_children":[{"__id__":38},{"__id__":39}],"_components":[{"__type__":"cc.UITransform","node":{"__id__":37},"_contentSize":{"__type__":"cc.Size","width":80,"height":80}},{"__type__":"cc.Sprite","node":{"__id__":37},"_materials":[{"__uuid__":"femcRHb0hNMa473b21u7RL"}],"_spriteFrame":{"__uuid__":"b700qgl01Oz59r+MlGadVq@f9941"},"_sizeMode":0},{"__type__":"62231BivyRLC6qStdnthPWc","node":{"__id__":37}}],"_prefab":{"__type__":"cc.PrefabInfo","root":{"__id__":1},"asset":{"__id__":0},"fileId":"a3AReJ+i5AYLPrglOt7276","_synced":{"default":false,"serializable":false}},"_layer":33554432},{"__type__":"cc.Node","_name":"gender","_parent":{"__id__":37},"_components":[{"__type__":"cc.UITransform","node":{"__id__":38},"_contentSize":{"__type__":"cc.Size","width":36,"height":36}},{"__type__":"cc.Sprite","node":{"__id__":38},"_spriteFrame":{"__uuid__":"2dtMrh4SVFiZfQWOlx09YO@f9941"},"_sizeMode":0}],"_prefab":{"__type__":"cc.PrefabInfo","root":{"__id__":1},"asset":{"__id__":0},"fileId":"89lNlHRo1Mj7XiGPh2wX7u","_synced":{"default":false,"serializable":false}},"_lpos":{"__type__":"cc.Vec3","x":26,"y":-26},"_layer":33554432},{"__type__":"cc.Node","_name":"isVip","_parent":{"__id__":37},"_components":[{"__type__":"cc.UITransform","node":{"__id__":39},"_contentSize":{"__type__":"cc.Size","width":48,"height":44}},{"__type__":"cc.Sprite","node":{"__id__":39},"_spriteFrame":{"__uuid__":"67UeHEu/FCv7RCHh8Jbt4F@f9941"}}],"_prefab":{"__type__":"cc.PrefabInfo","root":{"__id__":1},"asset":{"__id__":0},"fileId":"62jXVmpHtKFYCyrEt0R4Fz","_synced":{"default":false,"serializable":false}},"_lpos":{"__type__":"cc.Vec3","y":42},"_layer":33554432},{"__type__":"cc.Node","_name":"score","_parent":{"__id__":36},"_components":[{"__type__":"cc.UITransform","node":{"__id__":40},"_contentSize":{"__type__":"cc.Size","width":54.73,"height":75.6}},{"__type__":"cc.Label","node":{"__id__":40},"_string":"+0","_actualFontSize":48,"_fontSize":48,"_lineHeight":60}],"_prefab":{"__type__":"cc.PrefabInfo","root":{"__id__":1},"asset":{"__id__":0},"fileId":"79TP8ybWZEB48Zf3f/X3zj","_synced":{"default":false,"serializable":false}},"_lpos":{"__type__":"cc.Vec3","x":140},"_lscale":{"__type__":"cc.Vec3","x":0.6,"y":0.6,"z":1},"_layer":33554432},{"__type__":"cc.Node","_name":"onceMore","_parent":{"__id__":36},"_active":false,"_components":[{"__type__":"cc.UITransform","node":{"__id__":41},"_contentSize":{"__type__":"cc.Size","width":120,"height":51}},{"__type__":"cc.Sprite","node":{"__id__":41},"_spriteFrame":{"__uuid__":"7cz+pWBGhEUJYX22WPc6ww@f9941"}},{"__type__":"cc.Widget","_name":"onceMore<Widget>","node":{"__id__":41},"_alignFlags":33,"_left":29,"_right":-56}],"_prefab":{"__type__":"cc.PrefabInfo","root":{"__id__":1},"asset":{"__id__":0},"fileId":"c87hZpA/hN34L+YT2uxOAV","_synced":{"default":false,"serializable":false}},"_lpos":{"__type__":"cc.Vec3","x":73,"y":44.599999999999994},"_lscale":{"__type__":"cc.Vec3","x":0.8,"y":0.8,"z":1},"_layer":33554432},{"__type__":"cc.Node","_name":"leave","_parent":{"__id__":36},"_active":false,"_components":[{"__type__":"cc.UITransform","node":{"__id__":42},"_contentSize":{"__type__":"cc.Size","width":120,"height":51}},{"__type__":"cc.Sprite","node":{"__id__":42},"_spriteFrame":{"__uuid__":"81tlL0UNFFopm2HaVP+wX0@f9941"}},{"__type__":"cc.Widget","_name":"onceMore<Widget>","node":{"__id__":42},"_alignFlags":33,"_left":29,"_right":-56}],"_prefab":{"__type__":"cc.PrefabInfo","root":{"__id__":1},"asset":{"__id__":0},"fileId":"dfzGpi1rlKT6g64ozKEC34","_synced":{"default":false,"serializable":false}},"_lpos":{"__type__":"cc.Vec3","x":73,"y":44.599999999999994},"_lscale":{"__type__":"cc.Vec3","x":0.8,"y":0.8,"z":1},"_layer":33554432},{"__type__":"cc.Node","_name":"offLine","_parent":{"__id__":36},"_active":false,"_components":[{"__type__":"cc.UITransform","node":{"__id__":43},"_contentSize":{"__type__":"cc.Size","width":108,"height":63}},{"__type__":"cc.Label","node":{"__id__":43},"_srcBlendFactor":1,"_string":"离线","_actualFontSize":54,"_fontSize":54,"_lineHeight":50},{"__type__":"cc.Widget","_name":"offLine<Widget>","node":{"__id__":43},"_alignFlags":18,"_verticalCenter":-2}],"_prefab":{"__type__":"cc.PrefabInfo","root":{"__id__":1},"asset":{"__id__":0},"fileId":"e96+Tf+dtHa4zCgV/G4yAn","_synced":{"default":false,"serializable":false}},"_lpos":{"__type__":"cc.Vec3","x":75,"y":73},"_lscale":{"__type__":"cc.Vec3","x":0.5,"y":0.5,"z":1},"_layer":33554432},{"__type__":"cc.Node","_name":"teamBlue","_parent":{"__id__":5},"_children":[{"__id__":45},{"__id__":46}],"_components":[{"__type__":"cc.UITransform","node":{"__id__":44},"_contentSize":{"__type__":"cc.Size","width":280,"height":280}},{"__type__":"cc.Sprite","node":{"__id__":44},"_spriteFrame":{"__uuid__":"c1dVqbQqpAc41iG6lRuMtW@f9941"},"_type":1,"_sizeMode":0},{"__type__":"cc.Widget","_name":"blue<Widget>","node":{"__id__":44},"_alignFlags":33,"_right":20,"_top":110}],"_prefab":{"__type__":"cc.PrefabInfo","root":{"__id__":1},"asset":{"__id__":0},"fileId":"6dNYdi5hxLxJK5jjlbi63i","_synced":{"default":false,"serializable":false}},"_lpos":{"__type__":"cc.Vec3","x":150,"y":-200},"_layer":33554432},{"__type__":"cc.Node","_name":"line","_parent":{"__id__":44},"_components":[{"__type__":"cc.UITransform","node":{"__id__":45},"_contentSize":{"__type__":"cc.Size","width":280,"height":2}},{"__type__":"cc.Sprite","node":{"__id__":45},"_spriteFrame":{"__uuid__":"1axYiwVvBMpYgCSeKTCi23@f9941"},"_sizeMode":0}],"_prefab":{"__type__":"cc.PrefabInfo","root":{"__id__":1},"asset":{"__id__":0},"fileId":"a0uKY8gC9CxrG9Ed5dIPTj","_synced":{"default":false,"serializable":false}},"_layer":33554432},{"__type__":"cc.Node","_name":"avatars","_parent":{"__id__":44},"_children":[{"__id__":47},{"__id__":55}],"_components":[{"__type__":"cc.UITransform","node":{"__id__":46},"_contentSize":{"__type__":"cc.Size","width":280,"height":280}}],"_prefab":{"__type__":"cc.PrefabInfo","root":{"__id__":1},"asset":{"__id__":0},"fileId":"5bsMrynbNKRbh1G8yHZ6gA","_synced":{"default":false,"serializable":false}}},{"__type__":"cc.Node","_name":"avatar1","_parent":{"__id__":46},"_children":[{"__id__":48},{"__id__":51},{"__id__":52},{"__id__":53},{"__id__":54}],"_components":[{"__type__":"cc.UITransform","node":{"__id__":47},"_contentSize":{"__type__":"cc.Size","width":130,"height":130}},{"__type__":"cc.Sprite","node":{"__id__":47},"_materials":[{"__uuid__":"femcRHb0hNMa473b21u7RL"}],"_spriteFrame":{"__uuid__":"3cPvkJX2xIrJ3GteFrlDJ+@f9941"},"_sizeMode":0},{"__type__":"cc.Widget","_name":"avatar1<Widget>","node":{"__id__":47},"_alignFlags":9}],"_prefab":{"__type__":"cc.PrefabInfo","root":{"__id__":1},"asset":{"__id__":0},"fileId":"f9aiFnn4ZFcrqms48/H6JR","_synced":{"default":false,"serializable":false}},"_lpos":{"__type__":"cc.Vec3","x":-75,"y":75},"_layer":33554432},{"__type__":"cc.Node","_name":"avatar","_parent":{"__id__":47},"_children":[{"__id__":49},{"__id__":50}],"_components":[{"__type__":"cc.UITransform","node":{"__id__":48},"_contentSize":{"__type__":"cc.Size","width":80,"height":80}},{"__type__":"cc.Sprite","node":{"__id__":48},"_materials":[{"__uuid__":"femcRHb0hNMa473b21u7RL"}],"_spriteFrame":{"__uuid__":"b700qgl01Oz59r+MlGadVq@f9941"},"_sizeMode":0},{"__type__":"62231BivyRLC6qStdnthPWc","node":{"__id__":48}}],"_prefab":{"__type__":"cc.PrefabInfo","root":{"__id__":1},"asset":{"__id__":0},"fileId":"d1THcWpf1BdboS039uR9TG","_synced":{"default":false,"serializable":false}},"_layer":33554432},{"__type__":"cc.Node","_name":"gender","_parent":{"__id__":48},"_components":[{"__type__":"cc.UITransform","node":{"__id__":49},"_contentSize":{"__type__":"cc.Size","width":36,"height":36}},{"__type__":"cc.Sprite","node":{"__id__":49},"_spriteFrame":{"__uuid__":"e9+aPS0jdJ4IGgpgdNsJgC@f9941"},"_sizeMode":0}],"_prefab":{"__type__":"cc.PrefabInfo","root":{"__id__":1},"asset":{"__id__":0},"fileId":"74gZ/9WCpM3pvy0ZdAPZMv","_synced":{"default":false,"serializable":false}},"_lpos":{"__type__":"cc.Vec3","x":26,"y":-26},"_layer":33554432},{"__type__":"cc.Node","_name":"isVip","_parent":{"__id__":48},"_components":[{"__type__":"cc.UITransform","node":{"__id__":50},"_contentSize":{"__type__":"cc.Size","width":48,"height":44}},{"__type__":"cc.Sprite","node":{"__id__":50},"_spriteFrame":{"__uuid__":"67UeHEu/FCv7RCHh8Jbt4F@f9941"}}],"_prefab":{"__type__":"cc.PrefabInfo","root":{"__id__":1},"asset":{"__id__":0},"fileId":"98E4eNUGZFaqsHRFYnsg5I","_synced":{"default":false,"serializable":false}},"_lpos":{"__type__":"cc.Vec3","y":42},"_layer":33554432},{"__type__":"cc.Node","_name":"score","_parent":{"__id__":47},"_components":[{"__type__":"cc.UITransform","node":{"__id__":51},"_contentSize":{"__type__":"cc.Size","width":54.73,"height":75.6}},{"__type__":"cc.Label","node":{"__id__":51},"_string":"+0","_actualFontSize":48,"_fontSize":48,"_lineHeight":60}],"_prefab":{"__type__":"cc.PrefabInfo","root":{"__id__":1},"asset":{"__id__":0},"fileId":"3cxngWOwtD9YumH0uZZV5Y","_synced":{"default":false,"serializable":false}},"_lpos":{"__type__":"cc.Vec3","x":140},"_lscale":{"__type__":"cc.Vec3","x":0.6,"y":0.6,"z":1},"_layer":33554432},{"__type__":"cc.Node","_name":"onceMore","_parent":{"__id__":47},"_active":false,"_components":[{"__type__":"cc.UITransform","node":{"__id__":52},"_contentSize":{"__type__":"cc.Size","width":120,"height":51}},{"__type__":"cc.Sprite","node":{"__id__":52},"_spriteFrame":{"__uuid__":"7cz+pWBGhEUJYX22WPc6ww@f9941"}},{"__type__":"cc.Widget","_name":"onceMore<Widget>","node":{"__id__":52},"_alignFlags":33,"_left":29,"_right":-56}],"_prefab":{"__type__":"cc.PrefabInfo","root":{"__id__":1},"asset":{"__id__":0},"fileId":"c87hZpA/hN34L+YT2uxOAV","_synced":{"default":false,"serializable":false}},"_lpos":{"__type__":"cc.Vec3","x":73,"y":44.599999999999994},"_lscale":{"__type__":"cc.Vec3","x":0.8,"y":0.8,"z":1},"_layer":33554432},{"__type__":"cc.Node","_name":"leave","_parent":{"__id__":47},"_active":false,"_components":[{"__type__":"cc.UITransform","node":{"__id__":53},"_contentSize":{"__type__":"cc.Size","width":120,"height":51}},{"__type__":"cc.Sprite","node":{"__id__":53},"_spriteFrame":{"__uuid__":"81tlL0UNFFopm2HaVP+wX0@f9941"}},{"__type__":"cc.Widget","_name":"onceMore<Widget>","node":{"__id__":53},"_alignFlags":33,"_left":29,"_right":-56}],"_prefab":{"__type__":"cc.PrefabInfo","root":{"__id__":1},"asset":{"__id__":0},"fileId":"dfzGpi1rlKT6g64ozKEC34","_synced":{"default":false,"serializable":false}},"_lpos":{"__type__":"cc.Vec3","x":73,"y":44.599999999999994},"_lscale":{"__type__":"cc.Vec3","x":0.8,"y":0.8,"z":1},"_layer":33554432},{"__type__":"cc.Node","_name":"offLine","_parent":{"__id__":47},"_active":false,"_components":[{"__type__":"cc.UITransform","node":{"__id__":54},"_contentSize":{"__type__":"cc.Size","width":108,"height":63}},{"__type__":"cc.Label","node":{"__id__":54},"_srcBlendFactor":1,"_string":"离线","_actualFontSize":54,"_fontSize":54,"_lineHeight":50},{"__type__":"cc.Widget","_name":"offLine<Widget>","node":{"__id__":54},"_alignFlags":18,"_verticalCenter":-2}],"_prefab":{"__type__":"cc.PrefabInfo","root":{"__id__":1},"asset":{"__id__":0},"fileId":"e96+Tf+dtHa4zCgV/G4yAn","_synced":{"default":false,"serializable":false}},"_lpos":{"__type__":"cc.Vec3","y":-2},"_lscale":{"__type__":"cc.Vec3","x":0.5,"y":0.5,"z":1},"_layer":33554432},{"__type__":"cc.Node","_name":"avatar2","_parent":{"__id__":46},"_children":[{"__id__":56},{"__id__":59},{"__id__":60},{"__id__":61},{"__id__":62}],"_components":[{"__type__":"cc.UITransform","node":{"__id__":55},"_contentSize":{"__type__":"cc.Size","width":130,"height":130}},{"__type__":"cc.Sprite","node":{"__id__":55},"_materials":[{"__uuid__":"femcRHb0hNMa473b21u7RL"}],"_spriteFrame":{"__uuid__":"3cPvkJX2xIrJ3GteFrlDJ+@f9941"},"_sizeMode":0},{"__type__":"cc.Widget","_name":"avatar2<Widget>","node":{"__id__":55},"_alignFlags":12}],"_prefab":{"__type__":"cc.PrefabInfo","root":{"__id__":1},"asset":{"__id__":0},"fileId":"adZ45XMJ5KyJW3tW9US+9C","_synced":{"default":false,"serializable":false}},"_lpos":{"__type__":"cc.Vec3","x":-75,"y":-75},"_layer":33554432},{"__type__":"cc.Node","_name":"avatar","_parent":{"__id__":55},"_children":[{"__id__":57},{"__id__":58}],"_components":[{"__type__":"cc.UITransform","node":{"__id__":56},"_contentSize":{"__type__":"cc.Size","width":80,"height":80}},{"__type__":"cc.Sprite","node":{"__id__":56},"_materials":[{"__uuid__":"femcRHb0hNMa473b21u7RL"}],"_spriteFrame":{"__uuid__":"b700qgl01Oz59r+MlGadVq@f9941"},"_sizeMode":0},{"__type__":"62231BivyRLC6qStdnthPWc","node":{"__id__":56}}],"_prefab":{"__type__":"cc.PrefabInfo","root":{"__id__":1},"asset":{"__id__":0},"fileId":"54EBGtC0NM2afBHCeTcj/5","_synced":{"default":false,"serializable":false}},"_layer":33554432},{"__type__":"cc.Node","_name":"gender","_parent":{"__id__":56},"_components":[{"__type__":"cc.UITransform","node":{"__id__":57},"_contentSize":{"__type__":"cc.Size","width":36,"height":36}},{"__type__":"cc.Sprite","node":{"__id__":57},"_spriteFrame":{"__uuid__":"2dtMrh4SVFiZfQWOlx09YO@f9941"},"_sizeMode":0}],"_prefab":{"__type__":"cc.PrefabInfo","root":{"__id__":1},"asset":{"__id__":0},"fileId":"19POqinJNJgpDIg4C6KZV1","_synced":{"default":false,"serializable":false}},"_lpos":{"__type__":"cc.Vec3","x":26,"y":-26},"_layer":33554432},{"__type__":"cc.Node","_name":"isVip","_parent":{"__id__":56},"_components":[{"__type__":"cc.UITransform","node":{"__id__":58},"_contentSize":{"__type__":"cc.Size","width":48,"height":44}},{"__type__":"cc.Sprite","node":{"__id__":58},"_spriteFrame":{"__uuid__":"67UeHEu/FCv7RCHh8Jbt4F@f9941"}}],"_prefab":{"__type__":"cc.PrefabInfo","root":{"__id__":1},"asset":{"__id__":0},"fileId":"b1JQHiXOpC+5GUmjy7mnCF","_synced":{"default":false,"serializable":false}},"_lpos":{"__type__":"cc.Vec3","y":42},"_layer":33554432},{"__type__":"cc.Node","_name":"score","_parent":{"__id__":55},"_components":[{"__type__":"cc.UITransform","node":{"__id__":59},"_contentSize":{"__type__":"cc.Size","width":54.73,"height":75.6}},{"__type__":"cc.Label","node":{"__id__":59},"_string":"+0","_actualFontSize":48,"_fontSize":48,"_lineHeight":60}],"_prefab":{"__type__":"cc.PrefabInfo","root":{"__id__":1},"asset":{"__id__":0},"fileId":"5821F9ER1EpKdDGdrZxyRl","_synced":{"default":false,"serializable":false}},"_lpos":{"__type__":"cc.Vec3","x":140},"_lscale":{"__type__":"cc.Vec3","x":0.6,"y":0.6,"z":1},"_layer":33554432},{"__type__":"cc.Node","_name":"onceMore","_parent":{"__id__":55},"_active":false,"_components":[{"__type__":"cc.UITransform","node":{"__id__":60},"_contentSize":{"__type__":"cc.Size","width":120,"height":51}},{"__type__":"cc.Sprite","node":{"__id__":60},"_spriteFrame":{"__uuid__":"7cz+pWBGhEUJYX22WPc6ww@f9941"}},{"__type__":"cc.Widget","_name":"onceMore<Widget>","node":{"__id__":60},"_alignFlags":33,"_left":29,"_right":-56}],"_prefab":{"__type__":"cc.PrefabInfo","root":{"__id__":1},"asset":{"__id__":0},"fileId":"c87hZpA/hN34L+YT2uxOAV","_synced":{"default":false,"serializable":false}},"_lpos":{"__type__":"cc.Vec3","x":73,"y":44.599999999999994},"_lscale":{"__type__":"cc.Vec3","x":0.8,"y":0.8,"z":1},"_layer":33554432},{"__type__":"cc.Node","_name":"leave","_parent":{"__id__":55},"_active":false,"_components":[{"__type__":"cc.UITransform","node":{"__id__":61},"_contentSize":{"__type__":"cc.Size","width":120,"height":51}},{"__type__":"cc.Sprite","node":{"__id__":61},"_spriteFrame":{"__uuid__":"81tlL0UNFFopm2HaVP+wX0@f9941"}},{"__type__":"cc.Widget","_name":"onceMore<Widget>","node":{"__id__":61},"_alignFlags":33,"_left":29,"_right":-56}],"_prefab":{"__type__":"cc.PrefabInfo","root":{"__id__":1},"asset":{"__id__":0},"fileId":"dfzGpi1rlKT6g64ozKEC34","_synced":{"default":false,"serializable":false}},"_lpos":{"__type__":"cc.Vec3","x":73,"y":44.599999999999994},"_lscale":{"__type__":"cc.Vec3","x":0.8,"y":0.8,"z":1},"_layer":33554432},{"__type__":"cc.Node","_name":"offLine","_parent":{"__id__":55},"_active":false,"_components":[{"__type__":"cc.UITransform","node":{"__id__":62},"_contentSize":{"__type__":"cc.Size","width":108,"height":63}},{"__type__":"cc.Label","node":{"__id__":62},"_srcBlendFactor":1,"_string":"离线","_actualFontSize":54,"_fontSize":54,"_lineHeight":50},{"__type__":"cc.Widget","_name":"offLine<Widget>","node":{"__id__":62},"_alignFlags":18,"_verticalCenter":-2}],"_prefab":{"__type__":"cc.PrefabInfo","root":{"__id__":1},"asset":{"__id__":0},"fileId":"e96+Tf+dtHa4zCgV/G4yAn","_synced":{"default":false,"serializable":false}},"_lpos":{"__type__":"cc.Vec3","y":-2},"_lscale":{"__type__":"cc.Vec3","x":0.5,"y":0.5,"z":1},"_layer":33554432},{"__type__":"cc.Node","_name":"strengerBoard","_parent":{"__id__":3},"_children":[{"__id__":64},{"__id__":113}],"_active":false,"_components":[{"__type__":"cc.UITransform","node":{"__id__":63},"_contentSize":{"__type__":"cc.Size","width":640,"height":760}},{"__type__":"cc.Widget","_name":"strengerBoard<Widget>","node":{"__id__":63},"_alignFlags":45,"_originalWidth":100,"_originalHeight":100}],"_prefab":{"__type__":"cc.PrefabInfo","root":{"__id__":1},"asset":{"__id__":0},"fileId":"d1q2NL0c5LKYRUd8bhXJoD","_synced":{"default":false,"serializable":false}}},{"__type__":"cc.Node","_name":"players","_parent":{"__id__":63},"_children":[{"__id__":65},{"__id__":77},{"__id__":89},{"__id__":101}],"_components":[{"__type__":"cc.UITransform","node":{"__id__":64},"_contentSize":{"__type__":"cc.Size","width":640,"height":760}},{"__type__":"cc.Widget","_name":"players<Widget>","node":{"__id__":64},"_alignFlags":45,"_originalWidth":100,"_originalHeight":100}],"_prefab":{"__type__":"cc.PrefabInfo","root":{"__id__":1},"asset":{"__id__":0},"fileId":"37BJCGWxtJsoORaBlAGX4P","_synced":{"default":false,"serializable":false}}},{"__type__":"cc.Node","_name":"player1","_parent":{"__id__":64},"_children":[{"__id__":66},{"__id__":67},{"__id__":68},{"__id__":74},{"__id__":76}],"_components":[{"__type__":"cc.UITransform","node":{"__id__":65},"_contentSize":{"__type__":"cc.Size","width":620,"height":100}},{"__type__":"cc.Sprite","node":{"__id__":65},"_color":{"__type__":"cc.Color","r":255,"g":246,"b":237},"_spriteFrame":{"__uuid__":"6fkl6VpxhEdpqawV6+t60C@f9941"},"_sizeMode":0},{"__type__":"cc.Widget","_name":"player1<Widget>","node":{"__id__":65},"_alignFlags":42,"_left":10,"_right":10,"_verticalCenter":20,"_originalWidth":40}],"_prefab":{"__type__":"cc.PrefabInfo","root":{"__id__":1},"asset":{"__id__":0},"fileId":"cenEiT1EpLEJh51ygKs9wY","_synced":{"default":false,"serializable":false}},"_lpos":{"__type__":"cc.Vec3","y":20},"_layer":33554432},{"__type__":"cc.Node","_name":"TH","_parent":{"__id__":65},"_components":[{"__type__":"cc.UITransform","node":{"__id__":66},"_contentSize":{"__type__":"cc.Size","width":48,"height":48}},{"__type__":"cc.Sprite","node":{"__id__":66},"_spriteFrame":{"__uuid__":"aeK3PqYxdOa7cjV/eR6VhA@f9941"}},{"__type__":"cc.Widget","_name":"TH<Widget>","node":{"__id__":66},"_alignFlags":10,"_left":20}],"_prefab":{"__type__":"cc.PrefabInfo","root":{"__id__":1},"asset":{"__id__":0},"fileId":"e6j2GAG0ZBRpqv0yf9gKNw","_synced":{"default":false,"serializable":false}},"_lpos":{"__type__":"cc.Vec3","x":-266},"_layer":33554432},{"__type__":"cc.Node","_name":"avatar-bg","_parent":{"__id__":65},"_components":[{"__type__":"cc.UITransform","node":{"__id__":67},"_contentSize":{"__type__":"cc.Size","width":132,"height":132}},{"__type__":"cc.Sprite","node":{"__id__":67},"_spriteFrame":{"__uuid__":"3cPvkJX2xIrJ3GteFrlDJ+@f9941"}},{"__type__":"cc.Widget","node":{"__id__":67},"_alignFlags":8,"_left":64}],"_prefab":{"__type__":"cc.PrefabInfo","root":{"__id__":1},"asset":{"__id__":0},"fileId":"f6wwsPpSpI/6P9WbgW2vUo","_synced":{"default":false,"serializable":false}},"_lpos":{"__type__":"cc.Vec3","x":-180},"_layer":33554432},{"__type__":"cc.Node","_name":"avatar","_parent":{"__id__":65},"_children":[{"__id__":69},{"__id__":70},{"__id__":71},{"__id__":72},{"__id__":73}],"_components":[{"__type__":"cc.UITransform","node":{"__id__":68},"_contentSize":{"__type__":"cc.Size","width":80,"height":80}},{"__type__":"cc.Sprite","node":{"__id__":68},"_materials":[{"__uuid__":"femcRHb0hNMa473b21u7RL"}],"_spriteFrame":{"__uuid__":"b700qgl01Oz59r+MlGadVq@f9941"},"_sizeMode":0},{"__type__":"cc.Widget","_name":"avatar<Widget>","node":{"__id__":68},"_alignFlags":8,"_left":89.8},{"__type__":"62231BivyRLC6qStdnthPWc","node":{"__id__":68}}],"_prefab":{"__type__":"cc.PrefabInfo","root":{"__id__":1},"asset":{"__id__":0},"fileId":"a4r35V5r9JOb8mSEq8W98x","_synced":{"default":false,"serializable":false}},"_lpos":{"__type__":"cc.Vec3","x":-180.2},"_layer":33554432},{"__type__":"cc.Node","_name":"offLine","_parent":{"__id__":68},"_active":false,"_components":[{"__type__":"cc.UITransform","node":{"__id__":69},"_contentSize":{"__type__":"cc.Size","width":108,"height":63}},{"__type__":"cc.Label","node":{"__id__":69},"_srcBlendFactor":1,"_string":"离线","_actualFontSize":54,"_fontSize":54,"_lineHeight":50},{"__type__":"cc.Widget","_name":"offLine<Widget>","node":{"__id__":69},"_alignFlags":18,"_verticalCenter":-2}],"_prefab":{"__type__":"cc.PrefabInfo","root":{"__id__":1},"asset":{"__id__":0},"fileId":"53yZ6d+0pLI6dZV0cb/XYA","_synced":{"default":false,"serializable":false}},"_lpos":{"__type__":"cc.Vec3","y":-2},"_lscale":{"__type__":"cc.Vec3","x":0.5,"y":0.5,"z":1},"_layer":33554432},{"__type__":"cc.Node","_name":"leave","_parent":{"__id__":68},"_active":false,"_components":[{"__type__":"cc.UITransform","node":{"__id__":70},"_contentSize":{"__type__":"cc.Size","width":120,"height":51}},{"__type__":"cc.Sprite","node":{"__id__":70},"_spriteFrame":{"__uuid__":"81tlL0UNFFopm2HaVP+wX0@f9941"}},{"__type__":"cc.Widget","_name":"onceMore<Widget>","node":{"__id__":70},"_alignFlags":33,"_left":29,"_right":-88,"_top":-20}],"_prefab":{"__type__":"cc.PrefabInfo","root":{"__id__":1},"asset":{"__id__":0},"fileId":"20rrSeFU5FrYkuls8tu3OA","_synced":{"default":false,"serializable":false}},"_lpos":{"__type__":"cc.Vec3","x":80,"y":39.599999999999994},"_lscale":{"__type__":"cc.Vec3","x":0.8,"y":0.8,"z":1},"_layer":33554432},{"__type__":"cc.Node","_name":"onceMore","_parent":{"__id__":68},"_active":false,"_components":[{"__type__":"cc.UITransform","node":{"__id__":71},"_contentSize":{"__type__":"cc.Size","width":120,"height":51}},{"__type__":"cc.Sprite","node":{"__id__":71},"_spriteFrame":{"__uuid__":"7cz+pWBGhEUJYX22WPc6ww@f9941"}},{"__type__":"cc.Widget","_name":"onceMore<Widget>","node":{"__id__":71},"_alignFlags":33,"_left":29,"_right":-88,"_top":-20}],"_prefab":{"__type__":"cc.PrefabInfo","root":{"__id__":1},"asset":{"__id__":0},"fileId":"23X4n3E+pFH53zeThNVfss","_synced":{"default":false,"serializable":false}},"_lpos":{"__type__":"cc.Vec3","x":80,"y":39.599999999999994},"_lscale":{"__type__":"cc.Vec3","x":0.8,"y":0.8,"z":1},"_layer":33554432},{"__type__":"cc.Node","_name":"isVip","_parent":{"__id__":68},"_active":false,"_components":[{"__type__":"cc.UITransform","node":{"__id__":72},"_contentSize":{"__type__":"cc.Size","width":42,"height":36}},{"__type__":"cc.Sprite","node":{"__id__":72},"_spriteFrame":{"__uuid__":"67UeHEu/FCv7RCHh8Jbt4F@f9941"},"_sizeMode":0},{"__type__":"cc.Widget","_name":"isVip<Widget>","node":{"__id__":72},"_alignFlags":17,"_top":-22}],"_prefab":{"__type__":"cc.PrefabInfo","root":{"__id__":1},"asset":{"__id__":0},"fileId":"00S03fKgBNzLexxeYyXJu3","_synced":{"default":false,"serializable":false}},"_lpos":{"__type__":"cc.Vec3","y":44},"_layer":33554432},{"__type__":"cc.Node","_name":"gender","_parent":{"__id__":68},"_components":[{"__type__":"cc.UITransform","node":{"__id__":73},"_contentSize":{"__type__":"cc.Size","width":33,"height":32}},{"__type__":"cc.Sprite","node":{"__id__":73},"_spriteFrame":{"__uuid__":"e9+aPS0jdJ4IGgpgdNsJgC@f9941"},"_sizeMode":0},{"__type__":"cc.Widget","_name":"gender<Widget>","node":{"__id__":73},"_alignFlags":18,"_horizontalCenter":36,"_verticalCenter":-30}],"_prefab":{"__type__":"cc.PrefabInfo","root":{"__id__":1},"asset":{"__id__":0},"fileId":"826PMaX5NOrYnh1QWlMhVa","_synced":{"default":false,"serializable":false}},"_lpos":{"__type__":"cc.Vec3","x":36,"y":-30},"_layer":33554432},{"__type__":"cc.Node","_name":"nickName","_parent":{"__id__":65},"_children":[{"__id__":75}],"_components":[{"__type__":"cc.UITransform","node":{"__id__":74},"_contentSize":{"__type__":"cc.Size","width":224,"height":60},"_anchorPoint":{"__type__":"cc.Vec2"}},{"__type__":"cc.Label","node":{"__id__":74},"_color":{"__type__":"cc.Color","r":51,"g":51,"b":51},"_string":"六个字的","_actualFontSize":56,"_fontSize":56,"_lineHeight":60,"_cacheMode":2},{"__type__":"cc.Widget","_name":"nickName<Widget>","node":{"__id__":74},"_alignFlags":10,"_left":200,"_horizontalCenter":-30}],"_prefab":{"__type__":"cc.PrefabInfo","root":{"__id__":1},"asset":{"__id__":0},"fileId":"269bsmPNBDFLqCHqbwrVeS","_synced":{"default":false,"serializable":false}},"_lpos":{"__type__":"cc.Vec3","x":-110,"y":-15},"_lscale":{"__type__":"cc.Vec3","x":0.5,"y":0.5,"z":1},"_layer":33554432},{"__type__":"cc.Node","_name":"vip","_parent":{"__id__":74},"_active":false,"_components":[{"__type__":"cc.UITransform","node":{"__id__":75},"_contentSize":{"__type__":"cc.Size","width":92,"height":44}},{"__type__":"cc.Sprite","node":{"__id__":75},"_spriteFrame":{"__uuid__":"8567oGWhVF5rMALnaOpUFP@f9941"},"_sizeMode":0},{"__type__":"cc.Widget","_name":"vip<Widget>","node":{"__id__":75},"_alignFlags":34,"_right":-100}],"_prefab":{"__type__":"cc.PrefabInfo","root":{"__id__":1},"asset":{"__id__":0},"fileId":"3fDEVzn/BI/7CnCQNrWUuy","_synced":{"default":false,"serializable":false}},"_lpos":{"__type__":"cc.Vec3","x":222},"_layer":33554432},{"__type__":"cc.Node","_name":"score","_parent":{"__id__":65},"_components":[{"__type__":"cc.UITransform","node":{"__id__":76},"_contentSize":{"__type__":"cc.Size","width":87.14,"height":75.6}},{"__type__":"cc.Label","node":{"__id__":76},"_color":{"__type__":"cc.Color","r":51,"g":51,"b":51},"_string":"0分","_actualFontSize":56,"_fontSize":56,"_lineHeight":60},{"__type__":"cc.Widget","_name":"score<Widget>","node":{"__id__":76},"_alignFlags":34,"_right":20}],"_prefab":{"__type__":"cc.PrefabInfo","root":{"__id__":1},"asset":{"__id__":0},"fileId":"d0TcIDAdNF5r8+8GbwaOSv","_synced":{"default":false,"serializable":false}},"_lpos":{"__type__":"cc.Vec3","x":268.215},"_lscale":{"__type__":"cc.Vec3","x":0.5,"y":0.5,"z":1},"_layer":33554432},{"__type__":"cc.Node","_name":"player2","_parent":{"__id__":64},"_children":[{"__id__":78},{"__id__":79},{"__id__":80},{"__id__":86},{"__id__":88}],"_components":[{"__type__":"cc.UITransform","node":{"__id__":77},"_contentSize":{"__type__":"cc.Size","width":620,"height":100}},{"__type__":"cc.Sprite","node":{"__id__":77},"_spriteFrame":{"__uuid__":"6fkl6VpxhEdpqawV6+t60C@f9941"},"_sizeMode":0},{"__type__":"cc.Widget","_name":"player1<Widget>","node":{"__id__":77},"_alignFlags":42,"_left":10,"_right":10,"_verticalCenter":-80,"_originalWidth":40}],"_prefab":{"__type__":"cc.PrefabInfo","root":{"__id__":1},"asset":{"__id__":0},"fileId":"4bDW6Gth9PZqhduiB/BkZ2","_synced":{"default":false,"serializable":false}},"_lpos":{"__type__":"cc.Vec3","y":-80},"_layer":33554432},{"__type__":"cc.Node","_name":"TH","_parent":{"__id__":77},"_components":[{"__type__":"cc.UITransform","node":{"__id__":78},"_contentSize":{"__type__":"cc.Size","width":48,"height":48}},{"__type__":"cc.Sprite","node":{"__id__":78},"_spriteFrame":{"__uuid__":"1cbqnEzE1NooYrBJ88XLws@f9941"}},{"__type__":"cc.Widget","_name":"TH<Widget>","node":{"__id__":78},"_alignFlags":10,"_left":20}],"_prefab":{"__type__":"cc.PrefabInfo","root":{"__id__":1},"asset":{"__id__":0},"fileId":"e0O2m04IpLHbNfZtYt34RV","_synced":{"default":false,"serializable":false}},"_lpos":{"__type__":"cc.Vec3","x":-266},"_layer":33554432},{"__type__":"cc.Node","_name":"avatar-bg","_parent":{"__id__":77},"_components":[{"__type__":"cc.UITransform","node":{"__id__":79},"_contentSize":{"__type__":"cc.Size","width":132,"height":132}},{"__type__":"cc.Sprite","node":{"__id__":79},"_spriteFrame":{"__uuid__":"3cPvkJX2xIrJ3GteFrlDJ+@f9941"}},{"__type__":"cc.Widget","node":{"__id__":79},"_alignFlags":8,"_left":64}],"_prefab":{"__type__":"cc.PrefabInfo","root":{"__id__":1},"asset":{"__id__":0},"fileId":"07Wdb+19JEuoFglp9R0mPD","_synced":{"default":false,"serializable":false}},"_lpos":{"__type__":"cc.Vec3","x":-180},"_layer":33554432},{"__type__":"cc.Node","_name":"avatar","_parent":{"__id__":77},"_children":[{"__id__":81},{"__id__":82},{"__id__":83},{"__id__":84},{"__id__":85}],"_components":[{"__type__":"cc.UITransform","node":{"__id__":80},"_contentSize":{"__type__":"cc.Size","width":80,"height":80}},{"__type__":"cc.Sprite","node":{"__id__":80},"_materials":[{"__uuid__":"femcRHb0hNMa473b21u7RL"}],"_spriteFrame":{"__uuid__":"b700qgl01Oz59r+MlGadVq@f9941"},"_sizeMode":0},{"__type__":"cc.Widget","_name":"avatar<Widget>","node":{"__id__":80},"_alignFlags":8,"_left":89.8},{"__type__":"62231BivyRLC6qStdnthPWc","node":{"__id__":80}}],"_prefab":{"__type__":"cc.PrefabInfo","root":{"__id__":1},"asset":{"__id__":0},"fileId":"3d2dwI2XVEErH2RJrQDHOQ","_synced":{"default":false,"serializable":false}},"_lpos":{"__type__":"cc.Vec3","x":-180.2},"_layer":33554432},{"__type__":"cc.Node","_name":"offLine","_parent":{"__id__":80},"_active":false,"_components":[{"__type__":"cc.UITransform","node":{"__id__":81},"_contentSize":{"__type__":"cc.Size","width":108,"height":63}},{"__type__":"cc.Label","node":{"__id__":81},"_srcBlendFactor":1,"_string":"离线","_actualFontSize":54,"_fontSize":54,"_lineHeight":50},{"__type__":"cc.Widget","_name":"offLine<Widget>","node":{"__id__":81},"_alignFlags":18,"_verticalCenter":-2}],"_prefab":{"__type__":"cc.PrefabInfo","root":{"__id__":1},"asset":{"__id__":0},"fileId":"cbSwi62adE+YPnB0xCroQD","_synced":{"default":false,"serializable":false}},"_lpos":{"__type__":"cc.Vec3","y":-2},"_lscale":{"__type__":"cc.Vec3","x":0.5,"y":0.5,"z":1},"_layer":33554432},{"__type__":"cc.Node","_name":"leave","_parent":{"__id__":80},"_active":false,"_components":[{"__type__":"cc.UITransform","node":{"__id__":82},"_contentSize":{"__type__":"cc.Size","width":120,"height":51}},{"__type__":"cc.Sprite","node":{"__id__":82},"_spriteFrame":{"__uuid__":"81tlL0UNFFopm2HaVP+wX0@f9941"}},{"__type__":"cc.Widget","_name":"onceMore<Widget>","node":{"__id__":82},"_alignFlags":33,"_left":29,"_right":-88,"_top":-20}],"_prefab":{"__type__":"cc.PrefabInfo","root":{"__id__":1},"asset":{"__id__":0},"fileId":"a6D+WuyFBCgqILHPa9D3ay","_synced":{"default":false,"serializable":false}},"_lpos":{"__type__":"cc.Vec3","x":80,"y":39.599999999999994},"_lscale":{"__type__":"cc.Vec3","x":0.8,"y":0.8,"z":1},"_layer":33554432},{"__type__":"cc.Node","_name":"onceMore","_parent":{"__id__":80},"_active":false,"_components":[{"__type__":"cc.UITransform","node":{"__id__":83},"_contentSize":{"__type__":"cc.Size","width":120,"height":51}},{"__type__":"cc.Sprite","node":{"__id__":83},"_spriteFrame":{"__uuid__":"7cz+pWBGhEUJYX22WPc6ww@f9941"}},{"__type__":"cc.Widget","_name":"onceMore<Widget>","node":{"__id__":83},"_alignFlags":33,"_left":29,"_right":-88,"_top":-20}],"_prefab":{"__type__":"cc.PrefabInfo","root":{"__id__":1},"asset":{"__id__":0},"fileId":"c8J4Tgwu9NZ4M7ejfdPz+R","_synced":{"default":false,"serializable":false}},"_lpos":{"__type__":"cc.Vec3","x":80,"y":39.599999999999994},"_lscale":{"__type__":"cc.Vec3","x":0.8,"y":0.8,"z":1},"_layer":33554432},{"__type__":"cc.Node","_name":"isVip","_parent":{"__id__":80},"_active":false,"_components":[{"__type__":"cc.UITransform","node":{"__id__":84},"_contentSize":{"__type__":"cc.Size","width":42,"height":36}},{"__type__":"cc.Sprite","node":{"__id__":84},"_spriteFrame":{"__uuid__":"67UeHEu/FCv7RCHh8Jbt4F@f9941"},"_sizeMode":0},{"__type__":"cc.Widget","_name":"isVip<Widget>","node":{"__id__":84},"_alignFlags":17,"_top":-22}],"_prefab":{"__type__":"cc.PrefabInfo","root":{"__id__":1},"asset":{"__id__":0},"fileId":"ceaCPkm8FKs762o08hmfcM","_synced":{"default":false,"serializable":false}},"_lpos":{"__type__":"cc.Vec3","y":44},"_layer":33554432},{"__type__":"cc.Node","_name":"gender","_parent":{"__id__":80},"_components":[{"__type__":"cc.UITransform","node":{"__id__":85},"_contentSize":{"__type__":"cc.Size","width":33,"height":32}},{"__type__":"cc.Sprite","node":{"__id__":85},"_spriteFrame":{"__uuid__":"e9+aPS0jdJ4IGgpgdNsJgC@f9941"},"_sizeMode":0},{"__type__":"cc.Widget","_name":"gender<Widget>","node":{"__id__":85},"_alignFlags":18,"_horizontalCenter":36,"_verticalCenter":-30}],"_prefab":{"__type__":"cc.PrefabInfo","root":{"__id__":1},"asset":{"__id__":0},"fileId":"00UyCS3hRNUbFCEfIKImiS","_synced":{"default":false,"serializable":false}},"_lpos":{"__type__":"cc.Vec3","x":36,"y":-30},"_layer":33554432},{"__type__":"cc.Node","_name":"nickName","_parent":{"__id__":77},"_children":[{"__id__":87}],"_components":[{"__type__":"cc.UITransform","node":{"__id__":86},"_contentSize":{"__type__":"cc.Size","width":336,"height":60},"_anchorPoint":{"__type__":"cc.Vec2"}},{"__type__":"cc.Label","node":{"__id__":86},"_color":{"__type__":"cc.Color","r":51,"g":51,"b":51},"_string":"六个字的昵称","_actualFontSize":56,"_fontSize":56,"_lineHeight":60,"_cacheMode":2},{"__type__":"cc.Widget","_name":"nickName<Widget>","node":{"__id__":86},"_alignFlags":10,"_left":200,"_horizontalCenter":-30}],"_prefab":{"__type__":"cc.PrefabInfo","root":{"__id__":1},"asset":{"__id__":0},"fileId":"46K1rjd4BK75nCyFN9ocp4","_synced":{"default":false,"serializable":false}},"_lpos":{"__type__":"cc.Vec3","x":-110,"y":-15},"_lscale":{"__type__":"cc.Vec3","x":0.5,"y":0.5,"z":1},"_layer":33554432},{"__type__":"cc.Node","_name":"vip","_parent":{"__id__":86},"_active":false,"_components":[{"__type__":"cc.UITransform","node":{"__id__":87},"_contentSize":{"__type__":"cc.Size","width":92,"height":44}},{"__type__":"cc.Sprite","node":{"__id__":87},"_spriteFrame":{"__uuid__":"8567oGWhVF5rMALnaOpUFP@f9941"},"_sizeMode":0},{"__type__":"cc.Widget","_name":"vip<Widget>","node":{"__id__":87},"_alignFlags":34,"_right":-100}],"_prefab":{"__type__":"cc.PrefabInfo","root":{"__id__":1},"asset":{"__id__":0},"fileId":"16U7o3N25JIJTEB5jgIoaC","_synced":{"default":false,"serializable":false}},"_lpos":{"__type__":"cc.Vec3","x":222},"_layer":33554432},{"__type__":"cc.Node","_name":"score","_parent":{"__id__":77},"_components":[{"__type__":"cc.UITransform","node":{"__id__":88},"_contentSize":{"__type__":"cc.Size","width":87.14,"height":75.6}},{"__type__":"cc.Label","node":{"__id__":88},"_color":{"__type__":"cc.Color","r":51,"g":51,"b":51},"_string":"0分","_actualFontSize":56,"_fontSize":56,"_lineHeight":60},{"__type__":"cc.Widget","_name":"score<Widget>","node":{"__id__":88},"_alignFlags":34,"_right":20}],"_prefab":{"__type__":"cc.PrefabInfo","root":{"__id__":1},"asset":{"__id__":0},"fileId":"36SUesoMVFR5aZibAHNj6w","_synced":{"default":false,"serializable":false}},"_lpos":{"__type__":"cc.Vec3","x":268.215},"_lscale":{"__type__":"cc.Vec3","x":0.5,"y":0.5,"z":1},"_layer":33554432},{"__type__":"cc.Node","_name":"player3","_parent":{"__id__":64},"_children":[{"__id__":90},{"__id__":91},{"__id__":92},{"__id__":98},{"__id__":100}],"_components":[{"__type__":"cc.UITransform","node":{"__id__":89},"_contentSize":{"__type__":"cc.Size","width":620,"height":100}},{"__type__":"cc.Sprite","node":{"__id__":89},"_spriteFrame":{"__uuid__":"6fkl6VpxhEdpqawV6+t60C@f9941"},"_sizeMode":0},{"__type__":"cc.Widget","_name":"player1<Widget>","node":{"__id__":89},"_alignFlags":42,"_left":10,"_right":10,"_verticalCenter":-180,"_originalWidth":40}],"_prefab":{"__type__":"cc.PrefabInfo","root":{"__id__":1},"asset":{"__id__":0},"fileId":"a8ou6dlKVK45KAZOddtv71","_synced":{"default":false,"serializable":false}},"_lpos":{"__type__":"cc.Vec3","y":-180},"_layer":33554432},{"__type__":"cc.Node","_name":"TH","_parent":{"__id__":89},"_components":[{"__type__":"cc.UITransform","node":{"__id__":90},"_contentSize":{"__type__":"cc.Size","width":48,"height":48}},{"__type__":"cc.Sprite","node":{"__id__":90},"_spriteFrame":{"__uuid__":"3cUlstFcNHnrb9CefqFvQ/@f9941"}},{"__type__":"cc.Widget","_name":"TH<Widget>","node":{"__id__":90},"_alignFlags":10,"_left":20}],"_prefab":{"__type__":"cc.PrefabInfo","root":{"__id__":1},"asset":{"__id__":0},"fileId":"0bJCQ0Cv9KEac3plZe/hho","_synced":{"default":false,"serializable":false}},"_lpos":{"__type__":"cc.Vec3","x":-266},"_layer":33554432},{"__type__":"cc.Node","_name":"avatar-bg","_parent":{"__id__":89},"_components":[{"__type__":"cc.UITransform","node":{"__id__":91},"_contentSize":{"__type__":"cc.Size","width":132,"height":132}},{"__type__":"cc.Sprite","node":{"__id__":91},"_spriteFrame":{"__uuid__":"3cPvkJX2xIrJ3GteFrlDJ+@f9941"}},{"__type__":"cc.Widget","node":{"__id__":91},"_alignFlags":8,"_left":64}],"_prefab":{"__type__":"cc.PrefabInfo","root":{"__id__":1},"asset":{"__id__":0},"fileId":"22XfQMoXhAfKdxdrsuJyus","_synced":{"default":false,"serializable":false}},"_lpos":{"__type__":"cc.Vec3","x":-180},"_layer":33554432},{"__type__":"cc.Node","_name":"avatar","_parent":{"__id__":89},"_children":[{"__id__":93},{"__id__":94},{"__id__":95},{"__id__":96},{"__id__":97}],"_components":[{"__type__":"cc.UITransform","node":{"__id__":92},"_contentSize":{"__type__":"cc.Size","width":80,"height":80}},{"__type__":"cc.Sprite","node":{"__id__":92},"_materials":[{"__uuid__":"femcRHb0hNMa473b21u7RL"}],"_spriteFrame":{"__uuid__":"b700qgl01Oz59r+MlGadVq@f9941"},"_sizeMode":0},{"__type__":"cc.Widget","_name":"avatar<Widget>","node":{"__id__":92},"_alignFlags":8,"_left":89.8},{"__type__":"62231BivyRLC6qStdnthPWc","node":{"__id__":92}}],"_prefab":{"__type__":"cc.PrefabInfo","root":{"__id__":1},"asset":{"__id__":0},"fileId":"76MgVLSehIJ5eLv2DFx7Oq","_synced":{"default":false,"serializable":false}},"_lpos":{"__type__":"cc.Vec3","x":-180.2},"_layer":33554432},{"__type__":"cc.Node","_name":"offLine","_parent":{"__id__":92},"_active":false,"_components":[{"__type__":"cc.UITransform","node":{"__id__":93},"_contentSize":{"__type__":"cc.Size","width":108,"height":63}},{"__type__":"cc.Label","node":{"__id__":93},"_srcBlendFactor":1,"_string":"离线","_actualFontSize":54,"_fontSize":54,"_lineHeight":50},{"__type__":"cc.Widget","_name":"offLine<Widget>","node":{"__id__":93},"_alignFlags":18,"_verticalCenter":-2}],"_prefab":{"__type__":"cc.PrefabInfo","root":{"__id__":1},"asset":{"__id__":0},"fileId":"d4K8Tj1qdIB7jiu646oq4r","_synced":{"default":false,"serializable":false}},"_lpos":{"__type__":"cc.Vec3","y":-2},"_lscale":{"__type__":"cc.Vec3","x":0.5,"y":0.5,"z":1},"_layer":33554432},{"__type__":"cc.Node","_name":"leave","_parent":{"__id__":92},"_active":false,"_components":[{"__type__":"cc.UITransform","node":{"__id__":94},"_contentSize":{"__type__":"cc.Size","width":120,"height":51}},{"__type__":"cc.Sprite","node":{"__id__":94},"_spriteFrame":{"__uuid__":"81tlL0UNFFopm2HaVP+wX0@f9941"}},{"__type__":"cc.Widget","_name":"onceMore<Widget>","node":{"__id__":94},"_alignFlags":33,"_left":29,"_right":-88,"_top":-20}],"_prefab":{"__type__":"cc.PrefabInfo","root":{"__id__":1},"asset":{"__id__":0},"fileId":"acUsIn0F1MRYaQH2LE4xnZ","_synced":{"default":false,"serializable":false}},"_lpos":{"__type__":"cc.Vec3","x":80,"y":39.599999999999994},"_lscale":{"__type__":"cc.Vec3","x":0.8,"y":0.8,"z":1},"_layer":33554432},{"__type__":"cc.Node","_name":"onceMore","_parent":{"__id__":92},"_active":false,"_components":[{"__type__":"cc.UITransform","node":{"__id__":95},"_contentSize":{"__type__":"cc.Size","width":120,"height":51}},{"__type__":"cc.Sprite","node":{"__id__":95},"_spriteFrame":{"__uuid__":"7cz+pWBGhEUJYX22WPc6ww@f9941"}},{"__type__":"cc.Widget","_name":"onceMore<Widget>","node":{"__id__":95},"_alignFlags":33,"_left":29,"_right":-88,"_top":-20}],"_prefab":{"__type__":"cc.PrefabInfo","root":{"__id__":1},"asset":{"__id__":0},"fileId":"ecGFczxQdMsbjgle5qzjW0","_synced":{"default":false,"serializable":false}},"_lpos":{"__type__":"cc.Vec3","x":80,"y":39.599999999999994},"_lscale":{"__type__":"cc.Vec3","x":0.8,"y":0.8,"z":1},"_layer":33554432},{"__type__":"cc.Node","_name":"isVip","_parent":{"__id__":92},"_active":false,"_components":[{"__type__":"cc.UITransform","node":{"__id__":96},"_contentSize":{"__type__":"cc.Size","width":42,"height":36}},{"__type__":"cc.Sprite","node":{"__id__":96},"_spriteFrame":{"__uuid__":"67UeHEu/FCv7RCHh8Jbt4F@f9941"},"_sizeMode":0},{"__type__":"cc.Widget","_name":"isVip<Widget>","node":{"__id__":96},"_alignFlags":17,"_top":-22}],"_prefab":{"__type__":"cc.PrefabInfo","root":{"__id__":1},"asset":{"__id__":0},"fileId":"d0iuiMeIRArZWHUSfSEz+W","_synced":{"default":false,"serializable":false}},"_lpos":{"__type__":"cc.Vec3","y":44},"_layer":33554432},{"__type__":"cc.Node","_name":"gender","_parent":{"__id__":92},"_components":[{"__type__":"cc.UITransform","node":{"__id__":97},"_contentSize":{"__type__":"cc.Size","width":33,"height":32}},{"__type__":"cc.Sprite","node":{"__id__":97},"_spriteFrame":{"__uuid__":"e9+aPS0jdJ4IGgpgdNsJgC@f9941"},"_sizeMode":0},{"__type__":"cc.Widget","_name":"gender<Widget>","node":{"__id__":97},"_alignFlags":18,"_horizontalCenter":36,"_verticalCenter":-30}],"_prefab":{"__type__":"cc.PrefabInfo","root":{"__id__":1},"asset":{"__id__":0},"fileId":"7b4QkugV5JMZLt4mrzfM20","_synced":{"default":false,"serializable":false}},"_lpos":{"__type__":"cc.Vec3","x":36,"y":-30},"_layer":33554432},{"__type__":"cc.Node","_name":"nickName","_parent":{"__id__":89},"_children":[{"__id__":99}],"_components":[{"__type__":"cc.UITransform","node":{"__id__":98},"_contentSize":{"__type__":"cc.Size","width":336,"height":60},"_anchorPoint":{"__type__":"cc.Vec2"}},{"__type__":"cc.Label","node":{"__id__":98},"_color":{"__type__":"cc.Color","r":51,"g":51,"b":51},"_string":"六个字的昵称","_actualFontSize":56,"_fontSize":56,"_lineHeight":60,"_cacheMode":2},{"__type__":"cc.Widget","_name":"nickName<Widget>","node":{"__id__":98},"_alignFlags":10,"_left":200,"_horizontalCenter":-30}],"_prefab":{"__type__":"cc.PrefabInfo","root":{"__id__":1},"asset":{"__id__":0},"fileId":"49oo4SJH9Nv44W8n6kWxde","_synced":{"default":false,"serializable":false}},"_lpos":{"__type__":"cc.Vec3","x":-110,"y":-15},"_lscale":{"__type__":"cc.Vec3","x":0.5,"y":0.5,"z":1},"_layer":33554432},{"__type__":"cc.Node","_name":"vip","_parent":{"__id__":98},"_active":false,"_components":[{"__type__":"cc.UITransform","node":{"__id__":99},"_contentSize":{"__type__":"cc.Size","width":92,"height":44}},{"__type__":"cc.Sprite","node":{"__id__":99},"_spriteFrame":{"__uuid__":"8567oGWhVF5rMALnaOpUFP@f9941"},"_sizeMode":0},{"__type__":"cc.Widget","_name":"vip<Widget>","node":{"__id__":99},"_alignFlags":34,"_right":-100}],"_prefab":{"__type__":"cc.PrefabInfo","root":{"__id__":1},"asset":{"__id__":0},"fileId":"8cc3ig1UVHtrVpEhDaAukW","_synced":{"default":false,"serializable":false}},"_lpos":{"__type__":"cc.Vec3","x":222},"_layer":33554432},{"__type__":"cc.Node","_name":"score","_parent":{"__id__":89},"_components":[{"__type__":"cc.UITransform","node":{"__id__":100},"_contentSize":{"__type__":"cc.Size","width":87.14,"height":75.6}},{"__type__":"cc.Label","node":{"__id__":100},"_color":{"__type__":"cc.Color","r":51,"g":51,"b":51},"_string":"0分","_actualFontSize":56,"_fontSize":56,"_lineHeight":60},{"__type__":"cc.Widget","_name":"score<Widget>","node":{"__id__":100},"_alignFlags":34,"_right":20}],"_prefab":{"__type__":"cc.PrefabInfo","root":{"__id__":1},"asset":{"__id__":0},"fileId":"01yh13jfdLzrLxRWBrWdb2","_synced":{"default":false,"serializable":false}},"_lpos":{"__type__":"cc.Vec3","x":268.215},"_lscale":{"__type__":"cc.Vec3","x":0.5,"y":0.5,"z":1},"_layer":33554432},{"__type__":"cc.Node","_name":"player4","_parent":{"__id__":64},"_children":[{"__id__":102},{"__id__":103},{"__id__":104},{"__id__":110},{"__id__":112}],"_components":[{"__type__":"cc.UITransform","node":{"__id__":101},"_contentSize":{"__type__":"cc.Size","width":620,"height":100}},{"__type__":"cc.Sprite","node":{"__id__":101},"_spriteFrame":{"__uuid__":"6fkl6VpxhEdpqawV6+t60C@f9941"},"_sizeMode":0},{"__type__":"cc.Widget","_name":"player1<Widget>","node":{"__id__":101},"_alignFlags":42,"_left":10,"_right":10,"_verticalCenter":-280,"_originalWidth":40}],"_prefab":{"__type__":"cc.PrefabInfo","root":{"__id__":1},"asset":{"__id__":0},"fileId":"ebkmIqf+tAQpm1yZ11L0Ny","_synced":{"default":false,"serializable":false}},"_lpos":{"__type__":"cc.Vec3","y":-280},"_layer":33554432},{"__type__":"cc.Node","_name":"TH","_parent":{"__id__":101},"_components":[{"__type__":"cc.UITransform","node":{"__id__":102},"_contentSize":{"__type__":"cc.Size","width":48,"height":48}},{"__type__":"cc.Sprite","node":{"__id__":102},"_spriteFrame":{"__uuid__":"d1g2eRoUJGj6IL6UhY2tcc@f9941"}},{"__type__":"cc.Widget","_name":"TH<Widget>","node":{"__id__":102},"_alignFlags":10,"_left":20}],"_prefab":{"__type__":"cc.PrefabInfo","root":{"__id__":1},"asset":{"__id__":0},"fileId":"1eoI99MVhLNrFfX68DcZki","_synced":{"default":false,"serializable":false}},"_lpos":{"__type__":"cc.Vec3","x":-266},"_layer":33554432},{"__type__":"cc.Node","_name":"avatar-bg","_parent":{"__id__":101},"_components":[{"__type__":"cc.UITransform","node":{"__id__":103},"_contentSize":{"__type__":"cc.Size","width":132,"height":132}},{"__type__":"cc.Sprite","node":{"__id__":103},"_spriteFrame":{"__uuid__":"3cPvkJX2xIrJ3GteFrlDJ+@f9941"}},{"__type__":"cc.Widget","node":{"__id__":103},"_alignFlags":8,"_left":64}],"_prefab":{"__type__":"cc.PrefabInfo","root":{"__id__":1},"asset":{"__id__":0},"fileId":"a1ihV6vANLNaSHf2czpAhI","_synced":{"default":false,"serializable":false}},"_lpos":{"__type__":"cc.Vec3","x":-180},"_layer":33554432},{"__type__":"cc.Node","_name":"avatar","_parent":{"__id__":101},"_children":[{"__id__":105},{"__id__":106},{"__id__":107},{"__id__":108},{"__id__":109}],"_components":[{"__type__":"cc.UITransform","node":{"__id__":104},"_contentSize":{"__type__":"cc.Size","width":80,"height":80}},{"__type__":"cc.Sprite","node":{"__id__":104},"_materials":[{"__uuid__":"femcRHb0hNMa473b21u7RL"}],"_spriteFrame":{"__uuid__":"b700qgl01Oz59r+MlGadVq@f9941"},"_sizeMode":0},{"__type__":"cc.Widget","_name":"avatar<Widget>","node":{"__id__":104},"_alignFlags":8,"_left":89.8},{"__type__":"62231BivyRLC6qStdnthPWc","node":{"__id__":104}}],"_prefab":{"__type__":"cc.PrefabInfo","root":{"__id__":1},"asset":{"__id__":0},"fileId":"1a25Lhme9Gt6GwJ03Ya0CR","_synced":{"default":false,"serializable":false}},"_lpos":{"__type__":"cc.Vec3","x":-180.2},"_layer":33554432},{"__type__":"cc.Node","_name":"offLine","_parent":{"__id__":104},"_active":false,"_components":[{"__type__":"cc.UITransform","node":{"__id__":105},"_contentSize":{"__type__":"cc.Size","width":108,"height":63}},{"__type__":"cc.Label","node":{"__id__":105},"_srcBlendFactor":1,"_string":"离线","_actualFontSize":54,"_fontSize":54,"_lineHeight":50},{"__type__":"cc.Widget","_name":"offLine<Widget>","node":{"__id__":105},"_alignFlags":18,"_verticalCenter":-2}],"_prefab":{"__type__":"cc.PrefabInfo","root":{"__id__":1},"asset":{"__id__":0},"fileId":"9eBvu1Mz1EiJwAq8Wej/Me","_synced":{"default":false,"serializable":false}},"_lpos":{"__type__":"cc.Vec3","y":-2},"_lscale":{"__type__":"cc.Vec3","x":0.5,"y":0.5,"z":1},"_layer":33554432},{"__type__":"cc.Node","_name":"leave","_parent":{"__id__":104},"_active":false,"_components":[{"__type__":"cc.UITransform","node":{"__id__":106},"_contentSize":{"__type__":"cc.Size","width":120,"height":51}},{"__type__":"cc.Sprite","node":{"__id__":106},"_spriteFrame":{"__uuid__":"81tlL0UNFFopm2HaVP+wX0@f9941"}},{"__type__":"cc.Widget","_name":"onceMore<Widget>","node":{"__id__":106},"_alignFlags":33,"_left":29,"_right":-88,"_top":-20}],"_prefab":{"__type__":"cc.PrefabInfo","root":{"__id__":1},"asset":{"__id__":0},"fileId":"31xv2j6NxPwpoQFHMagbts","_synced":{"default":false,"serializable":false}},"_lpos":{"__type__":"cc.Vec3","x":80,"y":39.599999999999994},"_lscale":{"__type__":"cc.Vec3","x":0.8,"y":0.8,"z":1},"_layer":33554432},{"__type__":"cc.Node","_name":"onceMore","_parent":{"__id__":104},"_active":false,"_components":[{"__type__":"cc.UITransform","node":{"__id__":107},"_contentSize":{"__type__":"cc.Size","width":120,"height":51}},{"__type__":"cc.Sprite","node":{"__id__":107},"_spriteFrame":{"__uuid__":"7cz+pWBGhEUJYX22WPc6ww@f9941"}},{"__type__":"cc.Widget","_name":"onceMore<Widget>","node":{"__id__":107},"_alignFlags":33,"_left":29,"_right":-88,"_top":-20}],"_prefab":{"__type__":"cc.PrefabInfo","root":{"__id__":1},"asset":{"__id__":0},"fileId":"85WKsZMfNF0oPFQv+LjUdx","_synced":{"default":false,"serializable":false}},"_lpos":{"__type__":"cc.Vec3","x":80,"y":39.599999999999994},"_lscale":{"__type__":"cc.Vec3","x":0.8,"y":0.8,"z":1},"_layer":33554432},{"__type__":"cc.Node","_name":"isVip","_parent":{"__id__":104},"_active":false,"_components":[{"__type__":"cc.UITransform","node":{"__id__":108},"_contentSize":{"__type__":"cc.Size","width":42,"height":36}},{"__type__":"cc.Sprite","node":{"__id__":108},"_spriteFrame":{"__uuid__":"67UeHEu/FCv7RCHh8Jbt4F@f9941"},"_sizeMode":0},{"__type__":"cc.Widget","_name":"isVip<Widget>","node":{"__id__":108},"_alignFlags":17,"_top":-22}],"_prefab":{"__type__":"cc.PrefabInfo","root":{"__id__":1},"asset":{"__id__":0},"fileId":"ebA7TYanZC/r3HFPs2elMo","_synced":{"default":false,"serializable":false}},"_lpos":{"__type__":"cc.Vec3","y":44},"_layer":33554432},{"__type__":"cc.Node","_name":"gender","_parent":{"__id__":104},"_components":[{"__type__":"cc.UITransform","node":{"__id__":109},"_contentSize":{"__type__":"cc.Size","width":33,"height":32}},{"__type__":"cc.Sprite","node":{"__id__":109},"_spriteFrame":{"__uuid__":"e9+aPS0jdJ4IGgpgdNsJgC@f9941"},"_sizeMode":0},{"__type__":"cc.Widget","_name":"gender<Widget>","node":{"__id__":109},"_alignFlags":18,"_horizontalCenter":36,"_verticalCenter":-30}],"_prefab":{"__type__":"cc.PrefabInfo","root":{"__id__":1},"asset":{"__id__":0},"fileId":"8fnEADpRhDPZ0+ixSbhX8F","_synced":{"default":false,"serializable":false}},"_lpos":{"__type__":"cc.Vec3","x":36,"y":-30},"_layer":33554432},{"__type__":"cc.Node","_name":"nickName","_parent":{"__id__":101},"_children":[{"__id__":111}],"_components":[{"__type__":"cc.UITransform","node":{"__id__":110},"_contentSize":{"__type__":"cc.Size","width":168,"height":60},"_anchorPoint":{"__type__":"cc.Vec2"}},{"__type__":"cc.Label","node":{"__id__":110},"_color":{"__type__":"cc.Color","r":51,"g":51,"b":51},"_string":"六个字","_actualFontSize":56,"_fontSize":56,"_lineHeight":60,"_cacheMode":2},{"__type__":"cc.Widget","_name":"nickName<Widget>","node":{"__id__":110},"_alignFlags":10,"_left":200,"_horizontalCenter":-30}],"_prefab":{"__type__":"cc.PrefabInfo","root":{"__id__":1},"asset":{"__id__":0},"fileId":"09s4TLfvpCtKZwMHe9/puH","_synced":{"default":false,"serializable":false}},"_lpos":{"__type__":"cc.Vec3","x":-110,"y":-15},"_lscale":{"__type__":"cc.Vec3","x":0.5,"y":0.5,"z":1},"_layer":33554432},{"__type__":"cc.Node","_name":"vip","_parent":{"__id__":110},"_active":false,"_components":[{"__type__":"cc.UITransform","node":{"__id__":111},"_contentSize":{"__type__":"cc.Size","width":92,"height":44}},{"__type__":"cc.Sprite","node":{"__id__":111},"_spriteFrame":{"__uuid__":"8567oGWhVF5rMALnaOpUFP@f9941"},"_sizeMode":0},{"__type__":"cc.Widget","_name":"vip<Widget>","node":{"__id__":111},"_alignFlags":34,"_right":-100}],"_prefab":{"__type__":"cc.PrefabInfo","root":{"__id__":1},"asset":{"__id__":0},"fileId":"27X2y0/N9KaKmjcOYGngtp","_synced":{"default":false,"serializable":false}},"_lpos":{"__type__":"cc.Vec3","x":222},"_layer":33554432},{"__type__":"cc.Node","_name":"score","_parent":{"__id__":101},"_components":[{"__type__":"cc.UITransform","node":{"__id__":112},"_contentSize":{"__type__":"cc.Size","width":87.14,"height":75.6}},{"__type__":"cc.Label","node":{"__id__":112},"_color":{"__type__":"cc.Color","r":51,"g":51,"b":51},"_string":"0分","_actualFontSize":56,"_fontSize":56,"_lineHeight":60},{"__type__":"cc.Widget","_name":"score<Widget>","node":{"__id__":112},"_alignFlags":34,"_right":20}],"_prefab":{"__type__":"cc.PrefabInfo","root":{"__id__":1},"asset":{"__id__":0},"fileId":"3aVYXal3hGXoJxxrQvkAgz","_synced":{"default":false,"serializable":false}},"_lpos":{"__type__":"cc.Vec3","x":268.215},"_lscale":{"__type__":"cc.Vec3","x":0.5,"y":0.5,"z":1},"_layer":33554432},{"__type__":"cc.Node","_name":"top","_parent":{"__id__":63},"_children":[{"__id__":114},{"__id__":122},{"__id__":129}],"_components":[{"__type__":"cc.UITransform","node":{"__id__":113},"_contentSize":{"__type__":"cc.Size","width":640,"height":100}},{"__type__":"cc.Widget","_name":"top<Widget>","node":{"__id__":113},"_alignFlags":41,"_top":150,"_originalWidth":100}],"_prefab":{"__type__":"cc.PrefabInfo","root":{"__id__":1},"asset":{"__id__":0},"fileId":"79XB0Ijk1KaK7+rQjI/37v","_synced":{"default":false,"serializable":false}},"_lpos":{"__type__":"cc.Vec3","y":180}},{"__type__":"cc.Node","_name":"scoreBar","_parent":{"__id__":113},"_children":[{"__id__":115},{"__id__":118},{"__id__":119},{"__id__":120},{"__id__":121}],"_components":[{"__type__":"cc.UITransform","node":{"__id__":114},"_contentSize":{"__type__":"cc.Size","width":480,"height":60}},{"__type__":"cc.Sprite","node":{"__id__":114},"_spriteFrame":{"__uuid__":"cdbTsIRm1JAY6p3sg8bhkP@f9941"},"_type":1,"_sizeMode":0},{"__type__":"cc.ProgressBar","node":{"__id__":114},"_barSprite":{"__id__":117},"_totalLength":480,"_progress":0.5},{"__type__":"cc.Widget","_name":"scoreBar<Widget>","node":{"__id__":114},"_alignFlags":18}],"_prefab":{"__type__":"cc.PrefabInfo","root":{"__id__":1},"asset":{"__id__":0},"fileId":"f6itO/PqtKs5OOQDqD6vZV","_synced":{"default":false,"serializable":false}},"_layer":33554432},{"__type__":"cc.Node","_name":"Bar","_parent":{"__id__":114},"_children":[{"__id__":116}],"_components":[{"__type__":"cc.UITransform","node":{"__id__":115},"_contentSize":{"__type__":"cc.Size","width":240,"height":62},"_anchorPoint":{"__type__":"cc.Vec2","y":0.5}},{"__id__":117}],"_prefab":{"__type__":"cc.PrefabInfo","root":{"__id__":1},"asset":{"__id__":0},"fileId":"ff1EKprx1PNaQxnSSXpBjU","_synced":{"default":false,"serializable":false}},"_lpos":{"__type__":"cc.Vec3","x":-242},"_layer":33554432},{"__type__":"cc.Node","_name":"vs","_parent":{"__id__":115},"_components":[{"__type__":"cc.UITransform","node":{"__id__":116},"_contentSize":{"__type__":"cc.Size","width":64,"height":47}},{"__type__":"cc.Sprite","node":{"__id__":116},"_spriteFrame":{"__uuid__":"c3SClFc+hJ3IgRYV6/kLPz@f9941"}},{"__type__":"cc.Widget","_name":"vs<Widget>","node":{"__id__":116},"_alignFlags":34,"_left":-32,"_right":-30,"_verticalCenter":5,"_originalWidth":64}],"_prefab":{"__type__":"cc.PrefabInfo","root":{"__id__":1},"asset":{"__id__":0},"fileId":"f6kCOSuhRDape1SjeOXj/r","_synced":{"default":false,"serializable":false}},"_lpos":{"__type__":"cc.Vec3","x":238,"y":5},"_layer":33554432},{"__type__":"cc.Sprite","node":{"__id__":115},"_spriteFrame":{"__uuid__":"54s+w/q3lMkaADozfsYYEv@f9941"},"_type":1,"_sizeMode":0},{"__type__":"cc.Node","_name":"arrow1","_parent":{"__id__":114},"_components":[{"__type__":"cc.UITransform","node":{"__id__":118},"_contentSize":{"__type__":"cc.Size","width":49,"height":25}},{"__type__":"cc.Sprite","node":{"__id__":118},"_spriteFrame":{"__uuid__":"e29xPcsklCqqi7qUDwlGz6@f9941"},"_sizeMode":0},{"__type__":"cc.Widget","_name":"arrow1<Widget>","node":{"__id__":118},"_alignFlags":10,"_left":80,"_verticalCenter":5}],"_prefab":{"__type__":"cc.PrefabInfo","root":{"__id__":1},"asset":{"__id__":0},"fileId":"59H9gAMR5FjpbLtnRPPqkC","_synced":{"default":false,"serializable":false}},"_lpos":{"__type__":"cc.Vec3","x":-135.5,"y":5},"_layer":33554432},{"__type__":"cc.Node","_name":"arrow2","_parent":{"__id__":114},"_components":[{"__type__":"cc.UITransform","node":{"__id__":119},"_contentSize":{"__type__":"cc.Size","width":49,"height":25}},{"__type__":"cc.Sprite","node":{"__id__":119},"_spriteFrame":{"__uuid__":"e29xPcsklCqqi7qUDwlGz6@f9941"},"_sizeMode":0},{"__type__":"cc.Widget","_name":"arrow1<Widget>","node":{"__id__":119},"_alignFlags":34,"_left":50,"_right":80,"_verticalCenter":5}],"_prefab":{"__type__":"cc.PrefabInfo","root":{"__id__":1},"asset":{"__id__":0},"fileId":"174tUAVYdF258MLROb1Gbi","_synced":{"default":false,"serializable":false}},"_lpos":{"__type__":"cc.Vec3","x":135.5,"y":5},"_lrot":{"__type__":"cc.Quat","z":1,"w":6.123233995736766e-17},"_layer":33554432,"_euler":{"__type__":"cc.Vec3","z":180}},{"__type__":"cc.Node","_name":"redScore","_parent":{"__id__":114},"_components":[{"__type__":"cc.UITransform","node":{"__id__":120},"_contentSize":{"__type__":"cc.Size","width":14.46,"height":75.6}},{"__type__":"cc.Label","node":{"__id__":120},"_string":"0","_actualFontSize":26,"_fontSize":26,"_lineHeight":60},{"__type__":"cc.Widget","_name":"redScore<Widget>","node":{"__id__":120},"_alignFlags":10,"_left":45,"_verticalCenter":5}],"_prefab":{"__type__":"cc.PrefabInfo","root":{"__id__":1},"asset":{"__id__":0},"fileId":"73ZU+SrQlHz7o9sfhIwYds","_synced":{"default":false,"serializable":false}},"_lpos":{"__type__":"cc.Vec3","x":-187.77,"y":5},"_layer":33554432},{"__type__":"cc.Node","_name":"blueScore","_parent":{"__id__":114},"_components":[{"__type__":"cc.UITransform","node":{"__id__":121},"_contentSize":{"__type__":"cc.Size","width":15.57,"height":50.4}},{"__type__":"cc.Label","node":{"__id__":121},"_string":"0","_actualFontSize":28,"_fontSize":28},{"__type__":"cc.Widget","_name":"redScore<Widget>","node":{"__id__":121},"_alignFlags":34,"_left":30,"_right":45,"_verticalCenter":5}],"_prefab":{"__type__":"cc.PrefabInfo","root":{"__id__":1},"asset":{"__id__":0},"fileId":"b46X4xzpZBV5ptEHhwP3Gt","_synced":{"default":false,"serializable":false}},"_lpos":{"__type__":"cc.Vec3","x":187.215,"y":5},"_layer":33554432},{"__type__":"cc.Node","_name":"teamRed","_parent":{"__id__":113},"_children":[{"__id__":123},{"__id__":126}],"_components":[{"__type__":"cc.UITransform","node":{"__id__":122}},{"__type__":"cc.Widget","_name":"teamRed<Widget>","node":{"__id__":122},"_alignFlags":10,"_left":10,"_verticalCenter":5,"_originalWidth":100}],"_prefab":{"__type__":"cc.PrefabInfo","root":{"__id__":1},"asset":{"__id__":0},"fileId":"d7SwR8BqhHN5M4dqSGmZId","_synced":{"default":false,"serializable":false}},"_lpos":{"__type__":"cc.Vec3","x":-260,"y":5}},{"__type__":"cc.Node","_name":"avatar1","_parent":{"__id__":122},"_children":[{"__id__":124},{"__id__":125}],"_components":[{"__type__":"cc.UITransform","node":{"__id__":123},"_contentSize":{"__type__":"cc.Size","width":60,"height":60}},{"__type__":"cc.Sprite","node":{"__id__":123},"_materials":[{"__uuid__":"femcRHb0hNMa473b21u7RL"}],"_spriteFrame":{"__uuid__":"b700qgl01Oz59r+MlGadVq@f9941"},"_sizeMode":0},{"__type__":"cc.Widget","_name":"avatar1<Widget>","node":{"__id__":123},"_alignFlags":16,"_left":10,"_horizontalCenter":-10}],"_prefab":{"__type__":"cc.PrefabInfo","root":{"__id__":1},"asset":{"__id__":0},"fileId":"f0hqdYEAlKu43NJeQ9qw61","_synced":{"default":false,"serializable":false}},"_lpos":{"__type__":"cc.Vec3","x":-10},"_layer":33554432},{"__type__":"cc.Node","_name":"isVip","_parent":{"__id__":123},"_active":false,"_components":[{"__type__":"cc.UITransform","node":{"__id__":124},"_contentSize":{"__type__":"cc.Size","width":30,"height":30}},{"__type__":"cc.Sprite","node":{"__id__":124},"_spriteFrame":{"__uuid__":"67UeHEu/FCv7RCHh8Jbt4F@f9941"},"_sizeMode":0}],"_prefab":{"__type__":"cc.PrefabInfo","root":{"__id__":1},"asset":{"__id__":0},"fileId":"91KBPTFc1IYpsbcScD0dPC","_synced":{"default":false,"serializable":false}},"_lpos":{"__type__":"cc.Vec3","y":40},"_layer":33554432},{"__type__":"cc.Node","_name":"gender","_parent":{"__id__":123},"_components":[{"__type__":"cc.UITransform","node":{"__id__":125},"_contentSize":{"__type__":"cc.Size","width":24,"height":24}},{"__type__":"cc.Sprite","node":{"__id__":125},"_spriteFrame":{"__uuid__":"e9+aPS0jdJ4IGgpgdNsJgC@f9941"},"_sizeMode":0},{"__type__":"cc.Widget","_name":"gender<Widget>","node":{"__id__":125},"_alignFlags":18,"_horizontalCenter":26,"_verticalCenter":-26}],"_prefab":{"__type__":"cc.PrefabInfo","root":{"__id__":1},"asset":{"__id__":0},"fileId":"39oJkVxJRC2JvKhbNoHAwK","_synced":{"default":false,"serializable":false}},"_lpos":{"__type__":"cc.Vec3","x":26,"y":-26},"_layer":33554432},{"__type__":"cc.Node","_name":"avatar2","_parent":{"__id__":122},"_children":[{"__id__":127},{"__id__":128}],"_components":[{"__type__":"cc.UITransform","node":{"__id__":126},"_contentSize":{"__type__":"cc.Size","width":60,"height":60}},{"__type__":"cc.Sprite","node":{"__id__":126},"_materials":[{"__uuid__":"femcRHb0hNMa473b21u7RL"}],"_spriteFrame":{"__uuid__":"b700qgl01Oz59r+MlGadVq@f9941"},"_sizeMode":0},{"__type__":"cc.Widget","_name":"avatar1<Widget>","node":{"__id__":126},"_alignFlags":16,"_left":10,"_horizontalCenter":30}],"_prefab":{"__type__":"cc.PrefabInfo","root":{"__id__":1},"asset":{"__id__":0},"fileId":"18ZYiMYB9M1p2e1VtXRlt/","_synced":{"default":false,"serializable":false}},"_lpos":{"__type__":"cc.Vec3","x":30},"_layer":33554432},{"__type__":"cc.Node","_name":"isVip","_parent":{"__id__":126},"_active":false,"_components":[{"__type__":"cc.UITransform","node":{"__id__":127},"_contentSize":{"__type__":"cc.Size","width":30,"height":30}},{"__type__":"cc.Sprite","node":{"__id__":127},"_spriteFrame":{"__uuid__":"67UeHEu/FCv7RCHh8Jbt4F@f9941"},"_sizeMode":0}],"_prefab":{"__type__":"cc.PrefabInfo","root":{"__id__":1},"asset":{"__id__":0},"fileId":"60XAv4juFM05NW7F52hKgo","_synced":{"default":false,"serializable":false}},"_lpos":{"__type__":"cc.Vec3","y":40},"_layer":33554432},{"__type__":"cc.Node","_name":"gender","_parent":{"__id__":126},"_components":[{"__type__":"cc.UITransform","node":{"__id__":128},"_contentSize":{"__type__":"cc.Size","width":24,"height":24}},{"__type__":"cc.Sprite","node":{"__id__":128},"_spriteFrame":{"__uuid__":"e9+aPS0jdJ4IGgpgdNsJgC@f9941"},"_sizeMode":0},{"__type__":"cc.Widget","_name":"gender<Widget>","node":{"__id__":128},"_alignFlags":18,"_horizontalCenter":26,"_verticalCenter":-26}],"_prefab":{"__type__":"cc.PrefabInfo","root":{"__id__":1},"asset":{"__id__":0},"fileId":"b9iep5BS5DT4P/zdtmi7VW","_synced":{"default":false,"serializable":false}},"_lpos":{"__type__":"cc.Vec3","x":26,"y":-26},"_layer":33554432},{"__type__":"cc.Node","_name":"teamBlue","_parent":{"__id__":113},"_children":[{"__id__":130},{"__id__":133}],"_components":[{"__type__":"cc.UITransform","node":{"__id__":129}},{"__type__":"cc.Widget","_name":"teamRed<Widget>","node":{"__id__":129},"_alignFlags":34,"_left":10,"_right":10,"_verticalCenter":5,"_originalWidth":100}],"_prefab":{"__type__":"cc.PrefabInfo","root":{"__id__":1},"asset":{"__id__":0},"fileId":"9bga9WzctBNpTpibOAvW/o","_synced":{"default":false,"serializable":false}},"_lpos":{"__type__":"cc.Vec3","x":260,"y":5}},{"__type__":"cc.Node","_name":"avatar1","_parent":{"__id__":129},"_children":[{"__id__":131},{"__id__":132}],"_components":[{"__type__":"cc.UITransform","node":{"__id__":130},"_contentSize":{"__type__":"cc.Size","width":60,"height":60}},{"__type__":"cc.Sprite","node":{"__id__":130},"_materials":[{"__uuid__":"femcRHb0hNMa473b21u7RL"}],"_spriteFrame":{"__uuid__":"b700qgl01Oz59r+MlGadVq@f9941"},"_sizeMode":0},{"__type__":"cc.Widget","_name":"avatar1<Widget>","node":{"__id__":130},"_alignFlags":16,"_left":10,"_horizontalCenter":-30}],"_prefab":{"__type__":"cc.PrefabInfo","root":{"__id__":1},"asset":{"__id__":0},"fileId":"49cguW0FJLRZJl8+C+p7fn","_synced":{"default":false,"serializable":false}},"_lpos":{"__type__":"cc.Vec3","x":-30},"_layer":33554432},{"__type__":"cc.Node","_name":"isVip","_parent":{"__id__":130},"_active":false,"_components":[{"__type__":"cc.UITransform","node":{"__id__":131},"_contentSize":{"__type__":"cc.Size","width":30,"height":30}},{"__type__":"cc.Sprite","node":{"__id__":131},"_spriteFrame":{"__uuid__":"67UeHEu/FCv7RCHh8Jbt4F@f9941"},"_sizeMode":0}],"_prefab":{"__type__":"cc.PrefabInfo","root":{"__id__":1},"asset":{"__id__":0},"fileId":"feObQxx7xAfKS73Fos6Skb","_synced":{"default":false,"serializable":false}},"_lpos":{"__type__":"cc.Vec3","y":40},"_layer":33554432},{"__type__":"cc.Node","_name":"gender","_parent":{"__id__":130},"_components":[{"__type__":"cc.UITransform","node":{"__id__":132},"_contentSize":{"__type__":"cc.Size","width":24,"height":24}},{"__type__":"cc.Sprite","node":{"__id__":132},"_spriteFrame":{"__uuid__":"e9+aPS0jdJ4IGgpgdNsJgC@f9941"},"_sizeMode":0},{"__type__":"cc.Widget","_name":"gender<Widget>","node":{"__id__":132},"_alignFlags":18,"_horizontalCenter":26,"_verticalCenter":-26}],"_prefab":{"__type__":"cc.PrefabInfo","root":{"__id__":1},"asset":{"__id__":0},"fileId":"4abpKovuhIB5VbzgmeAfrp","_synced":{"default":false,"serializable":false}},"_lpos":{"__type__":"cc.Vec3","x":26,"y":-26},"_layer":33554432},{"__type__":"cc.Node","_name":"avatar2","_parent":{"__id__":129},"_children":[{"__id__":134},{"__id__":135}],"_components":[{"__type__":"cc.UITransform","node":{"__id__":133},"_contentSize":{"__type__":"cc.Size","width":60,"height":60}},{"__type__":"cc.Sprite","node":{"__id__":133},"_materials":[{"__uuid__":"femcRHb0hNMa473b21u7RL"}],"_spriteFrame":{"__uuid__":"b700qgl01Oz59r+MlGadVq@f9941"},"_sizeMode":0},{"__type__":"cc.Widget","_name":"avatar1<Widget>","node":{"__id__":133},"_alignFlags":16,"_left":10,"_horizontalCenter":10}],"_prefab":{"__type__":"cc.PrefabInfo","root":{"__id__":1},"asset":{"__id__":0},"fileId":"46bkU+td9NXKDMUyhXj1Ik","_synced":{"default":false,"serializable":false}},"_lpos":{"__type__":"cc.Vec3","x":10},"_layer":33554432},{"__type__":"cc.Node","_name":"isVip","_parent":{"__id__":133},"_active":false,"_components":[{"__type__":"cc.UITransform","node":{"__id__":134},"_contentSize":{"__type__":"cc.Size","width":30,"height":30}},{"__type__":"cc.Sprite","node":{"__id__":134},"_spriteFrame":{"__uuid__":"67UeHEu/FCv7RCHh8Jbt4F@f9941"},"_sizeMode":0}],"_prefab":{"__type__":"cc.PrefabInfo","root":{"__id__":1},"asset":{"__id__":0},"fileId":"d5YMQSai1FsZcCDsuk7E8z","_synced":{"default":false,"serializable":false}},"_lpos":{"__type__":"cc.Vec3","y":40},"_layer":33554432},{"__type__":"cc.Node","_name":"gender","_parent":{"__id__":133},"_components":[{"__type__":"cc.UITransform","node":{"__id__":135},"_contentSize":{"__type__":"cc.Size","width":24,"height":24}},{"__type__":"cc.Sprite","node":{"__id__":135},"_spriteFrame":{"__uuid__":"e9+aPS0jdJ4IGgpgdNsJgC@f9941"},"_sizeMode":0},{"__type__":"cc.Widget","_name":"gender<Widget>","node":{"__id__":135},"_alignFlags":18,"_horizontalCenter":26,"_verticalCenter":-26}],"_prefab":{"__type__":"cc.PrefabInfo","root":{"__id__":1},"asset":{"__id__":0},"fileId":"b6DNTl+HNFZIUH3q06ZUSI","_synced":{"default":false,"serializable":false}},"_lpos":{"__type__":"cc.Vec3","x":26,"y":-26},"_layer":33554432},{"__type__":"cc.Node","_name":"mvp","_parent":{"__id__":3},"_children":[{"__id__":137},{"__id__":138},{"__id__":139}],"_active":false,"_components":[{"__type__":"cc.UITransform","node":{"__id__":136},"_contentSize":{"__type__":"cc.Size","width":1,"height":1}},{"__type__":"cc.Animation","node":{"__id__":136},"_clips":[{"__uuid__":"4dVmb1oFdJQZVTs8KiIb6a"}],"_defaultClip":{"__uuid__":"4dVmb1oFdJQZVTs8KiIb6a"}}],"_prefab":{"__type__":"cc.PrefabInfo","root":{"__id__":1},"asset":{"__id__":0},"fileId":"a1QJt3k7lNXqLkUIWeSgfr","_synced":{"default":false,"serializable":false}},"_lscale":{"__type__":"cc.Vec3","x":1.2,"y":1.2,"z":1},"_layer":33554432},{"__type__":"cc.Node","_name":"wings_l","_parent":{"__id__":136},"_components":[{"__type__":"cc.UITransform","node":{"__id__":137},"_contentSize":{"__type__":"cc.Size","width":471,"height":394},"_anchorPoint":{"__type__":"cc.Vec2","x":1}},{"__type__":"cc.Sprite","node":{"__id__":137},"_spriteFrame":{"__uuid__":"23nbaOCftHr6kYhHbJxj0r@f9941"}},{"__type__":"cc.Widget","_name":"wings_l<Widget>","node":{"__id__":137},"_alignFlags":18,"_horizontalCenter":-150,"_verticalCenter":-20}],"_prefab":{"__type__":"cc.PrefabInfo","root":{"__id__":1},"asset":{"__id__":0},"fileId":"b2/OeizPNIqaU7TyYWNZ8A","_synced":{"default":false,"serializable":false}},"_lpos":{"__type__":"cc.Vec3","x":-8.700000000000017,"y":-138.2},"_lscale":{"__type__":"cc.Vec3","x":0.6,"y":0.6,"z":1},"_layer":33554432},{"__type__":"cc.Node","_name":"wings_r","_parent":{"__id__":136},"_components":[{"__type__":"cc.UITransform","node":{"__id__":138},"_contentSize":{"__type__":"cc.Size","width":471,"height":394},"_anchorPoint":{"__type__":"cc.Vec2"}},{"__type__":"cc.Sprite","node":{"__id__":138},"_spriteFrame":{"__uuid__":"9e7os52LBEzJSgFKwNDcim@f9941"}},{"__type__":"cc.Widget","_name":"wings_l<Widget>","node":{"__id__":138},"_alignFlags":18,"_horizontalCenter":150,"_verticalCenter":-20}],"_prefab":{"__type__":"cc.PrefabInfo","root":{"__id__":1},"asset":{"__id__":0},"fileId":"f80p4ZhnxGXqwk21vYeebU","_synced":{"default":false,"serializable":false}},"_lpos":{"__type__":"cc.Vec3","x":8.700000000000017,"y":-138.2},"_lscale":{"__type__":"cc.Vec3","x":0.6,"y":0.6,"z":1},"_layer":33554432},{"__type__":"cc.Node","_name":"main","_parent":{"__id__":136},"_components":[{"__type__":"cc.UITransform","node":{"__id__":139},"_contentSize":{"__type__":"cc.Size","width":597,"height":558}},{"__type__":"cc.Sprite","node":{"__id__":139},"_spriteFrame":{"__uuid__":"e06XqlZ2VIDoNYfGeFfhdl@f9941"}}],"_prefab":{"__type__":"cc.PrefabInfo","root":{"__id__":1},"asset":{"__id__":0},"fileId":"a7hU6swl1EJL8iL0Hr9v/V","_synced":{"default":false,"serializable":false}},"_lscale":{"__type__":"cc.Vec3","x":0.6,"y":0.6,"z":1},"_layer":33554432},{"__type__":"cc.Node","_name":"cup","_parent":{"__id__":3},"_children":[{"__id__":141},{"__id__":142},{"__id__":143}],"_components":[{"__type__":"cc.UITransform","node":{"__id__":140}}],"_prefab":{"__type__":"cc.PrefabInfo","root":{"__id__":1},"asset":{"__id__":0},"fileId":"792wFtjeBPqaec1klNY4Jn","_synced":{"default":false,"serializable":false}},"_lpos":{"__type__":"cc.Vec3","y":410},"_lscale":{"__type__":"cc.Vec3","x":1.3,"y":1.3,"z":1},"_layer":33554432},{"__type__":"cc.Node","_name":"default","_parent":{"__id__":140},"_active":false,"_components":[{"__type__":"cc.UITransform","node":{"__id__":141},"_contentSize":{"__type__":"cc.Size","width":400,"height":240}},{"__type__":"cc.Sprite","node":{"__id__":141},"_spriteFrame":{"__uuid__":"53MX70bfNF2La8uWei9FiK@f9941"},"_sizeMode":0}],"_prefab":{"__type__":"cc.PrefabInfo","root":{"__id__":1},"asset":{"__id__":0},"fileId":"b814BGLEVFcrC7ztLaRkrM","_synced":{"default":false,"serializable":false}},"_lpos":{"__type__":"cc.Vec3","y":10},"_layer":33554432},{"__type__":"cc.Node","_name":"draw","_parent":{"__id__":140},"_active":false,"_components":[{"__type__":"cc.UITransform","node":{"__id__":142},"_contentSize":{"__type__":"cc.Size","width":400,"height":240}},{"__type__":"cc.Sprite","node":{"__id__":142},"_spriteFrame":{"__uuid__":"23LBUdmvlMs7qQiJ2A0IH7@f9941"},"_sizeMode":0}],"_prefab":{"__type__":"cc.PrefabInfo","root":{"__id__":1},"asset":{"__id__":0},"fileId":"70byRQEitHAIS1y/60OzZK","_synced":{"default":false,"serializable":false}},"_lpos":{"__type__":"cc.Vec3","y":10},"_layer":33554432},{"__type__":"cc.Node","_name":"win","_parent":{"__id__":140},"_active":false,"_components":[{"__type__":"cc.UITransform","node":{"__id__":143},"_contentSize":{"__type__":"cc.Size","width":400,"height":240}},{"__type__":"cc.Sprite","node":{"__id__":143},"_spriteFrame":{"__uuid__":"f5jDPi3P1EMJgw/S+BeIyf@f9941"},"_sizeMode":0}],"_prefab":{"__type__":"cc.PrefabInfo","root":{"__id__":1},"asset":{"__id__":0},"fileId":"fcsP2Ozr5LspSPeW7o+HG3","_synced":{"default":false,"serializable":false}},"_lpos":{"__type__":"cc.Vec3","y":10},"_layer":33554432},{"__type__":"cc.Node","_name":"onceMore","_parent":{"__id__":1},"_children":[{"__id__":145}],"_components":[{"__type__":"cc.UITransform","node":{"__id__":144},"_contentSize":{"__type__":"cc.Size","width":550,"height":88}},{"__type__":"cc.Sprite","node":{"__id__":144},"_spriteFrame":{"__uuid__":"2eyJ97g0ZEQaaUdXp0v9K+@f9941"},"_type":1,"_sizeMode":0},{"__type__":"cc.Button","node":{"__id__":144},"_transition":3,"_normalSprite":{"__uuid__":"2eyJ97g0ZEQaaUdXp0v9K+@f9941"},"_hoverSprite":{"__uuid__":"20g1ukYUVPvKWKBRznAKo+@f9941"},"_pressedSprite":{"__uuid__":"54TknWPwVPqJqeCR+Y/Czo@f9941"},"_disabledSprite":{"__uuid__":"95EkngnxZFbYuFpsqVTaFr@f9941"},"_zoomScale":0.9,"_target":{"__id__":144}},{"__type__":"cc.Widget","_name":"onceMore<Widget>","node":{"__id__":144},"_alignFlags":44,"_left":50,"_right":50,"_bottom":90,"_verticalCenter":-160,"_originalWidth":560}],"_prefab":{"__type__":"cc.PrefabInfo","root":{"__id__":1},"asset":{"__id__":0},"fileId":"d9GADVJEtLepelpHaXm9Lc","_synced":{"default":false,"serializable":false}},"_lpos":{"__type__":"cc.Vec3","y":-294},"_lscale":{"__type__":"cc.Vec3","x":0.5,"y":0.5,"z":1},"_layer":33554432},{"__type__":"cc.Node","_name":"Label","_parent":{"__id__":144},"_components":[{"__type__":"cc.UITransform","node":{"__id__":145},"_contentSize":{"__type__":"cc.Size","width":550,"height":80}},{"__type__":"cc.Label","node":{"__id__":145},"_string":"再来一局","_actualFontSize":34,"_fontSize":34,"_overflow":1,"_enableWrapText":false},{"__type__":"cc.Widget","_name":"Label<Widget>","node":{"__id__":145},"_alignFlags":42,"_originalWidth":600}],"_prefab":{"__type__":"cc.PrefabInfo","root":{"__id__":1},"asset":{"__id__":0},"fileId":"f7bGfqSptHe7Psdqscn+X9","_synced":{"default":false,"serializable":false}},"_layer":33554432},{"__type__":"cc.Node","_name":"other","_parent":{"__id__":1},"_children":[{"__id__":147}],"_components":[{"__type__":"cc.UITransform","node":{"__id__":146},"_contentSize":{"__type__":"cc.Size","width":430,"height":88}},{"__type__":"cc.Sprite","node":{"__id__":146},"_spriteFrame":{"__uuid__":"b1Z646Z75Hl4UuALBiFdiT@f9941"},"_type":1,"_sizeMode":0},{"__type__":"cc.Button","node":{"__id__":146},"_transition":3,"_normalSprite":{"__uuid__":"b1Z646Z75Hl4UuALBiFdiT@f9941"},"_hoverSprite":{"__uuid__":"20g1ukYUVPvKWKBRznAKo+@f9941"},"_pressedSprite":{"__uuid__":"54TknWPwVPqJqeCR+Y/Czo@f9941"},"_disabledSprite":{"__uuid__":"95EkngnxZFbYuFpsqVTaFr@f9941"},"_zoomScale":0.9,"_target":{"__id__":146}},{"__type__":"cc.Widget","_name":"other<Widget>","node":{"__id__":146},"_alignFlags":12,"_left":50,"_bottom":30,"_horizontalCenter":-22,"_verticalCenter":-220}],"_prefab":{"__type__":"cc.PrefabInfo","root":{"__id__":1},"asset":{"__id__":0},"fileId":"c97v81hQ5BsYTaWyUOyj0n","_synced":{"default":false,"serializable":false}},"_lpos":{"__type__":"cc.Vec3","x":-30,"y":-354},"_lscale":{"__type__":"cc.Vec3","x":0.5,"y":0.5,"z":1},"_layer":33554432},{"__type__":"cc.Node","_name":"Label","_parent":{"__id__":146},"_components":[{"__type__":"cc.UITransform","node":{"__id__":147},"_contentSize":{"__type__":"cc.Size","width":200,"height":80}},{"__type__":"cc.Label","node":{"__id__":147},"_color":{"__type__":"cc.Color","r":253,"g":83,"b":110},"_string":"换个队友","_actualFontSize":34,"_fontSize":34,"_overflow":1,"_enableWrapText":false}],"_prefab":{"__type__":"cc.PrefabInfo","root":{"__id__":1},"asset":{"__id__":0},"fileId":"a03Xuz3TNO9oFUEKNXMsKg","_synced":{"default":false,"serializable":false}},"_layer":33554432},{"__type__":"cc.Node","_name":"back","_parent":{"__id__":1},"_components":[{"__type__":"cc.UITransform","node":{"__id__":148},"_contentSize":{"__type__":"cc.Size","width":80,"height":88}},{"__type__":"cc.Sprite","node":{"__id__":148},"_spriteFrame":{"__uuid__":"2fXpRHhX9MRY96SWitQFLQ@f9941"},"_sizeMode":0},{"__type__":"cc.Widget","_name":"back<Widget>","node":{"__id__":148},"_alignFlags":36,"_right":50,"_bottom":30,"_horizontalCenter":80,"_verticalCenter":-220},{"__type__":"cc.Button","node":{"__id__":148},"_transition":3,"_normalSprite":{"__uuid__":"2fXpRHhX9MRY96SWitQFLQ@f9941"},"_zoomScale":0.9,"_target":{"__id__":148}}],"_prefab":{"__type__":"cc.PrefabInfo","root":{"__id__":1},"asset":{"__id__":0},"fileId":"c1reoBp4NFF6Zd8EwEw1Jw","_synced":{"default":false,"serializable":false}},"_lpos":{"__type__":"cc.Vec3","x":117.5,"y":-354},"_lscale":{"__type__":"cc.Vec3","x":0.5,"y":0.5,"z":1},"_layer":33554432},{"__type__":"cc.Node","_name":"loverOnceMore","_parent":{"__id__":1},"_children":[{"__id__":150}],"_active":false,"_components":[{"__type__":"cc.UITransform","node":{"__id__":149},"_contentSize":{"__type__":"cc.Size","width":430,"height":88}},{"__type__":"cc.Sprite","node":{"__id__":149},"_spriteFrame":{"__uuid__":"2eyJ97g0ZEQaaUdXp0v9K+@f9941"},"_type":1,"_sizeMode":0},{"__type__":"cc.Button","node":{"__id__":149},"_transition":3,"_zoomScale":0.9,"_target":{"__id__":149}},{"__type__":"cc.Widget","_name":"onceMore<Widget>","node":{"__id__":149},"_alignFlags":12,"_left":50,"_right":30,"_bottom":30,"_verticalCenter":-160,"_originalWidth":560}],"_prefab":{"__type__":"cc.PrefabInfo","root":{"__id__":1},"asset":{"__id__":0},"fileId":"a906yNsbBOCZttLpN6r16y","_synced":{"default":false,"serializable":false}},"_lpos":{"__type__":"cc.Vec3","x":-30,"y":-354},"_lscale":{"__type__":"cc.Vec3","x":0.5,"y":0.5,"z":1},"_layer":33554432},{"__type__":"cc.Node","_name":"Label","_parent":{"__id__":149},"_components":[{"__type__":"cc.UITransform","node":{"__id__":150},"_contentSize":{"__type__":"cc.Size","width":430,"height":80}},{"__type__":"cc.Label","node":{"__id__":150},"_string":"再来一局","_actualFontSize":34,"_fontSize":34,"_overflow":1,"_enableWrapText":false},{"__type__":"cc.Widget","_name":"Label<Widget>","node":{"__id__":150},"_alignFlags":42,"_originalWidth":600}],"_prefab":{"__type__":"cc.PrefabInfo","root":{"__id__":1},"asset":{"__id__":0},"fileId":"2c4I3CSspK/o10ss4fLwZN","_synced":{"default":false,"serializable":false}},"_layer":33554432}]
