[{"__type__":"cc.Prefab","data":{"__id__":1}},{"__type__":"cc.Node","_name":"qizi_blue_2","_children":[{"__id__":2}],"_prefab":{"__type__":"cc.PrefabInfo","root":{"__id__":1},"asset":{"__id__":0},"fileId":"a1iAx7/nhI5JFnOyUWNZnW","_synced":{"default":false,"serializable":false}}},{"__type__":"cc.Node","_name":"RootNode","_parent":{"__id__":1},"_children":[{"__type__":"cc.Node","_name":"Cinema_4D_编辑器","_parent":{"__id__":2},"_prefab":{"__type__":"cc.PrefabInfo","root":{"__id__":1},"asset":{"__id__":0},"fileId":"2f4OrSlg9HtpcU2Y6FUV5F","_synced":{"default":false,"serializable":false}},"_lpos":{"__type__":"cc.Vec3","x":-4.19616508483887,"y":3.09893393516541,"z":-16.9781894683838},"_lrot":{"__type__":"cc.Quat","x":-0.013062780368183596,"y":-0.9717573453140128,"z":-0.05542980774320319,"w":0.22900777718424076},"_euler":{"__type__":"cc.Vec3","x":-6.5293178233691,"y":-153.4788514200061,"z":-4.913702880396245e-7}},{"__id__":3},{"__id__":4},{"__id__":5},{"__id__":7}],"_prefab":{"__type__":"cc.PrefabInfo","root":{"__id__":1},"asset":{"__id__":0},"fileId":"80rPHmhUdKVqBrqEc4E8Sf","_synced":{"default":false,"serializable":false}}},{"__type__":"cc.Node","_name":"油桶_1","_parent":{"__id__":2},"_components":[{"__type__":"cc.MeshRenderer","node":{"__id__":3},"_materials":[{"__uuid__":"feEuURN0tI14bbdATrrib0@22e2a"}],"lightmapSettings":{"__type__":"cc.ModelLightmapSettings"},"_mesh":{"__uuid__":"feEuURN0tI14bbdATrrib0@f5108"}}],"_prefab":{"__type__":"cc.PrefabInfo","root":{"__id__":1},"asset":{"__id__":0},"fileId":"13s3/5Gj5JtI/ckIBC68EP","_synced":{"default":false,"serializable":false}},"_lpos":{"__type__":"cc.Vec3","y":-0.516926348209381}},{"__type__":"cc.Node","_name":"油桶","_parent":{"__id__":2},"_components":[{"__type__":"cc.MeshRenderer","node":{"__id__":4},"_materials":[{"__uuid__":"feEuURN0tI14bbdATrrib0@22e2a"}],"lightmapSettings":{"__type__":"cc.ModelLightmapSettings"},"_mesh":{"__uuid__":"feEuURN0tI14bbdATrrib0@edd93"}}],"_prefab":{"__type__":"cc.PrefabInfo","root":{"__id__":1},"asset":{"__id__":0},"fileId":"8e/VCjSDdBbolMepr+NFIz","_synced":{"default":false,"serializable":false}},"_lpos":{"__type__":"cc.Vec3","y":0.223263710737228}},{"__type__":"cc.Node","_name":"细分曲面","_parent":{"__id__":2},"_children":[{"__id__":6}],"_prefab":{"__type__":"cc.PrefabInfo","root":{"__id__":1},"asset":{"__id__":0},"fileId":"33CylaqxlCDLr8EGFoJeDx","_synced":{"default":false,"serializable":false}},"_lpos":{"__type__":"cc.Vec3","y":-0.699999988079071}},{"__type__":"cc.Node","_name":"圆柱","_parent":{"__id__":5},"_components":[{"__type__":"cc.MeshRenderer","node":{"__id__":6},"_materials":[{"__uuid__":"feEuURN0tI14bbdATrrib0@22e2a"}],"lightmapSettings":{"__type__":"cc.ModelLightmapSettings"},"_mesh":{"__uuid__":"feEuURN0tI14bbdATrrib0@f32e4"}}],"_prefab":{"__type__":"cc.PrefabInfo","root":{"__id__":1},"asset":{"__id__":0},"fileId":"71MOdMBPdIJZXKnDDidltw","_synced":{"default":false,"serializable":false}},"_lpos":{"__type__":"cc.Vec3","y":0.489999979734421}},{"__type__":"cc.Node","_name":"球体","_parent":{"__id__":2},"_components":[{"__type__":"cc.MeshRenderer","node":{"__id__":7},"_materials":[{"__uuid__":"feEuURN0tI14bbdATrrib0@22e2a"}],"lightmapSettings":{"__type__":"cc.ModelLightmapSettings"},"_mesh":{"__uuid__":"feEuURN0tI14bbdATrrib0@0a13e"}}],"_prefab":{"__type__":"cc.PrefabInfo","root":{"__id__":1},"asset":{"__id__":0},"fileId":"49KHtU+91PdotNixPILtX8","_synced":{"default":false,"serializable":false}},"_lpos":{"__type__":"cc.Vec3","y":0.699999988079071}}]
