[{"__type__":"cc.Prefab","data":{"__id__":1}},{"__type__":"cc.Node","_name":"MainBoard","_children":[{"__id__":2},{"__id__":4},{"__id__":6},{"__id__":41},{"__id__":47},{"__id__":53},{"__id__":63}],"_components":[{"__type__":"cc.UITransform","node":{"__id__":1},"_contentSize":{"__type__":"cc.Size","width":375,"height":812}},{"__type__":"cc.Widget","_name":"StartBoard<Widget>","node":{"__id__":1},"_alignFlags":45,"_originalWidth":100,"_originalHeight":100}],"_prefab":{"__type__":"cc.PrefabInfo","root":{"__id__":1},"asset":{"__id__":0},"fileId":"6fp65Fjk5GraEoNB+HjTgw","_synced":{"default":false,"serializable":false}},"_lpos":{"__type__":"cc.Vec3","z":2},"_layer":33554432},{"__type__":"cc.Node","_name":"Background","_parent":{"__id__":1},"_children":[{"__id__":3}],"_components":[{"__type__":"cc.UITransform","node":{"__id__":2},"_contentSize":{"__type__":"cc.Size","width":375,"height":812}},{"__type__":"cc.Sprite","node":{"__id__":2},"_spriteFrame":{"__uuid__":"9a6dOOaARDyo28ozsNjlq3@f9941"},"_sizeMode":0},{"__type__":"cc.Widget","_name":"Background<Widget>","node":{"__id__":2},"_alignFlags":45,"_originalWidth":375,"_originalHeight":812}],"_prefab":{"__type__":"cc.PrefabInfo","root":{"__id__":1},"asset":{"__id__":0},"fileId":"f4H2Dy2KVB4bAeVd06sYrO","_synced":{"default":false,"serializable":false}},"_layer":33554432},{"__type__":"cc.Node","_name":"Sprite","_parent":{"__id__":2},"_components":[{"__type__":"cc.UITransform","node":{"__id__":3},"_contentSize":{"__type__":"cc.Size","width":375,"height":575}},{"__type__":"cc.Sprite","node":{"__id__":3},"_spriteFrame":{"__uuid__":"0fYMe0jaVCl6bNDy8d9BfE@f9941"},"_sizeMode":0},{"__type__":"cc.Widget","_name":"Sprite<Widget>","node":{"__id__":3},"_alignFlags":41,"_top":180,"_originalWidth":375}],"_prefab":{"__type__":"cc.PrefabInfo","root":{"__id__":1},"asset":{"__id__":0},"fileId":"c8EBkzvBpCAaQV0JBp5H6D","_synced":{"default":false,"serializable":false}},"_lpos":{"__type__":"cc.Vec3","y":-61.5},"_layer":33554432},{"__type__":"cc.Node","_name":"TitleLabel","_parent":{"__id__":1},"_children":[{"__id__":5}],"_components":[{"__type__":"cc.UITransform","node":{"__id__":4},"_contentSize":{"__type__":"cc.Size","width":305,"height":305}},{"__type__":"cc.Widget","_name":"TitleLabel<Widget>","node":{"__id__":4},"_alignFlags":41,"_left":35,"_right":35,"_top":268,"_originalWidth":100},{"__type__":"cc.Animation","node":{"__id__":4},"playOnLoad":true},{"__type__":"cc.Sprite","node":{"__id__":4},"_spriteFrame":{"__uuid__":"fbWxoasrRC77/NCtntjTmo@f9941"},"_type":1,"_sizeMode":0}],"_prefab":{"__type__":"cc.PrefabInfo","root":{"__id__":1},"asset":{"__id__":0},"fileId":"47a5tUpSFDjLijamjdcsnw","_synced":{"default":false,"serializable":false}},"_lpos":{"__type__":"cc.Vec3","y":-14.5},"_layer":33554432},{"__type__":"cc.Node","_name":"board","_parent":{"__id__":4},"_components":[{"__type__":"cc.UITransform","node":{"__id__":5},"_contentSize":{"__type__":"cc.Size","width":285,"height":285}},{"__type__":"cc.Sprite","node":{"__id__":5},"_spriteFrame":{"__uuid__":"b700qgl01Oz59r+MlGadVq@f9941"},"_sizeMode":0},{"__type__":"cc.Widget","_name":"board<Widget>","node":{"__id__":5},"_alignFlags":42,"_left":10,"_right":10,"_top":-105,"_originalWidth":321}],"_prefab":{"__type__":"cc.PrefabInfo","root":{"__id__":1},"asset":{"__id__":0},"fileId":"fdSHRJYo5FuL4aJtVl6tcf","_synced":{"default":false,"serializable":false}},"_layer":33554432},{"__type__":"cc.Node","_name":"Header","_parent":{"__id__":1},"_children":[{"__id__":7},{"__id__":27}],"_components":[{"__type__":"cc.UITransform","node":{"__id__":6},"_contentSize":{"__type__":"cc.Size","width":375,"height":200}},{"__type__":"cc.Widget","_name":"Header<Widget>","node":{"__id__":6},"_alignFlags":9,"_top":50}],"_prefab":{"__type__":"cc.PrefabInfo","root":{"__id__":1},"asset":{"__id__":0},"fileId":"8aSjrLQchFabial3LIFHYF","_synced":{"default":false,"serializable":false}},"_lpos":{"__type__":"cc.Vec3","y":256}},{"__type__":"cc.Node","_name":"top","_parent":{"__id__":6},"_children":[{"__id__":8},{"__id__":9},{"__id__":10},{"__id__":11},{"__id__":13},{"__id__":21},{"__id__":24}],"_components":[{"__type__":"cc.UITransform","node":{"__id__":7},"_contentSize":{"__type__":"cc.Size","width":375,"height":150}},{"__type__":"cc.Widget","_name":"Layout<Widget>","node":{"__id__":7},"_alignFlags":17}],"_prefab":{"__type__":"cc.PrefabInfo","root":{"__id__":1},"asset":{"__id__":0},"fileId":"6dZ14LjW1DhaR1eUM+AtEV","_synced":{"default":false,"serializable":false}},"_lpos":{"__type__":"cc.Vec3","y":25},"_layer":33554432},{"__type__":"cc.Node","_name":"line","_parent":{"__id__":7},"_components":[{"__type__":"cc.UITransform","node":{"__id__":8},"_contentSize":{"__type__":"cc.Size","width":200,"height":30}},{"__type__":"cc.Sprite","node":{"__id__":8},"_color":{"__type__":"cc.Color","r":255,"g":154,"b":167},"_spriteFrame":{"__uuid__":"97ZdprF19KYqLtzHQLxmNb@f9941"},"_sizeMode":0},{"__type__":"cc.Widget","_name":"line<Widget>","node":{"__id__":8},"_alignFlags":18,"_horizontalCenter":-57,"_verticalCenter":4}],"_prefab":{"__type__":"cc.PrefabInfo","root":{"__id__":1},"asset":{"__id__":0},"fileId":"14DPmZrnhL57rcNHs6d31+","_synced":{"default":false,"serializable":false}},"_lpos":{"__type__":"cc.Vec3","x":-57,"y":4},"_lscale":{"__type__":"cc.Vec3","x":0.5,"y":0.5,"z":1},"_layer":33554432},{"__type__":"cc.Node","_name":"line-001","_parent":{"__id__":7},"_components":[{"__type__":"cc.UITransform","node":{"__id__":9},"_contentSize":{"__type__":"cc.Size","width":200,"height":30}},{"__type__":"cc.Sprite","node":{"__id__":9},"_color":{"__type__":"cc.Color","r":255,"g":154,"b":167},"_spriteFrame":{"__uuid__":"97ZdprF19KYqLtzHQLxmNb@f9941"},"_sizeMode":0},{"__type__":"cc.Widget","_name":"line<Widget>","node":{"__id__":9},"_alignFlags":18,"_horizontalCenter":57,"_verticalCenter":4}],"_prefab":{"__type__":"cc.PrefabInfo","root":{"__id__":1},"asset":{"__id__":0},"fileId":"67Op5uM6hPVYXgdfruQlSF","_synced":{"default":false,"serializable":false}},"_lpos":{"__type__":"cc.Vec3","x":57,"y":4},"_lscale":{"__type__":"cc.Vec3","x":0.5,"y":0.5,"z":1},"_layer":33554432},{"__type__":"cc.Node","_name":"Lv","_parent":{"__id__":7},"_components":[{"__type__":"cc.UITransform","node":{"__id__":10},"_contentSize":{"__type__":"cc.Size","width":186.74,"height":60}},{"__type__":"cc.Label","node":{"__id__":10},"_color":{"__type__":"cc.Color","r":252,"g":172,"b":197},"_string":"恋人Lv.0","_actualFontSize":48,"_fontSize":48,"_lineHeight":60,"_cacheMode":2},{"__type__":"cc.Widget","_name":"Lv<Widget>","node":{"__id__":10},"_alignFlags":18,"_left":105,"_top":40,"_verticalCenter":30}],"_prefab":{"__type__":"cc.PrefabInfo","root":{"__id__":1},"asset":{"__id__":0},"fileId":"8amRfkJXJNoK8Wwv4T3rpi","_synced":{"default":false,"serializable":false}},"_lpos":{"__type__":"cc.Vec3","y":30},"_lscale":{"__type__":"cc.Vec3","x":0.25,"y":0.25,"z":1},"_layer":33554432},{"__type__":"cc.Node","_name":"LvHeart","_parent":{"__id__":7},"_children":[{"__id__":12}],"_components":[{"__type__":"cc.UITransform","node":{"__id__":11},"_contentSize":{"__type__":"cc.Size","width":42,"height":38}},{"__type__":"cc.Sprite","node":{"__id__":11},"_spriteFrame":{"__uuid__":"3cO+XQeatJZIuMoAXYZCVZ@f9941"},"_sizeMode":0},{"__type__":"cc.Widget","_name":"LvHeart<Widget>","node":{"__id__":11},"_alignFlags":18,"_verticalCenter":-5}],"_prefab":{"__type__":"cc.PrefabInfo","root":{"__id__":1},"asset":{"__id__":0},"fileId":"45X1yu0YdPWZMb1jMK67b/","_synced":{"default":false,"serializable":false}},"_lpos":{"__type__":"cc.Vec3","y":-5},"_layer":33554432},{"__type__":"cc.Node","_name":"Lv","_parent":{"__id__":11},"_components":[{"__type__":"cc.UITransform","node":{"__id__":12},"_contentSize":{"__type__":"cc.Size","width":17.8,"height":50.4}},{"__type__":"cc.Label","node":{"__id__":12},"_string":"0","_actualFontSize":32,"_fontSize":32},{"__type__":"cc.Widget","_name":"Lv<Widget>","node":{"__id__":12},"_alignFlags":18,"_verticalCenter":4}],"_prefab":{"__type__":"cc.PrefabInfo","root":{"__id__":1},"asset":{"__id__":0},"fileId":"13T2AmLKFE6qjs9fYScUee","_synced":{"default":false,"serializable":false}},"_lpos":{"__type__":"cc.Vec3","y":4},"_lscale":{"__type__":"cc.Vec3","x":0.5,"y":0.5,"z":1},"_layer":33554432},{"__type__":"cc.Node","_name":"bgHistory","_parent":{"__id__":7},"_children":[{"__id__":14},{"__id__":15},{"__id__":16},{"__id__":17},{"__id__":18},{"__id__":19},{"__id__":20}],"_components":[{"__type__":"cc.UITransform","node":{"__id__":13},"_contentSize":{"__type__":"cc.Size","width":400,"height":48}},{"__type__":"cc.Widget","_name":"bgHistory<Widget>","node":{"__id__":13},"_alignFlags":18,"_verticalCenter":-50}],"_prefab":{"__type__":"cc.PrefabInfo","root":{"__id__":1},"asset":{"__id__":0},"fileId":"00sfdg5BtKJILJTc3088lQ","_synced":{"default":false,"serializable":false}},"_lpos":{"__type__":"cc.Vec3","y":-50},"_lscale":{"__type__":"cc.Vec3","x":0.5,"y":0.5,"z":1},"_layer":33554432},{"__type__":"cc.Node","_name":"Sprite","_parent":{"__id__":13},"_components":[{"__type__":"cc.UITransform","node":{"__id__":14},"_contentSize":{"__type__":"cc.Size","width":400,"height":48}},{"__type__":"cc.Sprite","node":{"__id__":14},"_color":{"__type__":"cc.Color","r":255,"g":255,"b":255,"a":124},"_spriteFrame":{"__uuid__":"efKnklItxAw4/7i15KF0WK@f9941"},"_type":1,"_sizeMode":0},{"__type__":"cc.Widget","node":{"__id__":14},"_alignFlags":45,"_originalWidth":80,"_originalHeight":56}],"_prefab":{"__type__":"cc.PrefabInfo","root":{"__id__":1},"asset":{"__id__":0},"fileId":"dfzZxmGb5FMZNYxy1/ahwT","_synced":{"default":false,"serializable":false}},"_layer":33554432},{"__type__":"cc.Node","_name":"victory","_parent":{"__id__":13},"_components":[{"__type__":"cc.UITransform","node":{"__id__":15},"_contentSize":{"__type__":"cc.Size","width":26.7,"height":85.68}},{"__type__":"cc.Label","node":{"__id__":15},"_color":{"__type__":"cc.Color","r":210,"g":107},"_string":"0","_actualFontSize":48,"_fontSize":48,"_lineHeight":68}],"_prefab":{"__type__":"cc.PrefabInfo","root":{"__id__":1},"asset":{"__id__":0},"fileId":"c6OfnfivRBTYc8MK+22wu6","_synced":{"default":false,"serializable":false}},"_lpos":{"__type__":"cc.Vec3","x":107.684},"_lscale":{"__type__":"cc.Vec3","x":0.5,"y":0.5,"z":1},"_layer":33554432},{"__type__":"cc.Node","_name":"txt1","_parent":{"__id__":13},"_components":[{"__type__":"cc.UITransform","node":{"__id__":16},"_contentSize":{"__type__":"cc.Size","width":192,"height":85.68}},{"__type__":"cc.Label","node":{"__id__":16},"_color":{"__type__":"cc.Color","r":51,"g":51,"b":51},"_string":"一起玩过","_actualFontSize":48,"_fontSize":48,"_lineHeight":68}],"_prefab":{"__type__":"cc.PrefabInfo","root":{"__id__":1},"asset":{"__id__":0},"fileId":"f7ZoXOmo1LSZV3kXdRFqZ3","_synced":{"default":false,"serializable":false}},"_lpos":{"__type__":"cc.Vec3","x":-122.48},"_lscale":{"__type__":"cc.Vec3","x":0.5,"y":0.5,"z":1},"_layer":33554432},{"__type__":"cc.Node","_name":"total","_parent":{"__id__":13},"_components":[{"__type__":"cc.UITransform","node":{"__id__":17},"_contentSize":{"__type__":"cc.Size","width":26.7,"height":85.68}},{"__type__":"cc.Label","node":{"__id__":17},"_color":{"__type__":"cc.Color","r":210,"g":107},"_string":"0","_actualFontSize":48,"_fontSize":48,"_lineHeight":68}],"_prefab":{"__type__":"cc.PrefabInfo","root":{"__id__":1},"asset":{"__id__":0},"fileId":"67YRWVFpNBl7IGcC8xV2f7","_synced":{"default":false,"serializable":false}},"_lpos":{"__type__":"cc.Vec3","x":-49.888},"_lscale":{"__type__":"cc.Vec3","x":0.5,"y":0.5,"z":1},"_layer":33554432},{"__type__":"cc.Node","_name":"txt3","_parent":{"__id__":13},"_components":[{"__type__":"cc.UITransform","node":{"__id__":18},"_contentSize":{"__type__":"cc.Size","width":48,"height":85.68}},{"__type__":"cc.Label","node":{"__id__":18},"_color":{"__type__":"cc.Color","r":51,"g":51,"b":51},"_string":"局","_actualFontSize":48,"_fontSize":48,"_lineHeight":68}],"_prefab":{"__type__":"cc.PrefabInfo","root":{"__id__":1},"asset":{"__id__":0},"fileId":"6dCbu7pwlOiJS+uLrrCQEz","_synced":{"default":false,"serializable":false}},"_lpos":{"__type__":"cc.Vec3","x":-13.228},"_lscale":{"__type__":"cc.Vec3","x":0.5,"y":0.5,"z":1},"_layer":33554432},{"__type__":"cc.Node","_name":"txt4","_parent":{"__id__":13},"_components":[{"__type__":"cc.UITransform","node":{"__id__":19},"_contentSize":{"__type__":"cc.Size","width":96,"height":85.68}},{"__type__":"cc.Label","node":{"__id__":19},"_color":{"__type__":"cc.Color","r":51,"g":51,"b":51},"_string":"胜利","_actualFontSize":48,"_fontSize":48,"_lineHeight":68}],"_prefab":{"__type__":"cc.PrefabInfo","root":{"__id__":1},"asset":{"__id__":0},"fileId":"da7BasZQlOBKbFNApmxOYc","_synced":{"default":false,"serializable":false}},"_lpos":{"__type__":"cc.Vec3","x":61.372},"_lscale":{"__type__":"cc.Vec3","x":0.5,"y":0.5,"z":1},"_layer":33554432},{"__type__":"cc.Node","_name":"txt6","_parent":{"__id__":13},"_components":[{"__type__":"cc.UITransform","node":{"__id__":20},"_contentSize":{"__type__":"cc.Size","width":48,"height":85.68}},{"__type__":"cc.Label","node":{"__id__":20},"_color":{"__type__":"cc.Color","r":51,"g":51,"b":51},"_string":"局","_actualFontSize":48,"_fontSize":48,"_lineHeight":68}],"_prefab":{"__type__":"cc.PrefabInfo","root":{"__id__":1},"asset":{"__id__":0},"fileId":"ac3cZ/XxRAC5qyJ6wiC4ma","_synced":{"default":false,"serializable":false}},"_lpos":{"__type__":"cc.Vec3","x":142.538},"_lscale":{"__type__":"cc.Vec3","x":0.5,"y":0.5,"z":1},"_layer":33554432},{"__type__":"cc.Node","_name":"Avatar","_parent":{"__id__":7},"_children":[{"__id__":22},{"__id__":23}],"_components":[{"__type__":"cc.UITransform","node":{"__id__":21},"_contentSize":{"__type__":"cc.Size","width":72,"height":72}},{"__type__":"cc.Widget","_name":"Avatar<Widget>","node":{"__id__":21},"_alignFlags":10,"_left":20},{"__type__":"cc.Sprite","node":{"__id__":21},"_color":{"__type__":"cc.Color","r":212,"g":235,"b":255},"_spriteFrame":{"__uuid__":"1a4xoh6HVEWak0edswvBBu@f9941"},"_sizeMode":0}],"_prefab":{"__type__":"cc.PrefabInfo","root":{"__id__":1},"asset":{"__id__":0},"fileId":"8cyXpDaVtJgKDIZG3+9uG4","_synced":{"default":false,"serializable":false}},"_lpos":{"__type__":"cc.Vec3","x":-131.5}},{"__type__":"cc.Node","_name":"Sprite","_parent":{"__id__":21},"_components":[{"__type__":"cc.UITransform","node":{"__id__":22},"_contentSize":{"__type__":"cc.Size","width":62,"height":62}},{"__type__":"cc.Sprite","node":{"__id__":22},"_materials":[{"__uuid__":"femcRHb0hNMa473b21u7RL"}],"_spriteFrame":{"__uuid__":"b700qgl01Oz59r+MlGadVq@f9941"},"_sizeMode":0}],"_prefab":{"__type__":"cc.PrefabInfo","root":{"__id__":1},"asset":{"__id__":0},"fileId":"4eBKQ9ZGNHzpE8bpiZ8KTp","_synced":{"default":false,"serializable":false}},"_layer":33554432},{"__type__":"cc.Node","_name":"isVip","_parent":{"__id__":21},"_components":[{"__type__":"cc.UITransform","node":{"__id__":23},"_contentSize":{"__type__":"cc.Size","width":32,"height":30}},{"__type__":"cc.Sprite","node":{"__id__":23},"_spriteFrame":{"__uuid__":"67UeHEu/FCv7RCHh8Jbt4F@f9941"},"_sizeMode":0},{"__type__":"cc.Widget","_name":"isVip<Widget>","node":{"__id__":23},"_alignFlags":17,"_top":-18}],"_prefab":{"__type__":"cc.PrefabInfo","root":{"__id__":1},"asset":{"__id__":0},"fileId":"93UUbJLoJJi7geSRkJ+m+8","_synced":{"default":false,"serializable":false}},"_lpos":{"__type__":"cc.Vec3","y":39},"_layer":33554432},{"__type__":"cc.Node","_name":"Avatar2","_parent":{"__id__":7},"_children":[{"__id__":25},{"__id__":26}],"_components":[{"__type__":"cc.UITransform","node":{"__id__":24},"_contentSize":{"__type__":"cc.Size","width":72,"height":72}},{"__type__":"cc.Widget","_name":"Avatar<Widget>","node":{"__id__":24},"_alignFlags":34,"_left":20,"_right":20},{"__type__":"cc.Sprite","node":{"__id__":24},"_color":{"__type__":"cc.Color","r":255,"g":217,"b":233},"_spriteFrame":{"__uuid__":"98dTulW3tDBqgoq9/0vVrw@f9941"},"_sizeMode":0}],"_prefab":{"__type__":"cc.PrefabInfo","root":{"__id__":1},"asset":{"__id__":0},"fileId":"c3ucW0FipPDbcBLnWUp8TN","_synced":{"default":false,"serializable":false}},"_lpos":{"__type__":"cc.Vec3","x":131.5}},{"__type__":"cc.Node","_name":"Sprite","_parent":{"__id__":24},"_components":[{"__type__":"cc.UITransform","node":{"__id__":25},"_contentSize":{"__type__":"cc.Size","width":62,"height":62}},{"__type__":"cc.Sprite","node":{"__id__":25},"_materials":[{"__uuid__":"femcRHb0hNMa473b21u7RL"}],"_spriteFrame":{"__uuid__":"b700qgl01Oz59r+MlGadVq@f9941"},"_sizeMode":0}],"_prefab":{"__type__":"cc.PrefabInfo","root":{"__id__":1},"asset":{"__id__":0},"fileId":"fbd7mEPUpFgJYLUeQWODdM","_synced":{"default":false,"serializable":false}},"_layer":33554432},{"__type__":"cc.Node","_name":"isVip","_parent":{"__id__":24},"_components":[{"__type__":"cc.UITransform","node":{"__id__":26},"_contentSize":{"__type__":"cc.Size","width":32,"height":30}},{"__type__":"cc.Sprite","node":{"__id__":26},"_spriteFrame":{"__uuid__":"67UeHEu/FCv7RCHh8Jbt4F@f9941"},"_sizeMode":0},{"__type__":"cc.Widget","_name":"isVip<Widget>","node":{"__id__":26},"_alignFlags":17,"_top":-18}],"_prefab":{"__type__":"cc.PrefabInfo","root":{"__id__":1},"asset":{"__id__":0},"fileId":"23pWh4cCFNyI8BxIYu7OSb","_synced":{"default":false,"serializable":false}},"_lpos":{"__type__":"cc.Vec3","y":39},"_layer":33554432},{"__type__":"cc.Node","_name":"career","_parent":{"__id__":6},"_children":[{"__id__":28},{"__id__":31}],"_components":[{"__type__":"cc.UITransform","node":{"__id__":27},"_contentSize":{"__type__":"cc.Size","width":355,"height":60}},{"__type__":"cc.Widget","_name":"career<Widget>","node":{"__id__":27},"_alignFlags":17,"_top":150}],"_prefab":{"__type__":"cc.PrefabInfo","root":{"__id__":1},"asset":{"__id__":0},"fileId":"9cJP8/phBOgZRGHUrkR0Ub","_synced":{"default":false,"serializable":false}},"_lpos":{"__type__":"cc.Vec3","y":-80},"_layer":33554432},{"__type__":"cc.Node","_name":"week","_parent":{"__id__":27},"_children":[{"__id__":29},{"__id__":30}],"_components":[{"__type__":"cc.UITransform","node":{"__id__":28},"_contentSize":{"__type__":"cc.Size","width":116,"height":50.4}},{"__type__":"cc.Layout","node":{"__id__":28},"_N$layoutType":1,"_spacingX":4,"_affectedByScale":true},{"__type__":"cc.Widget","_name":"week<Widget>","node":{"__id__":28},"_alignFlags":10,"_left":30}],"_prefab":{"__type__":"cc.PrefabInfo","root":{"__id__":1},"asset":{"__id__":0},"fileId":"0e3lnRLLFHqKy6BmrHDBGX","_synced":{"default":false,"serializable":false}},"_lpos":{"__type__":"cc.Vec3","x":-89.5},"_layer":33554432},{"__type__":"cc.Node","_name":"icon","_parent":{"__id__":28},"_components":[{"__type__":"cc.UITransform","node":{"__id__":29},"_contentSize":{"__type__":"cc.Size","width":22,"height":22}},{"__type__":"cc.Sprite","node":{"__id__":29},"_spriteFrame":{"__uuid__":"a1Wxxou7JOkYbor9GcAmxe@f9941"},"_sizeMode":0}],"_prefab":{"__type__":"cc.PrefabInfo","root":{"__id__":1},"asset":{"__id__":0},"fileId":"3012+DM99OT4dLdBtxLnme","_synced":{"default":false,"serializable":false}},"_lpos":{"__type__":"cc.Vec3","x":-47},"_layer":33554432},{"__type__":"cc.Node","_name":"txt","_parent":{"__id__":28},"_components":[{"__type__":"cc.UITransform","node":{"__id__":30},"_contentSize":{"__type__":"cc.Size","width":256,"height":201.6}},{"__type__":"cc.Label","node":{"__id__":30},"_color":{"__type__":"cc.Color","r":210,"g":107},"_string":"个人战绩","_actualFontSize":64,"_fontSize":64,"_lineHeight":160,"_enableWrapText":false,"_isBold":true}],"_prefab":{"__type__":"cc.PrefabInfo","root":{"__id__":1},"asset":{"__id__":0},"fileId":"0b/+roC3FEkaOrcCvG0JmQ","_synced":{"default":false,"serializable":false}},"_lscale":{"__type__":"cc.Vec3","x":0.25,"y":0.25,"z":1},"_layer":33554432},{"__type__":"cc.Node","_name":"weekData","_parent":{"__id__":27},"_children":[{"__id__":32},{"__id__":35},{"__id__":38}],"_components":[{"__type__":"cc.UITransform","node":{"__id__":31},"_contentSize":{"__type__":"cc.Size","width":120,"height":50}},{"__type__":"cc.Layout","node":{"__id__":31},"_N$layoutType":1,"_paddingLeft":10,"_paddingTop":5,"_spacingX":10},{"__type__":"cc.Widget","_name":"weekData<Widget>","node":{"__id__":31},"_alignFlags":34,"_right":30}],"_prefab":{"__type__":"cc.PrefabInfo","root":{"__id__":1},"asset":{"__id__":0},"fileId":"f2SEgTZBdDkpgQ3npwZ0BX","_synced":{"default":false,"serializable":false}},"_lpos":{"__type__":"cc.Vec3","x":87.5},"_layer":33554432},{"__type__":"cc.Node","_name":"num","_parent":{"__id__":31},"_children":[{"__id__":33},{"__id__":34}],"_components":[{"__type__":"cc.UITransform","node":{"__id__":32},"_contentSize":{"__type__":"cc.Size","width":32,"height":46.620000000000005}},{"__type__":"cc.Layout","node":{"__id__":32},"_resizeMode":2,"_N$layoutType":2}],"_prefab":{"__type__":"cc.PrefabInfo","root":{"__id__":1},"asset":{"__id__":0},"fileId":"c4GkRaR49PoaDvtQlt9JgC","_synced":{"default":false,"serializable":false}},"_lpos":{"__type__":"cc.Vec3","x":-34},"_layer":33554432},{"__type__":"cc.Node","_name":"key","_parent":{"__id__":32},"_components":[{"__type__":"cc.UITransform","node":{"__id__":33},"_contentSize":{"__type__":"cc.Size","width":96,"height":214.2}},{"__type__":"cc.Label","node":{"__id__":33},"_color":{"__type__":"cc.Color","r":228,"g":164,"b":97},"_string":"局数","_actualFontSize":48,"_fontSize":48,"_lineHeight":170}],"_prefab":{"__type__":"cc.PrefabInfo","root":{"__id__":1},"asset":{"__id__":0},"fileId":"78/r+HNxZMPqibWpJDypXd","_synced":{"default":false,"serializable":false}},"_lpos":{"__type__":"cc.Vec3","y":11.655000000000001},"_lscale":{"__type__":"cc.Vec3","x":0.25,"y":0.25,"z":1},"_layer":33554432},{"__type__":"cc.Node","_name":"value","_parent":{"__id__":32},"_components":[{"__type__":"cc.UITransform","node":{"__id__":34},"_contentSize":{"__type__":"cc.Size","width":31.14,"height":50.4}},{"__type__":"cc.Label","node":{"__id__":34},"_color":{"__type__":"cc.Color","r":210,"g":107},"_string":"0","_actualFontSize":56,"_fontSize":56}],"_prefab":{"__type__":"cc.PrefabInfo","root":{"__id__":1},"asset":{"__id__":0},"fileId":"fexLVWJZhEqKnvyCX5xo1f","_synced":{"default":false,"serializable":false}},"_lpos":{"__type__":"cc.Vec3","y":-11.655000000000001},"_lscale":{"__type__":"cc.Vec3","x":0.25,"y":0.25,"z":1},"_layer":33554432},{"__type__":"cc.Node","_name":"rate","_parent":{"__id__":31},"_children":[{"__id__":36},{"__id__":37}],"_components":[{"__type__":"cc.UITransform","node":{"__id__":35},"_contentSize":{"__type__":"cc.Size","width":32,"height":48}},{"__type__":"cc.Layout","node":{"__id__":35},"_resizeMode":2,"_N$layoutType":2}],"_prefab":{"__type__":"cc.PrefabInfo","root":{"__id__":1},"asset":{"__id__":0},"fileId":"05aYj7bp5Ha5EVjl6qi1RL","_synced":{"default":false,"serializable":false}},"_lpos":{"__type__":"cc.Vec3","x":8},"_layer":33554432},{"__type__":"cc.Node","_name":"key","_parent":{"__id__":35},"_components":[{"__type__":"cc.UITransform","node":{"__id__":36},"_contentSize":{"__type__":"cc.Size","width":96,"height":85.68}},{"__type__":"cc.Label","node":{"__id__":36},"_color":{"__type__":"cc.Color","r":228,"g":164,"b":97},"_string":"胜率","_actualFontSize":48,"_fontSize":48,"_lineHeight":68}],"_prefab":{"__type__":"cc.PrefabInfo","root":{"__id__":1},"asset":{"__id__":0},"fileId":"84CTwwV41HtZ/mI5Sm0Zlq","_synced":{"default":false,"serializable":false}},"_lpos":{"__type__":"cc.Vec3","y":12},"_lscale":{"__type__":"cc.Vec3","x":0.25,"y":0.25,"z":0.25},"_layer":33554432},{"__type__":"cc.Node","_name":"value","_parent":{"__id__":35},"_components":[{"__type__":"cc.UITransform","node":{"__id__":37},"_contentSize":{"__type__":"cc.Size","width":80.94,"height":100.8}},{"__type__":"cc.Label","node":{"__id__":37},"_color":{"__type__":"cc.Color","r":210,"g":107},"_string":"0%","_actualFontSize":56,"_fontSize":56,"_lineHeight":80}],"_prefab":{"__type__":"cc.PrefabInfo","root":{"__id__":1},"asset":{"__id__":0},"fileId":"2eOnmCyLRHmZtDstvWxTqV","_synced":{"default":false,"serializable":false}},"_lpos":{"__type__":"cc.Vec3","y":-12},"_lscale":{"__type__":"cc.Vec3","x":0.25,"y":0.25,"z":0.25},"_layer":33554432},{"__type__":"cc.Node","_name":"mvp","_parent":{"__id__":31},"_children":[{"__id__":39},{"__id__":40}],"_components":[{"__type__":"cc.UITransform","node":{"__id__":38},"_contentSize":{"__type__":"cc.Size","width":32,"height":46.620000000000005}}],"_prefab":{"__type__":"cc.PrefabInfo","root":{"__id__":1},"asset":{"__id__":0},"fileId":"16auGRiUBJ3oi2rBjsyJzL","_synced":{"default":false,"serializable":false}},"_lpos":{"__type__":"cc.Vec3","x":50},"_layer":33554432},{"__type__":"cc.Node","_name":"key","_parent":{"__id__":38},"_components":[{"__type__":"cc.UITransform","node":{"__id__":39},"_contentSize":{"__type__":"cc.Size","width":104.02,"height":42.84}},{"__type__":"cc.Label","node":{"__id__":39},"_color":{"__type__":"cc.Color","r":228,"g":164,"b":97},"_string":"MVP","_actualFontSize":48,"_fontSize":48,"_lineHeight":34}],"_prefab":{"__type__":"cc.PrefabInfo","root":{"__id__":1},"asset":{"__id__":0},"fileId":"baTlKOecRPKrO4oLRskRSi","_synced":{"default":false,"serializable":false}},"_lpos":{"__type__":"cc.Vec3","y":12},"_lscale":{"__type__":"cc.Vec3","x":0.25,"y":0.25,"z":1},"_layer":33554432},{"__type__":"cc.Node","_name":"value","_parent":{"__id__":38},"_components":[{"__type__":"cc.UITransform","node":{"__id__":40},"_contentSize":{"__type__":"cc.Size","width":31.14,"height":50.4}},{"__type__":"cc.Label","node":{"__id__":40},"_color":{"__type__":"cc.Color","r":210,"g":107},"_string":"0","_actualFontSize":56,"_fontSize":56}],"_prefab":{"__type__":"cc.PrefabInfo","root":{"__id__":1},"asset":{"__id__":0},"fileId":"01Tcf9ZCRKQrKcIoNUgGaG","_synced":{"default":false,"serializable":false}},"_lpos":{"__type__":"cc.Vec3","y":-12},"_lscale":{"__type__":"cc.Vec3","x":0.25,"y":0.25,"z":1},"_layer":33554432},{"__type__":"cc.Node","_name":"MatchButton","_parent":{"__id__":1},"_children":[{"__id__":42},{"__id__":44}],"_components":[{"__type__":"cc.UITransform","node":{"__id__":41},"_contentSize":{"__type__":"cc.Size","width":100,"height":200}},{"__type__":"cc.Widget","_name":"MatchButton<Widget>","node":{"__id__":41},"_alignFlags":20,"_bottom":10,"_verticalCenter":-0.3155997536945814,"_isAbsHorizontalCenter":false,"_isAbsVerticalCenter":false}],"_prefab":{"__type__":"cc.PrefabInfo","root":{"__id__":1},"asset":{"__id__":0},"fileId":"cfScLUiZVD24cVz8i5X+Ii","_synced":{"default":false,"serializable":false}},"_lpos":{"__type__":"cc.Vec3","y":-296},"_layer":33554432},{"__type__":"cc.Node","_name":"single","_parent":{"__id__":41},"_children":[{"__id__":43}],"_components":[{"__type__":"cc.UITransform","node":{"__id__":42},"_contentSize":{"__type__":"cc.Size","width":440,"height":88}},{"__type__":"cc.Sprite","node":{"__id__":42},"_spriteFrame":{"__uuid__":"2eyJ97g0ZEQaaUdXp0v9K+@f9941"},"_type":1,"_sizeMode":0},{"__type__":"cc.Button","node":{"__id__":42},"clickEvents":[{"__type__":"cc.ClickEvent"}],"_transition":3,"_normalSprite":{"__uuid__":"2eyJ97g0ZEQaaUdXp0v9K+@f9941"},"_zoomScale":0.9,"_target":{"__id__":42}},{"__type__":"cc.Widget","_name":"single<Widget>","node":{"__id__":42},"_alignFlags":18,"_bottom":75}],"_prefab":{"__type__":"cc.PrefabInfo","root":{"__id__":1},"asset":{"__id__":0},"fileId":"b7h64B8FNM3o4Ym7gNUoWF","_synced":{"default":false,"serializable":false}},"_lscale":{"__type__":"cc.Vec3","x":0.5,"y":0.5,"z":1},"_layer":33554432},{"__type__":"cc.Node","_name":"Label","_parent":{"__id__":42},"_components":[{"__type__":"cc.UITransform","node":{"__id__":43},"_contentSize":{"__type__":"cc.Size","width":482,"height":160}},{"__type__":"cc.Label","node":{"__id__":43},"_string":"快速组队","_actualFontSize":56,"_fontSize":56,"_lineHeight":80,"_overflow":1,"_enableWrapText":false},{"__type__":"cc.Widget","_name":"Label<Widget>","node":{"__id__":43},"_alignFlags":18}],"_prefab":{"__type__":"cc.PrefabInfo","root":{"__id__":1},"asset":{"__id__":0},"fileId":"b4E6fKW3BJILauo0L/mIrg","_synced":{"default":false,"serializable":false}},"_lscale":{"__type__":"cc.Vec3","x":0.5,"y":0.5,"z":1},"_layer":33554432},{"__type__":"cc.Node","_name":"lover","_parent":{"__id__":41},"_children":[{"__id__":45},{"__id__":46}],"_components":[{"__type__":"cc.UITransform","node":{"__id__":44},"_contentSize":{"__type__":"cc.Size","width":440,"height":88}},{"__type__":"cc.Sprite","node":{"__id__":44},"_spriteFrame":{"__uuid__":"b1Z646Z75Hl4UuALBiFdiT@f9941"},"_type":1,"_sizeMode":0},{"__type__":"cc.Button","node":{"__id__":44},"clickEvents":[{"__type__":"cc.ClickEvent"}],"_transition":3,"_normalSprite":{"__uuid__":"b1Z646Z75Hl4UuALBiFdiT@f9941"},"_zoomScale":0.9,"_target":{"__id__":44}},{"__type__":"cc.Widget","_name":"lover<Widget>","node":{"__id__":44},"_alignFlags":4,"_bottom":20}],"_prefab":{"__type__":"cc.PrefabInfo","root":{"__id__":1},"asset":{"__id__":0},"fileId":"a6Ncuhv45CNrCvkdeH2n0x","_synced":{"default":false,"serializable":false}},"_lpos":{"__type__":"cc.Vec3","y":-58},"_lscale":{"__type__":"cc.Vec3","x":0.5,"y":0.5,"z":1},"_layer":33554432},{"__type__":"cc.Node","_name":"icon","_parent":{"__id__":44},"_components":[{"__type__":"cc.UITransform","node":{"__id__":45},"_contentSize":{"__type__":"cc.Size","width":100,"height":80}},{"__type__":"cc.Sprite","node":{"__id__":45},"_spriteFrame":{"__uuid__":"83p3ZDvHJC6ZQHyh7i8et5@f9941"},"_sizeMode":0}],"_prefab":{"__type__":"cc.PrefabInfo","root":{"__id__":1},"asset":{"__id__":0},"fileId":"beE7HEsHpIzKrtAkmJXQvM","_synced":{"default":false,"serializable":false}},"_lpos":{"__type__":"cc.Vec3","x":-123.948},"_lscale":{"__type__":"cc.Vec3","x":0.6,"y":0.6,"z":1},"_layer":33554432},{"__type__":"cc.Node","_name":"Label","_parent":{"__id__":44},"_components":[{"__type__":"cc.UITransform","node":{"__id__":46},"_contentSize":{"__type__":"cc.Size","width":200,"height":40}},{"__type__":"cc.Label","node":{"__id__":46},"_color":{"__type__":"cc.Color","r":253,"g":83,"b":110},"_string":"和另一半一起玩","_actualFontSize":28,"_fontSize":28,"_overflow":1,"_enableWrapText":false},{"__type__":"cc.Widget","_name":"Label<Widget>","node":{"__id__":46},"_alignFlags":18,"_horizontalCenter":20}],"_prefab":{"__type__":"cc.PrefabInfo","root":{"__id__":1},"asset":{"__id__":0},"fileId":"2aHFcDsKRHaZcrojmQ1hGi","_synced":{"default":false,"serializable":false}},"_lpos":{"__type__":"cc.Vec3","x":20},"_layer":33554432},{"__type__":"cc.Node","_name":"Nav","_parent":{"__id__":1},"_children":[{"__id__":48},{"__id__":50},{"__id__":51}],"_components":[{"__type__":"cc.UITransform","node":{"__id__":47},"_contentSize":{"__type__":"cc.Size","width":375,"height":30}},{"__type__":"cc.Widget","_name":"Header<Widget>","node":{"__id__":47},"_alignFlags":41,"_top":40,"_originalWidth":375}],"_prefab":{"__type__":"cc.PrefabInfo","root":{"__id__":1},"asset":{"__id__":0},"fileId":"7f6jHhmWBIL4ov5C8la1Z5","_synced":{"default":false,"serializable":false}},"_lpos":{"__type__":"cc.Vec3","y":351}},{"__type__":"cc.Node","_name":"rules","_parent":{"__id__":47},"_children":[{"__id__":49}],"_components":[{"__type__":"cc.UITransform","node":{"__id__":48},"_contentSize":{"__type__":"cc.Size","width":76,"height":34}},{"__type__":"cc.Sprite","node":{"__id__":48},"_spriteFrame":{"__uuid__":"813mHP4gFHaqQvc0u8BLZK@f9941"},"_sizeMode":0},{"__type__":"cc.Widget","_name":"rules<Widget>","node":{"__id__":48},"_alignFlags":34,"_right":6}],"_prefab":{"__type__":"cc.PrefabInfo","root":{"__id__":1},"asset":{"__id__":0},"fileId":"07E7zDc6NM250OjjdPCaT7","_synced":{"default":false,"serializable":false}},"_lpos":{"__type__":"cc.Vec3","x":143.5},"_layer":33554432},{"__type__":"cc.Node","_name":"Sprite","_parent":{"__id__":48},"_components":[{"__type__":"cc.UITransform","node":{"__id__":49},"_contentSize":{"__type__":"cc.Size","width":13,"height":17}},{"__type__":"cc.Sprite","node":{"__id__":49},"_spriteFrame":{"__uuid__":"58dvFCCWJBiI8f4sJoQ/GU@f9941"},"_sizeMode":0}],"_prefab":{"__type__":"cc.PrefabInfo","root":{"__id__":1},"asset":{"__id__":0},"fileId":"90qtNjXShOebvOMfHNYotg","_synced":{"default":false,"serializable":false}},"_lpos":{"__type__":"cc.Vec3","x":-16.161,"y":0.7700000000000955},"_layer":33554432},{"__type__":"cc.Node","_name":"exit","_parent":{"__id__":47},"_components":[{"__type__":"cc.UITransform","node":{"__id__":50},"_contentSize":{"__type__":"cc.Size","width":34,"height":34}},{"__type__":"cc.Sprite","node":{"__id__":50},"_spriteFrame":{"__uuid__":"a68ryHOTFMhpIcqFswrFxE@f9941"},"_sizeMode":0},{"__type__":"cc.Widget","_name":"exit<Widget>","node":{"__id__":50},"_alignFlags":10,"_left":18}],"_prefab":{"__type__":"cc.PrefabInfo","root":{"__id__":1},"asset":{"__id__":0},"fileId":"ac7x5Hx2RJ35JB+jbQvIAa","_synced":{"default":false,"serializable":false}},"_lpos":{"__type__":"cc.Vec3","x":-155.9},"_lscale":{"__type__":"cc.Vec3","x":0.8,"y":0.8,"z":1},"_layer":33554432},{"__type__":"cc.Node","_name":"feedback","_parent":{"__id__":47},"_children":[{"__id__":52}],"_components":[{"__type__":"cc.UITransform","node":{"__id__":51},"_contentSize":{"__type__":"cc.Size","width":76,"height":34}},{"__type__":"cc.Sprite","node":{"__id__":51},"_spriteFrame":{"__uuid__":"e53gVwBRRLUbyQrh2jBc/S@f9941"},"_sizeMode":0},{"__type__":"cc.Widget","_name":"rules<Widget>","node":{"__id__":51},"_alignFlags":34,"_right":85}],"_prefab":{"__type__":"cc.PrefabInfo","root":{"__id__":1},"asset":{"__id__":0},"fileId":"7cTAtEQ6lNPLLW/aeRRjk6","_synced":{"default":false,"serializable":false}},"_lpos":{"__type__":"cc.Vec3","x":64.5},"_layer":33554432},{"__type__":"cc.Node","_name":"Sprite","_parent":{"__id__":51},"_components":[{"__type__":"cc.UITransform","node":{"__id__":52},"_contentSize":{"__type__":"cc.Size","width":15,"height":15}},{"__type__":"cc.Sprite","node":{"__id__":52},"_spriteFrame":{"__uuid__":"62NwafCcRJYp7XkEV2teUA@f9941"},"_sizeMode":0}],"_prefab":{"__type__":"cc.PrefabInfo","root":{"__id__":1},"asset":{"__id__":0},"fileId":"e86IXY63dKFIM72JqJdtV2","_synced":{"default":false,"serializable":false}},"_lpos":{"__type__":"cc.Vec3","x":-16.161,"y":0.77},"_layer":33554432},{"__type__":"cc.Node","_name":"sharePlatform","_parent":{"__id__":1},"_children":[{"__id__":54},{"__id__":55}],"_active":false,"_components":[{"__type__":"cc.UITransform","node":{"__id__":53},"_contentSize":{"__type__":"cc.Size","width":375,"height":812},"_anchorPoint":{"__type__":"cc.Vec2","x":0.5}},{"__type__":"cc.Widget","_name":"sharePlatform<Widget>","node":{"__id__":53},"_alignFlags":45,"_originalWidth":40,"_originalHeight":200}],"_prefab":{"__type__":"cc.PrefabInfo","root":{"__id__":1},"asset":{"__id__":0},"fileId":"6dqkwGAG5OvITSEVZGJEsE","_synced":{"default":false,"serializable":false}},"_lpos":{"__type__":"cc.Vec3","y":-406,"z":-2},"_layer":33554432},{"__type__":"cc.Node","_name":"maskBg","_parent":{"__id__":53},"_components":[{"__type__":"cc.UITransform","node":{"__id__":54},"_contentSize":{"__type__":"cc.Size","width":375,"height":812},"_anchorPoint":{"__type__":"cc.Vec2","x":0.5}},{"__type__":"cc.Sprite","node":{"__id__":54},"_color":{"__type__":"cc.Color","a":100},"_spriteFrame":{"__uuid__":"6fkl6VpxhEdpqawV6+t60C@f9941"},"_sizeMode":0},{"__type__":"cc.Widget","_name":"maskBg<Widget>","node":{"__id__":54},"_alignFlags":45,"_originalWidth":40,"_originalHeight":36},{"__type__":"cc.BlockInputEvents","node":{"__id__":54}}],"_prefab":{"__type__":"cc.PrefabInfo","root":{"__id__":1},"asset":{"__id__":0},"fileId":"c0UBOvcoZMZp96B2Og6t7f","_synced":{"default":false,"serializable":false}},"_layer":33554432},{"__type__":"cc.Node","_name":"content","_parent":{"__id__":53},"_children":[{"__id__":56},{"__id__":58},{"__id__":60},{"__id__":62}],"_components":[{"__type__":"cc.UITransform","node":{"__id__":55},"_contentSize":{"__type__":"cc.Size","width":375,"height":240},"_anchorPoint":{"__type__":"cc.Vec2","x":0.5}},{"__type__":"cc.Sprite","node":{"__id__":55},"_spriteFrame":{"__uuid__":"5b+vC+HXBAgJghjc0As3nf@f9941"},"_type":1,"_sizeMode":0},{"__type__":"cc.Widget","_name":"content<Widget>","node":{"__id__":55},"_alignFlags":44,"_bottom":-38,"_originalWidth":40}],"_prefab":{"__type__":"cc.PrefabInfo","root":{"__id__":1},"asset":{"__id__":0},"fileId":"31gWD5F9dJz6ZjHa3BRZZl","_synced":{"default":false,"serializable":false}},"_lpos":{"__type__":"cc.Vec3","y":-38},"_layer":33554432},{"__type__":"cc.Node","_name":"inApp","_parent":{"__id__":55},"_children":[{"__id__":57}],"_components":[{"__type__":"cc.UITransform","node":{"__id__":56},"_contentSize":{"__type__":"cc.Size","width":44,"height":44}},{"__type__":"cc.Sprite","node":{"__id__":56},"_spriteFrame":{"__uuid__":"d7ww/ui4hEwrtI6qzMys28@f9941"},"_sizeMode":0},{"__type__":"cc.Widget","_name":"inApp<Widget>","node":{"__id__":56},"_alignFlags":10,"_left":40,"_top":60,"_verticalCenter":40}],"_prefab":{"__type__":"cc.PrefabInfo","root":{"__id__":1},"asset":{"__id__":0},"fileId":"ccm8XHZHZN8pkXhgAAiCjT","_synced":{"default":false,"serializable":false}},"_lpos":{"__type__":"cc.Vec3","x":-125.5,"y":160},"_layer":33554432},{"__type__":"cc.Node","_name":"name","_parent":{"__id__":56},"_components":[{"__type__":"cc.UITransform","node":{"__id__":57},"_contentSize":{"__type__":"cc.Size","width":78,"height":50.4}},{"__type__":"cc.Label","node":{"__id__":57},"_color":{"__type__":"cc.Color","r":82,"g":64,"b":109},"_string":"悄悄话","_actualFontSize":26,"_fontSize":26},{"__type__":"cc.Widget","_name":"name<Widget>","node":{"__id__":57},"_alignFlags":20,"_bottom":-35}],"_prefab":{"__type__":"cc.PrefabInfo","root":{"__id__":1},"asset":{"__id__":0},"fileId":"59awxFYAVFypRyKSBxy6vX","_synced":{"default":false,"serializable":false}},"_lpos":{"__type__":"cc.Vec3","y":-44.4},"_lscale":{"__type__":"cc.Vec3","x":0.5,"y":0.5,"z":0.5},"_layer":33554432},{"__type__":"cc.Node","_name":"weChat","_parent":{"__id__":55},"_children":[{"__id__":59}],"_components":[{"__type__":"cc.UITransform","node":{"__id__":58},"_contentSize":{"__type__":"cc.Size","width":44,"height":44}},{"__type__":"cc.Sprite","node":{"__id__":58},"_spriteFrame":{"__uuid__":"f4J+8AaKRM05yKWPoZ4hD9@f9941"},"_sizeMode":0},{"__type__":"cc.Widget","_name":"weChat<Widget>","node":{"__id__":58},"_alignFlags":18,"_top":40,"_verticalCenter":40}],"_prefab":{"__type__":"cc.PrefabInfo","root":{"__id__":1},"asset":{"__id__":0},"fileId":"6fgq2psq9Fg7YgAu5GWHxc","_synced":{"default":false,"serializable":false}},"_lpos":{"__type__":"cc.Vec3","y":160},"_layer":33554432},{"__type__":"cc.Node","_name":"name","_parent":{"__id__":58},"_components":[{"__type__":"cc.UITransform","node":{"__id__":59},"_contentSize":{"__type__":"cc.Size","width":52,"height":50.4}},{"__type__":"cc.Label","node":{"__id__":59},"_color":{"__type__":"cc.Color","r":82,"g":64,"b":109},"_string":"微信","_actualFontSize":26,"_fontSize":26},{"__type__":"cc.Widget","_name":"name<Widget>","node":{"__id__":59},"_alignFlags":20,"_bottom":-35}],"_prefab":{"__type__":"cc.PrefabInfo","root":{"__id__":1},"asset":{"__id__":0},"fileId":"b7rug6DlhOFaojcOgqXrqc","_synced":{"default":false,"serializable":false}},"_lpos":{"__type__":"cc.Vec3","y":-44.4},"_lscale":{"__type__":"cc.Vec3","x":0.5,"y":0.5,"z":0.5},"_layer":33554432},{"__type__":"cc.Node","_name":"QQ","_parent":{"__id__":55},"_children":[{"__id__":61}],"_active":false,"_components":[{"__type__":"cc.UITransform","node":{"__id__":60},"_contentSize":{"__type__":"cc.Size","width":44,"height":44}},{"__type__":"cc.Sprite","node":{"__id__":60},"_spriteFrame":{"__uuid__":"61x7SczfZIJ5hMgByhVUoP@f9941"},"_sizeMode":0},{"__type__":"cc.Widget","_name":"QQ<Widget>","node":{"__id__":60},"_alignFlags":34,"_right":40,"_top":40,"_verticalCenter":40}],"_prefab":{"__type__":"cc.PrefabInfo","root":{"__id__":1},"asset":{"__id__":0},"fileId":"7dehSyHTJDP6KSotU+D6xs","_synced":{"default":false,"serializable":false}},"_lpos":{"__type__":"cc.Vec3","x":125.5,"y":160},"_layer":33554432},{"__type__":"cc.Node","_name":"name","_parent":{"__id__":60},"_components":[{"__type__":"cc.UITransform","node":{"__id__":61},"_contentSize":{"__type__":"cc.Size","width":40.45,"height":50.4}},{"__type__":"cc.Label","node":{"__id__":61},"_color":{"__type__":"cc.Color","r":82,"g":64,"b":109},"_string":"QQ","_actualFontSize":26,"_fontSize":26},{"__type__":"cc.Widget","_name":"name<Widget>","node":{"__id__":61},"_alignFlags":20,"_bottom":-35}],"_prefab":{"__type__":"cc.PrefabInfo","root":{"__id__":1},"asset":{"__id__":0},"fileId":"4bd3YV8V1MxY9Tm7Wbr9TA","_synced":{"default":false,"serializable":false}},"_lpos":{"__type__":"cc.Vec3","y":-44.4},"_lscale":{"__type__":"cc.Vec3","x":0.5,"y":0.5,"z":0.5},"_layer":33554432},{"__type__":"cc.Node","_name":"close","_parent":{"__id__":55},"_components":[{"__type__":"cc.UITransform","node":{"__id__":62},"_contentSize":{"__type__":"cc.Size","width":80,"height":50.4}},{"__type__":"cc.Widget","_name":"close<Widget>","node":{"__id__":62},"_alignFlags":44,"_top":-10,"_bottom":46,"_originalWidth":24},{"__type__":"cc.Label","node":{"__id__":62},"_color":{"__type__":"cc.Color","r":74,"g":144,"b":226},"_string":"取消","_actualFontSize":40}],"_prefab":{"__type__":"cc.PrefabInfo","root":{"__id__":1},"asset":{"__id__":0},"fileId":"75JiefEKtMfYqCm5dfsAsk","_synced":{"default":false,"serializable":false}},"_lpos":{"__type__":"cc.Vec3","y":58.6},"_lscale":{"__type__":"cc.Vec3","x":0.5,"y":0.5,"z":1},"_layer":33554432},{"__type__":"cc.Node","_name":"qq","_parent":{"__id__":1},"_children":[{"__id__":64},{"__id__":65},{"__id__":66},{"__id__":68}],"_active":false,"_components":[{"__type__":"cc.UITransform","node":{"__id__":63},"_contentSize":{"__type__":"cc.Size","width":375,"height":812}},{"__type__":"cc.Widget","node":{"__id__":63},"_alignFlags":45,"_originalWidth":100,"_originalHeight":100}],"_prefab":{"__type__":"cc.PrefabInfo","root":{"__id__":1},"asset":{"__id__":0},"fileId":"ef0Zi362VBo5IHfwSmUmX1","_synced":{"default":false,"serializable":false}}},{"__type__":"cc.Node","_name":"spBackground","_parent":{"__id__":63},"_components":[{"__type__":"cc.UITransform","node":{"__id__":64},"_contentSize":{"__type__":"cc.Size","width":375,"height":812}},{"__type__":"cc.Sprite","node":{"__id__":64},"_color":{"__type__":"cc.Color","a":160},"_spriteFrame":{"__uuid__":"6fkl6VpxhEdpqawV6+t60C@f9941"},"_sizeMode":0},{"__type__":"cc.Widget","_name":"spBackground<Widget>","node":{"__id__":64},"_alignFlags":45,"_originalWidth":40,"_originalHeight":36}],"_prefab":{"__type__":"cc.PrefabInfo","root":{"__id__":1},"asset":{"__id__":0},"fileId":"d33WP9UfREsYT61VaZwc+3","_synced":{"default":false,"serializable":false}},"_layer":33554432},{"__type__":"cc.Node","_name":"spContent","_parent":{"__id__":63},"_components":[{"__type__":"cc.UITransform","node":{"__id__":65},"_contentSize":{"__type__":"cc.Size","width":694,"height":800}},{"__type__":"cc.Sprite","node":{"__id__":65},"_spriteFrame":{"__uuid__":"2bmiCvmwZAhLm+Wz0jLvog@f9941"}},{"__type__":"cc.Widget","node":{"__id__":65},"_alignFlags":18}],"_prefab":{"__type__":"cc.PrefabInfo","root":{"__id__":1},"asset":{"__id__":0},"fileId":"58K7s4nJJIaILHp22C8pW4","_synced":{"default":false,"serializable":false}},"_lscale":{"__type__":"cc.Vec3","x":0.5,"y":0.5,"z":1},"_layer":33554432},{"__type__":"cc.Node","_name":"btnCopy","_parent":{"__id__":63},"_children":[{"__id__":67}],"_components":[{"__type__":"cc.UITransform","node":{"__id__":66},"_contentSize":{"__type__":"cc.Size","width":344,"height":88}},{"__type__":"cc.Sprite","node":{"__id__":66},"_spriteFrame":{"__uuid__":"2eyJ97g0ZEQaaUdXp0v9K+@f9941"},"_type":1,"_sizeMode":0},{"__type__":"cc.Button","node":{"__id__":66},"_transition":3,"_normalSprite":{"__uuid__":"2eyJ97g0ZEQaaUdXp0v9K+@f9941"},"_target":{"__id__":66}},{"__type__":"cc.Widget","node":{"__id__":66},"_alignFlags":18,"_verticalCenter":-130.69400000000002}],"_prefab":{"__type__":"cc.PrefabInfo","root":{"__id__":1},"asset":{"__id__":0},"fileId":"9eksNHi+ZN3rdPv+ZbWB2g","_synced":{"default":false,"serializable":false}},"_lpos":{"__type__":"cc.Vec3","y":-130.69400000000002},"_lscale":{"__type__":"cc.Vec3","x":0.5,"y":0.5,"z":1},"_layer":33554432},{"__type__":"cc.Node","_name":"lbCopy","_parent":{"__id__":66},"_components":[{"__type__":"cc.UITransform","node":{"__id__":67},"_contentSize":{"__type__":"cc.Size","width":128,"height":40.32}},{"__type__":"cc.Label","node":{"__id__":67},"_string":"复制群号","_actualFontSize":32,"_fontSize":32,"_lineHeight":32}],"_prefab":{"__type__":"cc.PrefabInfo","root":{"__id__":1},"asset":{"__id__":0},"fileId":"37P5KFDeVKpp+mBh/o+SCB","_synced":{"default":false,"serializable":false}},"_layer":33554432},{"__type__":"cc.Node","_name":"btnExit","_parent":{"__id__":63},"_components":[{"__type__":"cc.UITransform","node":{"__id__":68},"_contentSize":{"__type__":"cc.Size","width":32,"height":32}},{"__type__":"cc.Sprite","node":{"__id__":68},"_spriteFrame":{"__uuid__":"70OH2Q5MxK0aJ1/W04cE7C@f9941"},"_type":1,"_sizeMode":0},{"__type__":"cc.Button","node":{"__id__":68},"_transition":3,"_normalSprite":{"__uuid__":"70OH2Q5MxK0aJ1/W04cE7C@f9941"},"_target":{"__id__":68}},{"__type__":"cc.Widget","_name":"Button<Widget>","node":{"__id__":68},"_alignFlags":18,"_right":26.213000000000022,"_top":202.63,"_horizontalCenter":147.202,"_verticalCenter":185.72299999999996}],"_prefab":{"__type__":"cc.PrefabInfo","root":{"__id__":1},"asset":{"__id__":0},"fileId":"02fNmbhINMrLhLm5rXpNqj","_synced":{"default":false,"serializable":false}},"_lpos":{"__type__":"cc.Vec3","x":147.202,"y":185.72299999999996},"_layer":33554432}]
