[{"__type__":"cc.Prefab","data":{"__id__":1}},{"__type__":"cc.Node","_name":"center","_components":[{"__type__":"cc.MeshRenderer","_name":"Cylinder<ModelComponent>","node":{"__id__":1},"_materials":[{"__uuid__":"c3VczzjlxFWbcu7R23DszA"}],"lightmapSettings":{"__type__":"cc.ModelLightmapSettings"},"_mesh":{"__uuid__":"12Y9dMgWdJKJGmTiZyQR9H@8abdc"},"_shadowReceivingMode":0}],"_prefab":{"__type__":"cc.PrefabInfo","root":{"__id__":1},"asset":{"__id__":0},"fileId":"d0XBHhF8FFQ6J/rHYjUm4v","_synced":{"default":false,"serializable":false}},"_lpos":{"__type__":"cc.Vec3","y":1.568},"_lscale":{"__type__":"cc.Vec3","x":0.5,"y":0.001,"z":0.5}}]
