{"__type__":"cc.EffectAsset","_name":"builtin-standard","techniques":[{"name":"opaque","passes":[{"program":"builtin-standard|standard-vs:vert|standard-fs:frag","properties":{"tilingOffset":{"value":[1,1,0,0],"type":16},"mainColor":{"value":[1,1,1,1],"type":16,"handleInfo":["albedo",0,16]},"albedoScale":{"value":[1,1,1],"type":15,"handleInfo":["albedoScaleAndCutoff",0,15]},"alphaThreshold":{"value":[0.5],"type":13,"handleInfo":["albedoScaleAndCutoff",3,13]},"occlusion":{"value":[1],"type":13,"handleInfo":["pbrParams",0,13]},"roughness":{"value":[0.8],"type":13,"handleInfo":["pbrParams",1,13]},"metallic":{"value":[0.6],"type":13,"handleInfo":["pbrParams",2,13]},"normalStrenth":{"value":[1],"type":13,"handleInfo":["pbrParams",3,13]},"emissive":{"value":[0,0,0,1],"type":16},"emissiveScale":{"value":[1,1,1],"type":15,"handleInfo":["emissiveScaleParam",0,15]},"mainTexture":{"value":"grey","type":28,"handleInfo":["albedoMap",0,28]},"normalMap":{"value":"normal","type":28},"pbrMap":{"value":"grey","type":28},"metallicRoughnessMap":{"value":"grey","type":28},"occlusionMap":{"value":"white","type":28},"emissiveMap":{"value":"grey","type":28},"albedo":{"type":16,"value":[1,1,1,1]},"albedoScaleAndCutoff":{"type":16,"value":[1,1,1,0.5]},"pbrParams":{"type":16,"value":[1,0.8,0.6,1]},"emissiveScaleParam":{"type":16,"value":[1,1,1,0]},"albedoMap":{"type":28,"value":"grey"}}},{"phase":"forward-add","propertyIndex":0,"embeddedMacros":{"CC_FORWARD_ADD":true},"blendState":{"targets":[{"blend":true,"blendSrc":1,"blendDst":1,"blendSrcAlpha":0,"blendDstAlpha":1}]},"program":"builtin-standard|standard-vs:vert|standard-fs:frag","depthStencilState":{"depthFunc":2,"depthTest":true,"depthWrite":false},"properties":{"tilingOffset":{"value":[1,1,0,0],"type":16},"mainColor":{"value":[1,1,1,1],"type":16,"handleInfo":["albedo",0,16]},"albedoScale":{"value":[1,1,1],"type":15,"handleInfo":["albedoScaleAndCutoff",0,15]},"alphaThreshold":{"value":[0.5],"type":13,"handleInfo":["albedoScaleAndCutoff",3,13]},"occlusion":{"value":[1],"type":13,"handleInfo":["pbrParams",0,13]},"roughness":{"value":[0.8],"type":13,"handleInfo":["pbrParams",1,13]},"metallic":{"value":[0.6],"type":13,"handleInfo":["pbrParams",2,13]},"normalStrenth":{"value":[1],"type":13,"handleInfo":["pbrParams",3,13]},"emissive":{"value":[0,0,0,1],"type":16},"emissiveScale":{"value":[1,1,1],"type":15,"handleInfo":["emissiveScaleParam",0,15]},"mainTexture":{"value":"grey","type":28,"handleInfo":["albedoMap",0,28]},"normalMap":{"value":"normal","type":28},"pbrMap":{"value":"grey","type":28},"metallicRoughnessMap":{"value":"grey","type":28},"occlusionMap":{"value":"white","type":28},"emissiveMap":{"value":"grey","type":28},"albedo":{"type":16,"value":[1,1,1,1]},"albedoScaleAndCutoff":{"type":16,"value":[1,1,1,0.5]},"pbrParams":{"type":16,"value":[1,0.8,0.6,1]},"emissiveScaleParam":{"type":16,"value":[1,1,1,0]},"albedoMap":{"type":28,"value":"grey"}}},{"phase":"shadow-add","propertyIndex":0,"rasterizerState":{"cullMode":2},"program":"builtin-standard|shadow-caster-vs:vert|shadow-caster-fs:frag"}]},{"name":"transparent","passes":[{"blendState":{"targets":[{"blend":true,"blendSrc":2,"blendDst":4,"blendDstAlpha":4}]},"program":"builtin-standard|standard-vs:vert|standard-fs:frag","depthStencilState":{"depthTest":true,"depthWrite":false},"properties":{"tilingOffset":{"value":[1,1,0,0],"type":16},"mainColor":{"value":[1,1,1,1],"type":16,"handleInfo":["albedo",0,16]},"albedoScale":{"value":[1,1,1],"type":15,"handleInfo":["albedoScaleAndCutoff",0,15]},"alphaThreshold":{"value":[0.5],"type":13,"handleInfo":["albedoScaleAndCutoff",3,13]},"occlusion":{"value":[1],"type":13,"handleInfo":["pbrParams",0,13]},"roughness":{"value":[0.8],"type":13,"handleInfo":["pbrParams",1,13]},"metallic":{"value":[0.6],"type":13,"handleInfo":["pbrParams",2,13]},"normalStrenth":{"value":[1],"type":13,"handleInfo":["pbrParams",3,13]},"emissive":{"value":[0,0,0,1],"type":16},"emissiveScale":{"value":[1,1,1],"type":15,"handleInfo":["emissiveScaleParam",0,15]},"mainTexture":{"value":"grey","type":28,"handleInfo":["albedoMap",0,28]},"normalMap":{"value":"normal","type":28},"pbrMap":{"value":"grey","type":28},"metallicRoughnessMap":{"value":"grey","type":28},"occlusionMap":{"value":"white","type":28},"emissiveMap":{"value":"grey","type":28},"albedo":{"type":16,"value":[1,1,1,1]},"albedoScaleAndCutoff":{"type":16,"value":[1,1,1,0.5]},"pbrParams":{"type":16,"value":[1,0.8,0.6,1]},"emissiveScaleParam":{"type":16,"value":[1,1,1,0]},"albedoMap":{"type":28,"value":"grey"}}},{"phase":"forward-add","propertyIndex":0,"blendState":{"targets":[{"blend":true,"blendSrc":1,"blendDst":1}]},"program":"builtin-standard|standard-vs:vert|standard-fs:frag","depthStencilState":{"depthTest":true,"depthWrite":false},"properties":{"tilingOffset":{"value":[1,1,0,0],"type":16},"mainColor":{"value":[1,1,1,1],"type":16,"handleInfo":["albedo",0,16]},"albedoScale":{"value":[1,1,1],"type":15,"handleInfo":["albedoScaleAndCutoff",0,15]},"alphaThreshold":{"value":[0.5],"type":13,"handleInfo":["albedoScaleAndCutoff",3,13]},"occlusion":{"value":[1],"type":13,"handleInfo":["pbrParams",0,13]},"roughness":{"value":[0.8],"type":13,"handleInfo":["pbrParams",1,13]},"metallic":{"value":[0.6],"type":13,"handleInfo":["pbrParams",2,13]},"normalStrenth":{"value":[1],"type":13,"handleInfo":["pbrParams",3,13]},"emissive":{"value":[0,0,0,1],"type":16},"emissiveScale":{"value":[1,1,1],"type":15,"handleInfo":["emissiveScaleParam",0,15]},"mainTexture":{"value":"grey","type":28,"handleInfo":["albedoMap",0,28]},"normalMap":{"value":"normal","type":28},"pbrMap":{"value":"grey","type":28},"metallicRoughnessMap":{"value":"grey","type":28},"occlusionMap":{"value":"white","type":28},"emissiveMap":{"value":"grey","type":28},"albedo":{"type":16,"value":[1,1,1,1]},"albedoScaleAndCutoff":{"type":16,"value":[1,1,1,0.5]},"pbrParams":{"type":16,"value":[1,0.8,0.6,1]},"emissiveScaleParam":{"type":16,"value":[1,1,1,0]},"albedoMap":{"type":28,"value":"grey"}}},{"phase":"shadow-add","propertyIndex":0,"rasterizerState":{"cullMode":2},"program":"builtin-standard|shadow-caster-vs:vert|shadow-caster-fs:frag"}]}],"shaders":[{"hash":2971085360,"glsl1":{"vert":"\nprecision highp float;\nhighp float decode32 (highp vec4 rgba) {\n  rgba = rgba * 255.0;\n  highp float Sign = 1.0 - (step(128.0, (rgba[3]) + 0.5)) * 2.0;\n  highp float Exponent = 2.0 * (mod(float(int((rgba[3]) + 0.5)), 128.0)) + (step(128.0, (rgba[2]) + 0.5)) - 127.0;\n  highp float Mantissa = (mod(float(int((rgba[2]) + 0.5)), 128.0)) * 65536.0 + rgba[1] * 256.0 + rgba[0] + 8388608.0;\n  return Sign * exp2(Exponent - 23.0) * Mantissa;\n}\nstruct StandardVertInput {\n  highp vec4 position;\n  vec3 normal;\n  vec4 tangent;\n};\nattribute vec3 a_position;\nattribute vec3 a_normal;\nattribute vec2 a_texCoord;\nattribute vec4 a_tangent;\n#if CC_USE_MORPH\n    attribute float a_vertexId;\n    int getVertexId() {\n        return int(a_vertexId);\n    }\nuniform vec4 cc_displacementWeights[15];\nuniform vec4 cc_displacementTextureInfo;\nvec2 getPixelLocation(vec2 textureResolution, int pixelIndex) {\n    float pixelIndexF = float(pixelIndex);\n    float x = mod(pixelIndexF, textureResolution.x);\n    float y = floor(pixelIndexF / textureResolution.x);\n    return vec2(x, y);\n}\nvec2 getPixelCoordFromLocation(vec2 location, vec2 textureResolution) {\n    return (vec2(location.x, location.y) + .5) / textureResolution;\n}\n#if CC_SUPPORT_FLOAT_TEXTURE\n        vec4 fetchVec3ArrayFromTexture(sampler2D tex, int elementIndex) {\n            int pixelIndex = elementIndex;\n            vec2 location = getPixelLocation(cc_displacementTextureInfo.xy, pixelIndex);\n            vec2 uv = getPixelCoordFromLocation(location, cc_displacementTextureInfo.xy);\n            return texture2D(tex, uv);\n        }\n#else\n    vec4 fetchVec3ArrayFromTexture(sampler2D tex, int elementIndex) {\n        int pixelIndex = elementIndex * 4;\n        vec2 location = getPixelLocation(cc_displacementTextureInfo.xy, pixelIndex);\n        vec2 x = getPixelCoordFromLocation(location + vec2(0.0, 0.0), cc_displacementTextureInfo.xy);\n        vec2 y = getPixelCoordFromLocation(location + vec2(1.0, 0.0), cc_displacementTextureInfo.xy);\n        vec2 z = getPixelCoordFromLocation(location + vec2(2.0, 0.0), cc_displacementTextureInfo.xy);\n        return vec4(\n            decode32(texture2D(tex, x)),\n            decode32(texture2D(tex, y)),\n            decode32(texture2D(tex, z)),\n            1.0\n        );\n    }\n#endif\nfloat getDisplacementWeight(int index) {\n    int quot = index / 4;\n    int remainder = index - quot * 4;\n    if (remainder == 0) {\n        return cc_displacementWeights[quot].x;\n    } else if (remainder == 1) {\n        return cc_displacementWeights[quot].y;\n    } else if (remainder == 2) {\n        return cc_displacementWeights[quot].z;\n    } else {\n        return cc_displacementWeights[quot].w;\n    }\n}\nvec3 getVec3DisplacementFromTexture(sampler2D tex, int vertexIndex) {\n#if CC_MORPH_PRECOMPUTED\n    return fetchVec3ArrayFromTexture(tex, vertexIndex).rgb;\n#else\n    vec3 result = vec3(0, 0, 0);\n    for (int iTarget = 0; iTarget < CC_MORPH_TARGET_COUNT; ++iTarget) {\n        int dataPixelStart = int(fetchVec3ArrayFromTexture(tex, iTarget).r);\n        result += (fetchVec3ArrayFromTexture(tex, dataPixelStart + vertexIndex).rgb * getDisplacementWeight(iTarget));\n    }\n    return result;\n#endif\n}\n#if CC_MORPH_TARGET_HAS_POSITION\n    uniform sampler2D cc_PositionDisplacements;\n    vec3 getPositionDisplacement(int vertexId) {\n        return getVec3DisplacementFromTexture(cc_PositionDisplacements, vertexId);\n    }\n#endif\n#if CC_MORPH_TARGET_HAS_NORMAL\n    uniform sampler2D cc_NormalDisplacements;\n    vec3 getNormalDisplacement(int vertexId) {\n        return getVec3DisplacementFromTexture(cc_NormalDisplacements, vertexId);\n    }\n#endif\n#if CC_MORPH_TARGET_HAS_TANGENT\n    uniform sampler2D cc_TangentDisplacements;\n    vec3 getTangentDisplacement(int vertexId) {\n        return getVec3DisplacementFromTexture(cc_TangentDisplacements, vertexId);\n    }\n#endif\nvoid applyMorph (inout StandardVertInput attr) {\n    int vertexId = getVertexId();\n#if CC_MORPH_TARGET_HAS_POSITION\n    attr.position.xyz = attr.position.xyz + getPositionDisplacement(vertexId);\n#endif\n#if CC_MORPH_TARGET_HAS_NORMAL\n    attr.normal.xyz = attr.normal.xyz + getNormalDisplacement(vertexId);\n#endif\n#if CC_MORPH_TARGET_HAS_TANGENT\n    attr.tangent.xyz = attr.tangent.xyz + getTangentDisplacement(vertexId);\n#endif\n}\nvoid applyMorph (inout vec4 position) {\n#if CC_MORPH_TARGET_HAS_POSITION\n    position.xyz = position.xyz + getPositionDisplacement(getVertexId());\n#endif\n}\n#endif\n#if CC_USE_SKINNING\nattribute vec4 a_joints;\nattribute vec4 a_weights;\n#if CC_USE_BAKED_ANIMATION\n  #if USE_INSTANCING\n    attribute highp vec4 a_jointAnimInfo;\n  #endif\n  uniform highp vec4 cc_jointTextureInfo;\n  uniform highp vec4 cc_jointAnimInfo;\n  uniform highp sampler2D cc_jointTexture;\n  #else\n  uniform highp vec4 cc_joints[90];\n#endif\n#if CC_USE_BAKED_ANIMATION\n  #if CC_SUPPORT_FLOAT_TEXTURE\n    mat4 getJointMatrix (float i) {\n    #if USE_INSTANCING\n      highp float j = 3.0 * (a_jointAnimInfo.x * a_jointAnimInfo.y + i) + a_jointAnimInfo.z;\n    #else\n      highp float j = 3.0 * (cc_jointAnimInfo.x * cc_jointTextureInfo.y + i) + cc_jointTextureInfo.z;\n    #endif\n    highp float invSize = cc_jointTextureInfo.w;\n    highp float y = floor(j * invSize);\n    highp float x = j - y * cc_jointTextureInfo.x;\n    y = (y + 0.5) * invSize;\n      vec4 v1 = texture2D(cc_jointTexture, vec2((x + 0.5) * invSize, y));\n      vec4 v2 = texture2D(cc_jointTexture, vec2((x + 1.5) * invSize, y));\n      vec4 v3 = texture2D(cc_jointTexture, vec2((x + 2.5) * invSize, y));\n      return mat4(vec4(v1.xyz, 0.0), vec4(v2.xyz, 0.0), vec4(v3.xyz, 0.0), vec4(v1.w, v2.w, v3.w, 1.0));\n    }\n  #else\n    mat4 getJointMatrix (float i) {\n    #if USE_INSTANCING\n      highp float j = 12.0 * (a_jointAnimInfo.x * a_jointAnimInfo.y + i) + a_jointAnimInfo.z;\n    #else\n      highp float j = 12.0 * (cc_jointAnimInfo.x * cc_jointTextureInfo.y + i) + cc_jointTextureInfo.z;\n    #endif\n    highp float invSize = cc_jointTextureInfo.w;\n    highp float y = floor(j * invSize);\n    highp float x = j - y * cc_jointTextureInfo.x;\n    y = (y + 0.5) * invSize;\n      vec4 v1 = vec4(\n        decode32(texture2D(cc_jointTexture, vec2((x + 0.5) * invSize, y))),\n        decode32(texture2D(cc_jointTexture, vec2((x + 1.5) * invSize, y))),\n        decode32(texture2D(cc_jointTexture, vec2((x + 2.5) * invSize, y))),\n        decode32(texture2D(cc_jointTexture, vec2((x + 3.5) * invSize, y)))\n      );\n      vec4 v2 = vec4(\n        decode32(texture2D(cc_jointTexture, vec2((x + 4.5) * invSize, y))),\n        decode32(texture2D(cc_jointTexture, vec2((x + 5.5) * invSize, y))),\n        decode32(texture2D(cc_jointTexture, vec2((x + 6.5) * invSize, y))),\n        decode32(texture2D(cc_jointTexture, vec2((x + 7.5) * invSize, y)))\n      );\n      vec4 v3 = vec4(\n        decode32(texture2D(cc_jointTexture, vec2((x + 8.5) * invSize, y))),\n        decode32(texture2D(cc_jointTexture, vec2((x + 9.5) * invSize, y))),\n        decode32(texture2D(cc_jointTexture, vec2((x + 10.5) * invSize, y))),\n        decode32(texture2D(cc_jointTexture, vec2((x + 11.5) * invSize, y)))\n      );\n      return mat4(vec4(v1.xyz, 0.0), vec4(v2.xyz, 0.0), vec4(v3.xyz, 0.0), vec4(v1.w, v2.w, v3.w, 1.0));\n    }\n  #endif\n#else\n  mat4 getJointMatrix (float i) {\n    int idx = int(i);\n    vec4 v1 = cc_joints[idx * 3];\n    vec4 v2 = cc_joints[idx * 3 + 1];\n    vec4 v3 = cc_joints[idx * 3 + 2];\n    return mat4(vec4(v1.xyz, 0.0), vec4(v2.xyz, 0.0), vec4(v3.xyz, 0.0), vec4(v1.w, v2.w, v3.w, 1.0));\n  }\n#endif\nmat4 skinMatrix () {\n  return getJointMatrix(a_joints.x) * a_weights.x\n       + getJointMatrix(a_joints.y) * a_weights.y\n       + getJointMatrix(a_joints.z) * a_weights.z\n       + getJointMatrix(a_joints.w) * a_weights.w;\n}\nvoid CCSkin (inout vec4 position) {\n  mat4 m = skinMatrix();\n  position = m * position;\n}\nvoid CCSkin (inout StandardVertInput attr) {\n  mat4 m = skinMatrix();\n  attr.position = m * attr.position;\n  attr.normal = (m * vec4(attr.normal, 0.0)).xyz;\n  attr.tangent.xyz = (m * vec4(attr.tangent.xyz, 0.0)).xyz;\n}\n#endif\nuniform highp mat4 cc_matView;\nuniform highp mat4 cc_matProj;\nuniform highp vec4 cc_cameraPos;\nuniform mediump vec4 cc_fogBase;\nuniform mediump vec4 cc_fogAdd;\n#if USE_INSTANCING\n  attribute vec4 a_matWorld0;\n  attribute vec4 a_matWorld1;\n  attribute vec4 a_matWorld2;\n  #if USE_LIGHTMAP\n    attribute vec4 a_lightingMapUVParam;\n  #endif\n#elif USE_BATCHING\n  attribute float a_dyn_batch_id;\n  uniform highp mat4 cc_matWorlds[10];\n#else\nuniform highp mat4 cc_matWorld;\nuniform highp mat4 cc_matWorldIT;\nuniform highp vec4 cc_lightingMapUVParam;\n#endif\nuniform vec4 tilingOffset;\nfloat LinearFog(vec4 pos) {\n    vec4 wPos = pos;\n    float cam_dis = distance(cc_cameraPos, wPos);\n    float fogStart = cc_fogBase.x;\n    float fogEnd = cc_fogBase.y;\n    return clamp((fogEnd - cam_dis) / (fogEnd - fogStart), 0., 1.);\n}\nfloat ExpFog(vec4 pos) {\n    vec4 wPos = pos;\n    float fogAtten = cc_fogAdd.z;\n    float fogDensity = cc_fogBase.z;\n    float cam_dis = distance(cc_cameraPos, wPos) / fogAtten * 4.;\n    float f = exp(-cam_dis * fogDensity);\n    return f;\n}\nfloat ExpSquaredFog(vec4 pos) {\n    vec4 wPos = pos;\n    float fogAtten = cc_fogAdd.z;\n    float fogDensity = cc_fogBase.z;\n    float cam_dis = distance(cc_cameraPos, wPos) / fogAtten * 4.;\n    float f = exp(-cam_dis * cam_dis * fogDensity * fogDensity);\n    return f;\n}\nfloat LayeredFog(vec4 pos) {\n    vec4 wPos = pos;\n    float fogAtten = cc_fogAdd.z;\n    float _FogTop = cc_fogAdd.x;\n    float _FogRange = cc_fogAdd.y;\n    vec3 camWorldProj = cc_cameraPos.xyz;\n    camWorldProj.y = 0.;\n    vec3 worldPosProj = wPos.xyz;\n    worldPosProj.y = 0.;\n    float fDeltaD = distance(worldPosProj, camWorldProj) / fogAtten * 2.0;\n    float fDeltaY, fDensityIntegral;\n    if (cc_cameraPos.y > _FogTop) {\n        if (wPos.y < _FogTop) {\n            fDeltaY = (_FogTop - wPos.y) / _FogRange * 2.0;\n            fDensityIntegral = fDeltaY * fDeltaY * 0.5;\n        } else {\n            fDeltaY = 0.;\n            fDensityIntegral = 0.;\n        }\n    } else {\n        if (wPos.y < _FogTop) {\n            float fDeltaA = (_FogTop - cc_cameraPos.y) / _FogRange * 2.;\n            float fDeltaB = (_FogTop - wPos.y) / _FogRange * 2.;\n            fDeltaY = abs(fDeltaA - fDeltaB);\n            fDensityIntegral = abs((fDeltaA * fDeltaA * 0.5) - (fDeltaB * fDeltaB * 0.5));\n        } else {\n            fDeltaY = abs(_FogTop - cc_cameraPos.y) / _FogRange * 2.;\n            fDensityIntegral = abs(fDeltaY * fDeltaY * 0.5);\n        }\n    }\n    float fDensity;\n    if (fDeltaY != 0.) {\n        fDensity = (sqrt(1.0 + ((fDeltaD / fDeltaY) * (fDeltaD / fDeltaY)))) * fDensityIntegral;\n    } else {\n        fDensity = 0.;\n    }\n    float f = exp(-fDensity);\n    return f;\n}\nfloat CC_TRANSFER_FOG(vec4 pos) {\n    #if CC_USE_FOG == 1\n        return LinearFog(pos);\n\t#elif CC_USE_FOG == 2\n        return ExpFog(pos);\n    #elif CC_USE_FOG == 3\n        return ExpSquaredFog(pos);\n    #elif CC_USE_FOG == 4\n        return LayeredFog(pos);\n    #endif\n    return 1.;\n}\nvarying vec4 v_shadowPos;\nuniform highp mat4 cc_matLightViewProj;\n#if USE_VERTEX_COLOR\n  attribute vec3 a_color;\n  varying vec3 v_color;\n#endif\nvarying vec3 v_position;\nvarying vec3 v_normal;\nvarying vec2 v_uv;\nvarying vec2 v_uv1;\nvarying float v_fog_factor;\n#if USE_NORMAL_MAP\n  varying vec3 v_tangent;\n  varying vec3 v_bitangent;\n#endif\n#if HAS_SECOND_UV || USE_LIGHTMAP\n  attribute vec2 a_texCoord1;\n#endif\n#if USE_LIGHTMAP && !USE_BATCHING && !CC_FORWARD_ADD\n  varying vec2 v_luv;\nvoid CCLightingMapCaclUV()\n{\n#if !USE_INSTANCING\n      v_luv = cc_lightingMapUVParam.xy + a_texCoord1 * cc_lightingMapUVParam.zw;\n#else\n      v_luv = a_lightingMapUVParam.xy + a_texCoord1 * a_lightingMapUVParam.zw;\n#endif\n}\n#endif\nvec4 vert () {\n  StandardVertInput In;\n  In.position = vec4(a_position, 1.0);\n  In.normal = a_normal;\n  In.tangent = a_tangent;\n  #if CC_USE_MORPH\n    applyMorph(In);\n  #endif\n  #if CC_USE_SKINNING\n    CCSkin(In);\n  #endif\n  mat4 matWorld, matWorldIT;\n  #if USE_INSTANCING\n    matWorld = mat4(\n      vec4(a_matWorld0.xyz, 0.0),\n      vec4(a_matWorld1.xyz, 0.0),\n      vec4(a_matWorld2.xyz, 0.0),\n      vec4(a_matWorld0.w, a_matWorld1.w, a_matWorld2.w, 1.0)\n    );\n    matWorldIT = matWorld;\n  #elif USE_BATCHING\n    matWorld = cc_matWorlds[int(a_dyn_batch_id)];\n    matWorldIT = matWorld;\n  #else\n    matWorld = cc_matWorld;\n    matWorldIT = cc_matWorldIT;\n  #endif\n  vec4 pos = matWorld * In.position;\n  v_position = pos.xyz;\n  v_normal = normalize((matWorldIT * vec4(In.normal, 0.0)).xyz);\n  #if USE_NORMAL_MAP\n    v_tangent = normalize((matWorld * vec4(In.tangent.xyz, 0.0)).xyz);\n    v_bitangent = cross(v_normal, v_tangent) * In.tangent.w;\n  #endif\n  v_uv = a_texCoord * tilingOffset.xy + tilingOffset.zw;\n  #if HAS_SECOND_UV\n    v_uv1 = a_texCoord1 * tilingOffset.xy + tilingOffset.zw;\n  #endif\n  #if USE_VERTEX_COLOR\n    v_color = a_color;\n  #endif\n  v_fog_factor = CC_TRANSFER_FOG(matWorld * In.position);\n  #if USE_LIGHTMAP && !USE_BATCHING && !CC_FORWARD_ADD\n    CCLightingMapCaclUV();\n  #endif\n    v_shadowPos = cc_matLightViewProj * pos;\n  return cc_matProj * (cc_matView * matWorld) * In.position;\n}\nvoid main() { gl_Position = vert(); }","frag":"\n#ifdef GL_EXT_shader_texture_lod\n#extension GL_EXT_shader_texture_lod: enable\n#endif\nprecision highp float;\nuniform highp vec4 cc_cameraPos;\nuniform mediump vec4 cc_exposure;\nuniform mediump vec4 cc_mainLitDir;\nuniform mediump vec4 cc_mainLitColor;\nuniform mediump vec4 cc_ambientSky;\nuniform mediump vec4 cc_ambientGround;\nuniform mediump vec4 cc_fogColor;\nuniform lowp vec4 cc_shadowColor;\nuniform lowp vec4 cc_shadowPCF;\nuniform lowp vec4 cc_shadowSize;\n#if CC_USE_IBL\nuniform samplerCube cc_environment;\nvec3 unpackRGBE (vec4 rgbe) {\n  return rgbe.rgb * pow(2.0, rgbe.a * 255.0 - 128.0);\n}\nvec4 fragTextureLod (sampler2D tex, vec2 coord, float lod) {\n    #ifdef GL_EXT_shader_texture_lod\n      return texture2DLodEXT(tex, coord, lod);\n    #else\n      return texture2D(tex, coord, lod);\n    #endif\n}\nvec4 fragTextureLod (samplerCube tex, vec3 coord, float lod) {\n    #ifdef GL_EXT_shader_texture_lod\n      return textureCubeLodEXT(tex, coord, lod);\n    #else\n      return textureCube(tex, coord, lod);\n    #endif\n}\n#endif\n#if USE_LIGHTMAP && !USE_BATCHING && !CC_FORWARD_ADD\n  varying vec2 v_luv;\nuniform sampler2D cc_lightingMap;\n#endif\nvec3 SRGBToLinear (vec3 gamma) {\n  return gamma * gamma;\n}\nfloat GGXMobile (float roughness, float NoH, vec3 H, vec3 N) {\n  vec3 NxH = cross(N, H);\n  float OneMinusNoHSqr = dot(NxH, NxH);\n  float a = roughness * roughness;\n  float n = NoH * a;\n  float p = a / (OneMinusNoHSqr + n * n);\n  return p * p;\n}\nfloat CalcSpecular (float roughness, float NoH, vec3 H, vec3 N) {\n  return (roughness*0.25 + 0.25) * GGXMobile(roughness, NoH, H, N);\n}\nvec3 BRDFApprox (vec3 specular, float roughness, float NoV) {\n  const vec4 c0 = vec4(-1.0, -0.0275, -0.572, 0.022);\n  const vec4 c1 = vec4(1.0, 0.0425, 1.04, -0.04);\n  vec4 r = roughness * c0 + c1;\n  float a004 = min( r.x * r.x, exp2( -9.28 * NoV ) ) * r.x + r.y;\n  vec2 AB = vec2( -1.04, 1.04 ) * a004 + r.zw;\n  AB.y *= clamp(50.0 * specular.g, 0.0, 1.0);\n  return specular * AB.x + AB.y;\n}\nstruct StandardSurface {\n  vec4 albedo;\n  vec3 position;\n  vec3 normal;\n  vec3 emissive;\n  float roughness;\n  float metallic;\n  float occlusion;\n};\n#if CC_FORWARD_ADD\nuniform highp vec4 cc_lightPos[1];\nuniform vec4 cc_lightColor[1];\nuniform vec4 cc_lightSizeRangeAngle[1];\nuniform vec4 cc_lightDir[1];\nfloat SmoothDistAtt (float distSqr, float invSqrAttRadius) {\n  float factor = distSqr * invSqrAttRadius;\n  float smoothFactor = clamp(1.0 - factor * factor, 0.0, 1.0);\n  return smoothFactor * smoothFactor;\n}\nfloat GetDistAtt (float distSqr, float invSqrAttRadius) {\n  float attenuation = 1.0 / max(distSqr, 0.01*0.01);\n  attenuation *= SmoothDistAtt(distSqr , invSqrAttRadius);\n  return attenuation;\n}\nfloat GetAngleAtt (vec3 L, vec3 litDir, float litAngleScale, float litAngleOffset) {\n  float cd = dot(litDir, L);\n  float attenuation = clamp(cd * litAngleScale + litAngleOffset, 0.0, 1.0);\n  return (attenuation * attenuation);\n}\n  vec4 CCStandardShading (StandardSurface s) {\n    vec3 diffuse = s.albedo.rgb * (1.0 - s.metallic);\n    vec3 specular = mix(vec3(0.04), s.albedo.rgb, s.metallic);\n    vec3 diffuseContrib = diffuse / 3.14159265359;\n    vec3 N = normalize(s.normal);\n    vec3 V = normalize(cc_cameraPos.xyz - s.position);\n    float NV = max(abs(dot(N, V)), 0.001);\n    specular = BRDFApprox(specular, s.roughness, NV);\n    vec3 finalColor = vec3(0.0);\n    for (int i = 0; i < 1; i++) {\n      vec3 SLU = cc_lightPos[i].xyz - s.position;\n      vec3 SL = normalize(SLU);\n      vec3 SH = normalize(SL + V);\n      float SNL = max(dot(N, SL), 0.001);\n      float SNH = max(dot(N, SH), 0.0);\n      float distSqr = dot(SLU, SLU);\n      float litRadius = cc_lightSizeRangeAngle[i].x;\n      float litRadiusSqr = litRadius * litRadius;\n      float illum = 3.14159265359 * (litRadiusSqr / max(litRadiusSqr , distSqr));\n      float attRadiusSqrInv = 1.0 / max(cc_lightSizeRangeAngle[i].y, 0.01);\n      attRadiusSqrInv *= attRadiusSqrInv;\n      float att = GetDistAtt(distSqr, attRadiusSqrInv);\n      vec3 lspec = specular * CalcSpecular(s.roughness, SNH, SH, N);\n      if (cc_lightPos[i].w > 0.0) {\n        float cosInner = max(dot(-cc_lightDir[i].xyz, SL), 0.01);\n        float cosOuter = cc_lightSizeRangeAngle[i].z;\n        float litAngleScale = 1.0 / max(0.001, cosInner - cosOuter);\n        float litAngleOffset = -cosOuter * litAngleScale;\n        att *= GetAngleAtt(SL, -cc_lightDir[i].xyz, litAngleScale, litAngleOffset);\n      }\n      finalColor += SNL * cc_lightColor[i].rgb * cc_lightColor[i].w * illum * att * (diffuseContrib + lspec);\n    }\n    finalColor = finalColor * s.occlusion;\n    return vec4(finalColor, 0.0);\n  }\n#else\n  #if CC_RECEIVE_SHADOW\nvarying vec4 v_shadowPos;\nuniform sampler2D cc_shadowMap;\nfloat CCGetShadowFactorX1 () {\n  vec3 clipPos = v_shadowPos.xyz / v_shadowPos.w * 0.5 + 0.5;\n  if (clipPos.x < 0.0 || clipPos.x > 1.0 ||\n\t    clipPos.y < 0.0 || clipPos.y > 1.0 ||\n\t\t  clipPos.z <-1.0 || clipPos.z > 1.0) { return 0.0; }\n  float closestDepth = dot(texture2D(cc_shadowMap, clipPos.xy), vec4(1.0, 1.0 / 255.0, 1.0 / 65025.0, 1.0 / 160581375.0));\n  float shadow = step(closestDepth, clipPos.z - 0.001);\n  return shadow;\n}\nfloat CCGetShadowFactorX5 () {\n  vec3 clipPos = v_shadowPos.xyz / v_shadowPos.w * 0.5 + 0.5;\n  if (clipPos.x < 0.0 || clipPos.x > 1.0 ||\n\t    clipPos.y < 0.0 || clipPos.y > 1.0 ||\n\t\t  clipPos.z <-1.0 || clipPos.z > 1.0) { return 0.0; }\n  float offsetx = 1.0 / cc_shadowSize.x;\n  float offsety = 1.0 / cc_shadowSize.y;\n  float shadow = 0.0;\n  float closestDepth = 0.0;\n  closestDepth = dot(texture2D(cc_shadowMap, vec2(clipPos.x - offsetx, clipPos.y - offsety)), vec4(1.0, 1.0 / 255.0, 1.0 / 65025.0, 1.0 / 160581375.0));\n  shadow += step(closestDepth, clipPos.z - 0.001);\n  closestDepth = dot(texture2D(cc_shadowMap, vec2(clipPos.x - offsetx, clipPos.y + offsety)), vec4(1.0, 1.0 / 255.0, 1.0 / 65025.0, 1.0 / 160581375.0));\n  shadow += step(closestDepth, clipPos.z - 0.001);\n  closestDepth = dot(texture2D(cc_shadowMap, vec2(clipPos.x, clipPos.y)), vec4(1.0, 1.0 / 255.0, 1.0 / 65025.0, 1.0 / 160581375.0));\n  shadow += step(closestDepth, clipPos.z - 0.001);\n  closestDepth = dot(texture2D(cc_shadowMap, vec2(clipPos.x + offsetx, clipPos.y - offsety)), vec4(1.0, 1.0 / 255.0, 1.0 / 65025.0, 1.0 / 160581375.0));\n  shadow += step(closestDepth, clipPos.z - 0.001);\n  closestDepth = dot(texture2D(cc_shadowMap, vec2(clipPos.x + offsetx, clipPos.y + offsety)), vec4(1.0, 1.0 / 255.0, 1.0 / 65025.0, 1.0 / 160581375.0));\n  shadow += step(closestDepth, clipPos.z - 0.001);\n  return shadow /= 5.0;\n}\nfloat CCGetShadowFactorX9 () {\n  vec3 clipPos = v_shadowPos.xyz / v_shadowPos.w * 0.5 + 0.5;\n  if (clipPos.x < 0.0 || clipPos.x > 1.0 ||\n\t    clipPos.y < 0.0 || clipPos.y > 1.0 ||\n\t\t  clipPos.z <-1.0 || clipPos.z > 1.0) { return 0.0; }\n  float offsetx = 1.0 / cc_shadowSize.x;\n  float offsety = 1.0 / cc_shadowSize.y;\n  float shadow = 0.0;\n  for (int i = -1; i <= 1; i++) {\n    for (int j = -1; j <= 1; j++) {\n      float closestDepth = dot(texture2D(cc_shadowMap, clipPos.xy + vec2(i, j) * vec2(offsetx, offsety)), vec4(1.0, 1.0 / 255.0, 1.0 / 65025.0, 1.0 / 160581375.0));\n      shadow += step(closestDepth, clipPos.z - 0.001);\n    }\n  }\n  return shadow /= 9.0;\n}\nfloat CCGetShadowFactorX25 () {\n  vec3 clipPos = v_shadowPos.xyz / v_shadowPos.w * 0.5 + 0.5;\n  if (clipPos.x < 0.0 || clipPos.x > 1.0 ||\n\t    clipPos.y < 0.0 || clipPos.y > 1.0 ||\n\t\t  clipPos.z <-1.0 || clipPos.z > 1.0) { return 0.0; }\n  float offsetx = 1.0 / cc_shadowSize.x;\n  float offsety = 1.0 / cc_shadowSize.y;\n  float shadow = 0.0;\n  for (int i = -2; i <= 2; i++) {\n    for (int j = -2; j <= 2; j++) {\n      float closestDepth = dot(texture2D(cc_shadowMap, clipPos.xy + vec2(i, j) * vec2(offsetx, offsety)), vec4(1.0, 1.0 / 255.0, 1.0 / 65025.0, 1.0 / 160581375.0));\n      shadow += step(closestDepth, clipPos.z - 0.001);\n    }\n  }\n  return shadow /= 25.0;\n}\n  #endif\n  vec4 CCStandardShading (StandardSurface s) {\n    vec3 diffuse = s.albedo.rgb * (1.0 - s.metallic);\n    vec3 specular = mix(vec3(0.04), s.albedo.rgb, s.metallic);\n    vec3 N = normalize(s.normal);\n    vec3 V = normalize(cc_cameraPos.xyz - s.position);\n    float NV = max(abs(dot(N, V)), 0.001);\n    specular = BRDFApprox(specular, s.roughness, NV);\n    vec3 L = normalize(-cc_mainLitDir.xyz);\n    vec3 H = normalize(L+V);\n    float NH = max(dot(N, H), 0.0);\n    float NL = max(dot(N, L), 0.001);\n    vec3 finalColor = NL * cc_mainLitColor.rgb * cc_mainLitColor.w;\n    #if USE_LIGHTMAP && !USE_BATCHING && !CC_FORWARD_ADD\n      vec4 lightmap = texture2D(cc_lightingMap, v_luv);\n      finalColor = lightmap.a * lightmap.rgb + (1.0 - lightmap.a) * finalColor;\n    #endif\n    vec3 diffuseContrib = diffuse / 3.14159265359;\n    vec3 specularContrib = specular * CalcSpecular(s.roughness, NH, H, N);\n    finalColor *= (diffuseContrib + specularContrib);\n    float fAmb = 0.5 - N.y * 0.5;\n    vec3 ambDiff = mix(cc_ambientSky.rgb, cc_ambientGround.rgb, fAmb) * cc_ambientSky.w;\n    finalColor += (ambDiff.rgb * diffuse);\n    #if CC_USE_IBL\n      vec3 R = normalize(reflect(-V, N));\n      vec4 envmap = fragTextureLod(cc_environment, R, s.roughness * cc_ambientGround.w);\n      #if CC_USE_IBL == 2\n        vec3 env = unpackRGBE(envmap);\n      #else\n        vec3 env = SRGBToLinear(envmap.rgb);\n      #endif\n      finalColor += env * cc_ambientSky.w * specular;\n    #endif\n    finalColor = finalColor * s.occlusion;\n    #if CC_USE_HDR\n      s.emissive *= cc_exposure.w;\n    #endif\n    finalColor += s.emissive;\n    #if CC_RECEIVE_SHADOW\n      float pcf = cc_shadowPCF.x + 0.001;\n      float shadowAttenuation = 0.0;\n      if (pcf > 3.0) {shadowAttenuation = CCGetShadowFactorX25();}\n      else if (3.0 > pcf && pcf > 2.0) {shadowAttenuation = CCGetShadowFactorX9();}\n      else if (2.0 > pcf && pcf > 1.0) {shadowAttenuation = CCGetShadowFactorX5();}\n      else {shadowAttenuation = CCGetShadowFactorX1();}\n      vec3 shadowColor = cc_shadowColor.rgb * cc_shadowColor.a + finalColor * (1.0 - cc_shadowColor.a);\n      finalColor = shadowColor.rgb * shadowAttenuation + finalColor.rgb * (1.0 - shadowAttenuation);\n    #endif\n    return vec4(finalColor, s.albedo.a);\n  }\n#endif\nvec3 ACESToneMap (vec3 color) {\n  color = min(color, vec3(8.0));\n  const float A = 2.51;\n  const float B = 0.03;\n  const float C = 2.43;\n  const float D = 0.59;\n  const float E = 0.14;\n  return (color * (A * color + B)) / (color * (C * color + D) + E);\n}\nvec4 CCFragOutput (vec4 color) {\n  #if !CC_USE_HDR\n    color.rgb = sqrt(ACESToneMap(color.rgb));\n  #endif\n  return color;\n}\nuniform vec4 albedo;\nuniform vec4 albedoScaleAndCutoff;\nuniform vec4 pbrParams;\nuniform vec4 emissive;\nuniform vec4 emissiveScaleParam;\nvarying vec3 v_position;\nvarying vec2 v_uv;\nvarying vec2 v_uv1;\nvarying vec3 v_normal;\nvarying float v_fog_factor;\n#if USE_VERTEX_COLOR\n  varying vec3 v_color;\n#endif\n#if USE_ALBEDO_MAP\n  uniform sampler2D albedoMap;\n#endif\n#if USE_NORMAL_MAP\n  varying vec3 v_tangent;\n  varying vec3 v_bitangent;\n  uniform sampler2D normalMap;\n#endif\n#if USE_PBR_MAP\n  uniform sampler2D pbrMap;\n#endif\n#if USE_METALLIC_ROUGHNESS_MAP\n  uniform sampler2D metallicRoughnessMap;\n#endif\n#if USE_OCCLUSION_MAP\n  uniform sampler2D occlusionMap;\n#endif\n#if USE_EMISSIVE_MAP\n  uniform sampler2D emissiveMap;\n#endif\n#if USE_ALPHA_TEST\n#endif\nvoid surf (out StandardSurface s) {\n  vec4 baseColor = albedo;\n  #if USE_VERTEX_COLOR\n    baseColor.rgb *= v_color;\n  #endif\n  #if USE_ALBEDO_MAP\n    vec4 texColor = texture2D(albedoMap, ALBEDO_UV);\n    texColor.rgb = SRGBToLinear(texColor.rgb);\n    baseColor *= texColor;\n  #endif\n  s.albedo = baseColor;\n  s.albedo.rgb *= albedoScaleAndCutoff.xyz;\n  #if USE_ALPHA_TEST\n    if (s.albedo.ALPHA_TEST_CHANNEL < albedoScaleAndCutoff.w) discard;\n  #endif\n  s.normal = v_normal;\n  #if USE_NORMAL_MAP\n    vec3 nmmp = texture2D(normalMap, NORMAL_UV).xyz - vec3(0.5);\n    s.normal =\n      (nmmp.x * pbrParams.w) * normalize(v_tangent) +\n      (nmmp.y * pbrParams.w) * normalize(v_bitangent) +\n      nmmp.z * normalize(s.normal);\n  #endif\n  s.position = v_position;\n  vec4 pbr = pbrParams;\n  #if USE_PBR_MAP\n    vec4 res = texture2D(pbrMap, PBR_UV);\n    pbr.x *= res.r;\n    pbr.y *= res.g;\n    pbr.z *= res.b;\n  #endif\n  #if USE_METALLIC_ROUGHNESS_MAP\n    vec4 metallicRoughness = texture2D(metallicRoughnessMap, PBR_UV);\n    pbr.z *= metallicRoughness.b;\n    pbr.y *= metallicRoughness.g;\n  #endif\n  #if USE_OCCLUSION_MAP\n    pbr.x *= texture2D(occlusionMap, PBR_UV).r;\n  #endif\n  s.occlusion = clamp(pbr.x, 0.0, 0.96);\n  s.roughness = clamp(pbr.y, 0.04, 1.0);\n  s.metallic = pbr.z;\n  s.emissive = emissive.rgb * emissiveScaleParam.xyz;\n  #if USE_EMISSIVE_MAP\n    s.emissive *= SRGBToLinear(texture2D(emissiveMap, EMISSIVE_UV).rgb);\n  #endif\n}\nvec4 frag () {\n  StandardSurface s; surf(s);\n  vec4 color = CCStandardShading(s);\n  color = vec4(mix(CC_FORWARD_ADD > 0 ? vec3(0.0) : cc_fogColor.rgb, color.rgb, v_fog_factor), color.a);\n  return CCFragOutput(color);\n}\nvoid main() { gl_FragColor = frag(); }"},"builtins":{"globals":{"blocks":[{"name":"CCGlobal","defines":[]},{"name":"CCShadow","defines":[]}],"samplers":[{"name":"cc_environment","defines":["CC_USE_IBL"]},{"name":"cc_shadowMap","defines":["!CC_FORWARD_ADD","CC_RECEIVE_SHADOW"]}]},"locals":{"blocks":[{"name":"CCMorph","defines":["CC_USE_MORPH"]},{"name":"CCSkinningTexture","defines":["CC_USE_SKINNING","CC_USE_BAKED_ANIMATION"]},{"name":"CCSkinningAnimation","defines":["CC_USE_SKINNING","CC_USE_BAKED_ANIMATION"]},{"name":"CCSkinning","defines":["CC_USE_SKINNING","!CC_USE_BAKED_ANIMATION"]},{"name":"CCLocalBatched","defines":["!USE_INSTANCING","USE_BATCHING"]},{"name":"CCLocal","defines":["!USE_INSTANCING","!USE_BATCHING"]},{"name":"CCForwardLight","defines":["CC_FORWARD_ADD"]}],"samplers":[{"name":"cc_PositionDisplacements","defines":["CC_USE_MORPH","CC_MORPH_TARGET_HAS_POSITION"]},{"name":"cc_NormalDisplacements","defines":["CC_USE_MORPH","CC_MORPH_TARGET_HAS_NORMAL"]},{"name":"cc_TangentDisplacements","defines":["CC_USE_MORPH","CC_MORPH_TARGET_HAS_TANGENT"]},{"name":"cc_jointTexture","defines":["CC_USE_SKINNING","CC_USE_BAKED_ANIMATION"]},{"name":"cc_lightingMap","defines":["USE_LIGHTMAP","!USE_BATCHING","!CC_FORWARD_ADD"]}]}},"defines":[{"name":"CC_USE_MORPH","type":"boolean"},{"name":"CC_MORPH_TARGET_COUNT","type":"number","range":[2,8]},{"name":"CC_SUPPORT_FLOAT_TEXTURE","type":"boolean"},{"name":"CC_MORPH_PRECOMPUTED","type":"boolean"},{"name":"CC_MORPH_TARGET_HAS_POSITION","type":"boolean"},{"name":"CC_MORPH_TARGET_HAS_NORMAL","type":"boolean"},{"name":"CC_MORPH_TARGET_HAS_TANGENT","type":"boolean"},{"name":"CC_USE_SKINNING","type":"boolean"},{"name":"CC_USE_BAKED_ANIMATION","type":"boolean"},{"name":"USE_INSTANCING","type":"boolean"},{"name":"USE_BATCHING","type":"boolean"},{"name":"USE_LIGHTMAP","type":"boolean"},{"name":"CC_USE_FOG","type":"number","range":[0,4]},{"name":"CC_FORWARD_ADD","type":"boolean"},{"name":"USE_VERTEX_COLOR","type":"boolean"},{"name":"USE_NORMAL_MAP","type":"boolean"},{"name":"HAS_SECOND_UV","type":"boolean"},{"name":"CC_USE_IBL","type":"number","range":[0,2]},{"name":"CC_RECEIVE_SHADOW","type":"boolean"},{"name":"CC_USE_HDR","type":"boolean"},{"name":"USE_ALBEDO_MAP","type":"boolean"},{"name":"ALBEDO_UV","type":"string","options":["v_uv","v_uv1"]},{"name":"NORMAL_UV","type":"string","options":["v_uv","v_uv1"]},{"name":"PBR_UV","type":"string","options":["v_uv","v_uv1"]},{"name":"USE_PBR_MAP","type":"boolean"},{"name":"USE_METALLIC_ROUGHNESS_MAP","type":"boolean"},{"name":"USE_OCCLUSION_MAP","type":"boolean"},{"name":"USE_EMISSIVE_MAP","type":"boolean"},{"name":"EMISSIVE_UV","type":"string","options":["v_uv","v_uv1"]},{"name":"USE_ALPHA_TEST","type":"boolean"},{"name":"ALPHA_TEST_CHANNEL","type":"string","options":["a","r"]}],"blocks":[{"name":"Constants","members":[{"name":"tilingOffset","type":16,"count":1},{"name":"albedo","type":16,"count":1},{"name":"albedoScaleAndCutoff","type":16,"count":1},{"name":"pbrParams","type":16,"count":1},{"name":"emissive","type":16,"count":1},{"name":"emissiveScaleParam","type":16,"count":1}],"defines":[],"stageFlags":17,"binding":0}],"samplers":[{"name":"albedoMap","type":28,"count":1,"defines":["USE_ALBEDO_MAP"],"stageFlags":16,"binding":1},{"name":"normalMap","type":28,"count":1,"defines":["USE_NORMAL_MAP"],"stageFlags":16,"binding":2},{"name":"pbrMap","type":28,"count":1,"defines":["USE_PBR_MAP"],"stageFlags":16,"binding":3},{"name":"metallicRoughnessMap","type":28,"count":1,"defines":["USE_METALLIC_ROUGHNESS_MAP"],"stageFlags":16,"binding":4},{"name":"occlusionMap","type":28,"count":1,"defines":["USE_OCCLUSION_MAP"],"stageFlags":16,"binding":5},{"name":"emissiveMap","type":28,"count":1,"defines":["USE_EMISSIVE_MAP"],"stageFlags":16,"binding":6}],"attributes":[{"name":"a_position","type":15,"count":1,"defines":[],"stageFlags":1,"format":32,"location":0},{"name":"a_normal","type":15,"count":1,"defines":[],"stageFlags":1,"format":32,"location":1},{"name":"a_texCoord","type":14,"count":1,"defines":[],"stageFlags":1,"format":21,"location":2},{"name":"a_tangent","type":16,"count":1,"defines":[],"stageFlags":1,"format":44,"location":3},{"name":"a_vertexId","type":13,"count":1,"defines":["CC_USE_MORPH"],"stageFlags":1,"format":11,"location":6},{"name":"a_joints","type":12,"count":1,"defines":["CC_USE_SKINNING"],"stageFlags":1,"format":42,"location":4},{"name":"a_weights","type":16,"count":1,"defines":["CC_USE_SKINNING"],"stageFlags":1,"format":44,"location":5},{"name":"a_jointAnimInfo","type":16,"count":1,"defines":["CC_USE_SKINNING","CC_USE_BAKED_ANIMATION","USE_INSTANCING"],"stageFlags":1,"format":44,"isInstanced":true,"location":7},{"name":"a_matWorld0","type":16,"count":1,"defines":["USE_INSTANCING"],"stageFlags":1,"format":44,"isInstanced":true,"location":8},{"name":"a_matWorld1","type":16,"count":1,"defines":["USE_INSTANCING"],"stageFlags":1,"format":44,"isInstanced":true,"location":9},{"name":"a_matWorld2","type":16,"count":1,"defines":["USE_INSTANCING"],"stageFlags":1,"format":44,"isInstanced":true,"location":10},{"name":"a_lightingMapUVParam","type":16,"count":1,"defines":["USE_INSTANCING","USE_LIGHTMAP"],"stageFlags":1,"format":44,"isInstanced":true,"location":11},{"name":"a_dyn_batch_id","type":13,"count":1,"defines":["!USE_INSTANCING","USE_BATCHING"],"stageFlags":1,"format":11,"location":12},{"name":"a_color","type":15,"count":1,"defines":["USE_VERTEX_COLOR"],"stageFlags":1,"format":32,"location":13},{"name":"a_texCoord1","type":14,"count":1,"defines":[],"stageFlags":1,"format":21,"location":14}],"record":null,"name":"builtin-standard|standard-vs:vert|standard-fs:frag"},{"hash":868488122,"glsl1":{"vert":"\nprecision highp float;\nhighp float decode32 (highp vec4 rgba) {\n  rgba = rgba * 255.0;\n  highp float Sign = 1.0 - (step(128.0, (rgba[3]) + 0.5)) * 2.0;\n  highp float Exponent = 2.0 * (mod(float(int((rgba[3]) + 0.5)), 128.0)) + (step(128.0, (rgba[2]) + 0.5)) - 127.0;\n  highp float Mantissa = (mod(float(int((rgba[2]) + 0.5)), 128.0)) * 65536.0 + rgba[1] * 256.0 + rgba[0] + 8388608.0;\n  return Sign * exp2(Exponent - 23.0) * Mantissa;\n}\nstruct StandardVertInput {\n  highp vec4 position;\n  vec3 normal;\n  vec4 tangent;\n};\nattribute vec3 a_position;\nattribute vec3 a_normal;\nattribute vec2 a_texCoord;\nattribute vec4 a_tangent;\n#if CC_USE_MORPH\n    attribute float a_vertexId;\n    int getVertexId() {\n        return int(a_vertexId);\n    }\nuniform vec4 cc_displacementWeights[15];\nuniform vec4 cc_displacementTextureInfo;\nvec2 getPixelLocation(vec2 textureResolution, int pixelIndex) {\n    float pixelIndexF = float(pixelIndex);\n    float x = mod(pixelIndexF, textureResolution.x);\n    float y = floor(pixelIndexF / textureResolution.x);\n    return vec2(x, y);\n}\nvec2 getPixelCoordFromLocation(vec2 location, vec2 textureResolution) {\n    return (vec2(location.x, location.y) + .5) / textureResolution;\n}\n#if CC_SUPPORT_FLOAT_TEXTURE\n        vec4 fetchVec3ArrayFromTexture(sampler2D tex, int elementIndex) {\n            int pixelIndex = elementIndex;\n            vec2 location = getPixelLocation(cc_displacementTextureInfo.xy, pixelIndex);\n            vec2 uv = getPixelCoordFromLocation(location, cc_displacementTextureInfo.xy);\n            return texture2D(tex, uv);\n        }\n#else\n    vec4 fetchVec3ArrayFromTexture(sampler2D tex, int elementIndex) {\n        int pixelIndex = elementIndex * 4;\n        vec2 location = getPixelLocation(cc_displacementTextureInfo.xy, pixelIndex);\n        vec2 x = getPixelCoordFromLocation(location + vec2(0.0, 0.0), cc_displacementTextureInfo.xy);\n        vec2 y = getPixelCoordFromLocation(location + vec2(1.0, 0.0), cc_displacementTextureInfo.xy);\n        vec2 z = getPixelCoordFromLocation(location + vec2(2.0, 0.0), cc_displacementTextureInfo.xy);\n        return vec4(\n            decode32(texture2D(tex, x)),\n            decode32(texture2D(tex, y)),\n            decode32(texture2D(tex, z)),\n            1.0\n        );\n    }\n#endif\nfloat getDisplacementWeight(int index) {\n    int quot = index / 4;\n    int remainder = index - quot * 4;\n    if (remainder == 0) {\n        return cc_displacementWeights[quot].x;\n    } else if (remainder == 1) {\n        return cc_displacementWeights[quot].y;\n    } else if (remainder == 2) {\n        return cc_displacementWeights[quot].z;\n    } else {\n        return cc_displacementWeights[quot].w;\n    }\n}\nvec3 getVec3DisplacementFromTexture(sampler2D tex, int vertexIndex) {\n#if CC_MORPH_PRECOMPUTED\n    return fetchVec3ArrayFromTexture(tex, vertexIndex).rgb;\n#else\n    vec3 result = vec3(0, 0, 0);\n    for (int iTarget = 0; iTarget < CC_MORPH_TARGET_COUNT; ++iTarget) {\n        int dataPixelStart = int(fetchVec3ArrayFromTexture(tex, iTarget).r);\n        result += (fetchVec3ArrayFromTexture(tex, dataPixelStart + vertexIndex).rgb * getDisplacementWeight(iTarget));\n    }\n    return result;\n#endif\n}\n#if CC_MORPH_TARGET_HAS_POSITION\n    uniform sampler2D cc_PositionDisplacements;\n    vec3 getPositionDisplacement(int vertexId) {\n        return getVec3DisplacementFromTexture(cc_PositionDisplacements, vertexId);\n    }\n#endif\n#if CC_MORPH_TARGET_HAS_NORMAL\n    uniform sampler2D cc_NormalDisplacements;\n    vec3 getNormalDisplacement(int vertexId) {\n        return getVec3DisplacementFromTexture(cc_NormalDisplacements, vertexId);\n    }\n#endif\n#if CC_MORPH_TARGET_HAS_TANGENT\n    uniform sampler2D cc_TangentDisplacements;\n    vec3 getTangentDisplacement(int vertexId) {\n        return getVec3DisplacementFromTexture(cc_TangentDisplacements, vertexId);\n    }\n#endif\nvoid applyMorph (inout StandardVertInput attr) {\n    int vertexId = getVertexId();\n#if CC_MORPH_TARGET_HAS_POSITION\n    attr.position.xyz = attr.position.xyz + getPositionDisplacement(vertexId);\n#endif\n#if CC_MORPH_TARGET_HAS_NORMAL\n    attr.normal.xyz = attr.normal.xyz + getNormalDisplacement(vertexId);\n#endif\n#if CC_MORPH_TARGET_HAS_TANGENT\n    attr.tangent.xyz = attr.tangent.xyz + getTangentDisplacement(vertexId);\n#endif\n}\nvoid applyMorph (inout vec4 position) {\n#if CC_MORPH_TARGET_HAS_POSITION\n    position.xyz = position.xyz + getPositionDisplacement(getVertexId());\n#endif\n}\n#endif\n#if CC_USE_SKINNING\nattribute vec4 a_joints;\nattribute vec4 a_weights;\n#if CC_USE_BAKED_ANIMATION\n  #if USE_INSTANCING\n    attribute highp vec4 a_jointAnimInfo;\n  #endif\n  uniform highp vec4 cc_jointTextureInfo;\n  uniform highp vec4 cc_jointAnimInfo;\n  uniform highp sampler2D cc_jointTexture;\n  #else\n  uniform highp vec4 cc_joints[90];\n#endif\n#if CC_USE_BAKED_ANIMATION\n  #if CC_SUPPORT_FLOAT_TEXTURE\n    mat4 getJointMatrix (float i) {\n    #if USE_INSTANCING\n      highp float j = 3.0 * (a_jointAnimInfo.x * a_jointAnimInfo.y + i) + a_jointAnimInfo.z;\n    #else\n      highp float j = 3.0 * (cc_jointAnimInfo.x * cc_jointTextureInfo.y + i) + cc_jointTextureInfo.z;\n    #endif\n    highp float invSize = cc_jointTextureInfo.w;\n    highp float y = floor(j * invSize);\n    highp float x = j - y * cc_jointTextureInfo.x;\n    y = (y + 0.5) * invSize;\n      vec4 v1 = texture2D(cc_jointTexture, vec2((x + 0.5) * invSize, y));\n      vec4 v2 = texture2D(cc_jointTexture, vec2((x + 1.5) * invSize, y));\n      vec4 v3 = texture2D(cc_jointTexture, vec2((x + 2.5) * invSize, y));\n      return mat4(vec4(v1.xyz, 0.0), vec4(v2.xyz, 0.0), vec4(v3.xyz, 0.0), vec4(v1.w, v2.w, v3.w, 1.0));\n    }\n  #else\n    mat4 getJointMatrix (float i) {\n    #if USE_INSTANCING\n      highp float j = 12.0 * (a_jointAnimInfo.x * a_jointAnimInfo.y + i) + a_jointAnimInfo.z;\n    #else\n      highp float j = 12.0 * (cc_jointAnimInfo.x * cc_jointTextureInfo.y + i) + cc_jointTextureInfo.z;\n    #endif\n    highp float invSize = cc_jointTextureInfo.w;\n    highp float y = floor(j * invSize);\n    highp float x = j - y * cc_jointTextureInfo.x;\n    y = (y + 0.5) * invSize;\n      vec4 v1 = vec4(\n        decode32(texture2D(cc_jointTexture, vec2((x + 0.5) * invSize, y))),\n        decode32(texture2D(cc_jointTexture, vec2((x + 1.5) * invSize, y))),\n        decode32(texture2D(cc_jointTexture, vec2((x + 2.5) * invSize, y))),\n        decode32(texture2D(cc_jointTexture, vec2((x + 3.5) * invSize, y)))\n      );\n      vec4 v2 = vec4(\n        decode32(texture2D(cc_jointTexture, vec2((x + 4.5) * invSize, y))),\n        decode32(texture2D(cc_jointTexture, vec2((x + 5.5) * invSize, y))),\n        decode32(texture2D(cc_jointTexture, vec2((x + 6.5) * invSize, y))),\n        decode32(texture2D(cc_jointTexture, vec2((x + 7.5) * invSize, y)))\n      );\n      vec4 v3 = vec4(\n        decode32(texture2D(cc_jointTexture, vec2((x + 8.5) * invSize, y))),\n        decode32(texture2D(cc_jointTexture, vec2((x + 9.5) * invSize, y))),\n        decode32(texture2D(cc_jointTexture, vec2((x + 10.5) * invSize, y))),\n        decode32(texture2D(cc_jointTexture, vec2((x + 11.5) * invSize, y)))\n      );\n      return mat4(vec4(v1.xyz, 0.0), vec4(v2.xyz, 0.0), vec4(v3.xyz, 0.0), vec4(v1.w, v2.w, v3.w, 1.0));\n    }\n  #endif\n#else\n  mat4 getJointMatrix (float i) {\n    int idx = int(i);\n    vec4 v1 = cc_joints[idx * 3];\n    vec4 v2 = cc_joints[idx * 3 + 1];\n    vec4 v3 = cc_joints[idx * 3 + 2];\n    return mat4(vec4(v1.xyz, 0.0), vec4(v2.xyz, 0.0), vec4(v3.xyz, 0.0), vec4(v1.w, v2.w, v3.w, 1.0));\n  }\n#endif\nmat4 skinMatrix () {\n  return getJointMatrix(a_joints.x) * a_weights.x\n       + getJointMatrix(a_joints.y) * a_weights.y\n       + getJointMatrix(a_joints.z) * a_weights.z\n       + getJointMatrix(a_joints.w) * a_weights.w;\n}\nvoid CCSkin (inout vec4 position) {\n  mat4 m = skinMatrix();\n  position = m * position;\n}\nvoid CCSkin (inout StandardVertInput attr) {\n  mat4 m = skinMatrix();\n  attr.position = m * attr.position;\n  attr.normal = (m * vec4(attr.normal, 0.0)).xyz;\n  attr.tangent.xyz = (m * vec4(attr.tangent.xyz, 0.0)).xyz;\n}\n#endif\n#if USE_INSTANCING\n  attribute vec4 a_matWorld0;\n  attribute vec4 a_matWorld1;\n  attribute vec4 a_matWorld2;\n  #if USE_LIGHTMAP\n    attribute vec4 a_lightingMapUVParam;\n  #endif\n#elif USE_BATCHING\n  attribute float a_dyn_batch_id;\n  uniform highp mat4 cc_matWorlds[10];\n#else\nuniform highp mat4 cc_matWorld;\nuniform highp mat4 cc_matWorldIT;\n#endif\nuniform vec4 tilingOffset;\nuniform highp mat4 cc_matLightViewProj;\n#if HAS_SECOND_UV || USE_LIGHTMAP\n  attribute vec2 a_texCoord1;\n#endif\nvarying vec2 v_uv;\nvarying vec2 v_uv1;\nvarying vec2 v_clip_depth;\nvec4 vert () {\n  StandardVertInput In;\n  In.position = vec4(a_position, 1.0);\n  In.normal = a_normal;\n  In.tangent = a_tangent;\n  #if CC_USE_MORPH\n    applyMorph(In);\n  #endif\n  #if CC_USE_SKINNING\n    CCSkin(In);\n  #endif\n  mat4 matWorld, matWorldIT;\n  #if USE_INSTANCING\n    matWorld = mat4(\n      vec4(a_matWorld0.xyz, 0.0),\n      vec4(a_matWorld1.xyz, 0.0),\n      vec4(a_matWorld2.xyz, 0.0),\n      vec4(a_matWorld0.w, a_matWorld1.w, a_matWorld2.w, 1.0)\n    );\n    matWorldIT = matWorld;\n  #elif USE_BATCHING\n    matWorld = cc_matWorlds[int(a_dyn_batch_id)];\n    matWorldIT = matWorld;\n  #else\n    matWorld = cc_matWorld;\n    matWorldIT = cc_matWorldIT;\n  #endif\n  vec4 worldPos = matWorld * In.position;\n  vec4 clipPos = cc_matLightViewProj * worldPos;\n  v_uv = a_texCoord * tilingOffset.xy + tilingOffset.zw;\n  #if HAS_SECOND_UV\n    v_uv1 = a_texCoord1 * tilingOffset.xy + tilingOffset.zw;\n  #endif\n  v_clip_depth = clipPos.zw;\n  return clipPos;\n}\nvoid main() { gl_Position = vert(); }","frag":"\nprecision highp float;\nuniform vec4 albedo;\nuniform vec4 albedoScaleAndCutoff;\nvec4 packDepthToRGBA (float depth) {\n  vec4 ret = vec4(1.0, 255.0, 65025.0, 160581375.0) * depth;\n  ret = fract(ret);\n  ret -= ret.yzww * vec4(1.0 / 255.0, 1.0 / 255.0, 1.0 / 255.0, 0.0);\n  return ret;\n}\nvarying vec2 v_uv;\nvarying vec2 v_uv1;\nvarying vec2 v_clip_depth;\n#if USE_ALBEDO_MAP\n  uniform sampler2D albedoMap;\n#endif\n#if USE_ALPHA_TEST\n#endif\nvec4 frag () {\n  vec4 baseColor = albedo;\n  #if USE_ALBEDO_MAP\n    baseColor *= texture2D(albedoMap, ALBEDO_UV);\n  #endif\n  #if USE_ALPHA_TEST\n    if (baseColor.ALPHA_TEST_CHANNEL < albedoScaleAndCutoff.w) discard;\n  #endif\n  return packDepthToRGBA(v_clip_depth.x / v_clip_depth.y * 0.5 + 0.5);\n}\nvoid main() { gl_FragColor = frag(); }"},"builtins":{"globals":{"blocks":[{"name":"CCShadow","defines":[]}],"samplers":[]},"locals":{"blocks":[{"name":"CCMorph","defines":["CC_USE_MORPH"]},{"name":"CCSkinningTexture","defines":["CC_USE_SKINNING","CC_USE_BAKED_ANIMATION"]},{"name":"CCSkinningAnimation","defines":["CC_USE_SKINNING","CC_USE_BAKED_ANIMATION"]},{"name":"CCSkinning","defines":["CC_USE_SKINNING","!CC_USE_BAKED_ANIMATION"]},{"name":"CCLocalBatched","defines":["!USE_INSTANCING","USE_BATCHING"]},{"name":"CCLocal","defines":["!USE_INSTANCING","!USE_BATCHING"]}],"samplers":[{"name":"cc_PositionDisplacements","defines":["CC_USE_MORPH","CC_MORPH_TARGET_HAS_POSITION"]},{"name":"cc_NormalDisplacements","defines":["CC_USE_MORPH","CC_MORPH_TARGET_HAS_NORMAL"]},{"name":"cc_TangentDisplacements","defines":["CC_USE_MORPH","CC_MORPH_TARGET_HAS_TANGENT"]},{"name":"cc_jointTexture","defines":["CC_USE_SKINNING","CC_USE_BAKED_ANIMATION"]}]}},"defines":[{"name":"CC_USE_MORPH","type":"boolean"},{"name":"CC_MORPH_TARGET_COUNT","type":"number","range":[2,8]},{"name":"CC_SUPPORT_FLOAT_TEXTURE","type":"boolean"},{"name":"CC_MORPH_PRECOMPUTED","type":"boolean"},{"name":"CC_MORPH_TARGET_HAS_POSITION","type":"boolean"},{"name":"CC_MORPH_TARGET_HAS_NORMAL","type":"boolean"},{"name":"CC_MORPH_TARGET_HAS_TANGENT","type":"boolean"},{"name":"CC_USE_SKINNING","type":"boolean"},{"name":"CC_USE_BAKED_ANIMATION","type":"boolean"},{"name":"USE_INSTANCING","type":"boolean"},{"name":"USE_BATCHING","type":"boolean"},{"name":"USE_LIGHTMAP","type":"boolean"},{"name":"HAS_SECOND_UV","type":"boolean"},{"name":"USE_ALBEDO_MAP","type":"boolean"},{"name":"ALBEDO_UV","type":"string","options":["v_uv","v_uv1"]},{"name":"USE_ALPHA_TEST","type":"boolean"},{"name":"ALPHA_TEST_CHANNEL","type":"string","options":["a","r"]}],"blocks":[{"name":"Constants","members":[{"name":"tilingOffset","type":16,"count":1},{"name":"albedo","type":16,"count":1},{"name":"albedoScaleAndCutoff","type":16,"count":1},{"name":"pbrParams","type":16,"count":1},{"name":"emissive","type":16,"count":1},{"name":"emissiveScaleParam","type":16,"count":1}],"defines":[],"stageFlags":17,"binding":0}],"samplers":[{"name":"albedoMap","type":28,"count":1,"defines":["USE_ALBEDO_MAP"],"stageFlags":16,"binding":1}],"attributes":[{"name":"a_position","type":15,"count":1,"defines":[],"stageFlags":1,"format":32,"location":0},{"name":"a_normal","type":15,"count":1,"defines":[],"stageFlags":1,"format":32,"location":1},{"name":"a_texCoord","type":14,"count":1,"defines":[],"stageFlags":1,"format":21,"location":2},{"name":"a_tangent","type":16,"count":1,"defines":[],"stageFlags":1,"format":44,"location":3},{"name":"a_vertexId","type":13,"count":1,"defines":["CC_USE_MORPH"],"stageFlags":1,"format":11,"location":6},{"name":"a_joints","type":12,"count":1,"defines":["CC_USE_SKINNING"],"stageFlags":1,"format":42,"location":4},{"name":"a_weights","type":16,"count":1,"defines":["CC_USE_SKINNING"],"stageFlags":1,"format":44,"location":5},{"name":"a_jointAnimInfo","type":16,"count":1,"defines":["CC_USE_SKINNING","CC_USE_BAKED_ANIMATION","USE_INSTANCING"],"stageFlags":1,"format":44,"isInstanced":true,"location":7},{"name":"a_matWorld0","type":16,"count":1,"defines":["USE_INSTANCING"],"stageFlags":1,"format":44,"isInstanced":true,"location":8},{"name":"a_matWorld1","type":16,"count":1,"defines":["USE_INSTANCING"],"stageFlags":1,"format":44,"isInstanced":true,"location":9},{"name":"a_matWorld2","type":16,"count":1,"defines":["USE_INSTANCING"],"stageFlags":1,"format":44,"isInstanced":true,"location":10},{"name":"a_lightingMapUVParam","type":16,"count":1,"defines":["USE_INSTANCING","USE_LIGHTMAP"],"stageFlags":1,"format":44,"isInstanced":true,"location":11},{"name":"a_dyn_batch_id","type":13,"count":1,"defines":["!USE_INSTANCING","USE_BATCHING"],"stageFlags":1,"format":11,"location":12},{"name":"a_texCoord1","type":14,"count":1,"defines":[],"stageFlags":1,"format":21,"location":13}],"record":null,"name":"builtin-standard|shadow-caster-vs:vert|shadow-caster-fs:frag"}]}
