[[{"__type__":"cc.Prefab","data":{"__id__":1}},{"__type__":"cc.Node","_name":"f404","_children":[{"__id__":2}],"_prefab":{"__type__":"cc.PrefabInfo","root":{"__id__":1},"asset":{"__id__":0},"fileId":"c7BpNFtfJIta/8G94FOFJ4","_synced":{"default":false,"serializable":false}}},{"__type__":"cc.Node","_name":"RootNode","_parent":{"__id__":1},"_children":[{"__id__":3},{"__id__":4}],"_prefab":{"__type__":"cc.PrefabInfo","root":{"__id__":1},"asset":{"__id__":0},"fileId":"d35ZfLPPNO7bIKAVFYkQ4v","_synced":{"default":false,"serializable":false}}},{"__type__":"cc.Node","_name":"圆环","_parent":{"__id__":2},"_components":[{"__type__":"cc.MeshRenderer","node":{"__id__":3},"_materials":[{"__uuid__":"c2tDKBDqNNx5LSvx+uJywx@039e7"}],"lightmapSettings":{"__type__":"cc.ModelLightmapSettings"},"_mesh":{"__uuid__":"c2tDKBDqNNx5LSvx+uJywx@ab47a"}}],"_prefab":{"__type__":"cc.PrefabInfo","root":{"__id__":1},"asset":{"__id__":0},"fileId":"90H7aP4gRLSYyzpV9AJX+u","_synced":{"default":false,"serializable":false}},"_lpos":{"__type__":"cc.Vec3","x":0.0158979743719101,"y":0.79148918390274,"z":1.15130937099457}},{"__type__":"cc.Node","_name":"立方体_3","_parent":{"__id__":2},"_components":[{"__type__":"cc.MeshRenderer","node":{"__id__":4},"_materials":[{"__uuid__":"c2tDKBDqNNx5LSvx+uJywx@e0225"},{"__uuid__":"c2tDKBDqNNx5LSvx+uJywx@91cde"},{"__uuid__":"c2tDKBDqNNx5LSvx+uJywx@ea6e2"}],"lightmapSettings":{"__type__":"cc.ModelLightmapSettings"},"_mesh":{"__uuid__":"c2tDKBDqNNx5LSvx+uJywx@f1dca"}}],"_prefab":{"__type__":"cc.PrefabInfo","root":{"__id__":1},"asset":{"__id__":0},"fileId":"29jgaSs0VKIpvMtuIYP0qm","_synced":{"default":false,"serializable":false}},"_lpos":{"__type__":"cc.Vec3","y":0.786020696163177}}],{"__type__":"cc.Material","_name":"材质.8","_effectAsset":{"__uuid__":"1brw/JvvpFnIvdrxpFCgMZ"},"_defines":[{}],"_states":[{"rasterizerState":{},"blendState":{"targets":[{}]},"depthStencilState":{}}],"_props":[{"albedoScale":{"__type__":"cc.Vec3","x":0.629999995231628,"y":0.459479987621307,"z":0.26460000872612},"metallic":0.200000002980232,"roughness":0.800000011920929}]},{"__type__":"cc.Material","_name":"材质.6","_effectAsset":{"__uuid__":"1brw/JvvpFnIvdrxpFCgMZ"},"_defines":[{"USE_ALBEDO_MAP":true}],"_states":[{"rasterizerState":{},"blendState":{"targets":[{}]},"depthStencilState":{}}],"_props":[{"albedoScale":{"__type__":"cc.Vec3","x":1,"y":1,"z":1},"metallic":0.200000002980232,"roughness":0.800000011920929,"mainTexture":{"__uuid__":"c2tDKBDqNNx5LSvx+uJywx@e5ede"}}]},{"__type__":"cc.Mesh","_native":".bin","_struct":{"primitives":[{"primitiveMode":7,"vertexBundelIndices":[0],"indexView":{"offset":33744,"length":7776,"count":3888,"stride":2}}],"vertexBundles":[{"view":{"offset":0,"length":33744,"count":703,"stride":48},"attributes":[{"name":"a_position","format":32,"isNormalized":false},{"name":"a_normal","format":32,"isNormalized":false},{"name":"a_texCoord","format":21,"isNormalized":false},{"name":"a_tangent","format":44,"isNormalized":false}]}],"minPosition":{"__type__":"cc.Vec3","x":-0.5202492475509644,"y":-0.09990870207548141,"z":-0.5202492475509644},"maxPosition":{"__type__":"cc.Vec3","x":0.5202492475509644,"y":0.09990870207548141,"z":0.5202492475509644}},"_dataLength":41520,"_hash":3188225855},{"__type__":"cc.Material","_name":"材质.7","_effectAsset":{"__uuid__":"1brw/JvvpFnIvdrxpFCgMZ"},"_defines":[{"USE_ALBEDO_MAP":true}],"_states":[{"rasterizerState":{},"blendState":{"targets":[{}]},"depthStencilState":{}}],"_props":[{"albedoScale":{"__type__":"cc.Vec3","x":1,"y":1,"z":1},"metallic":0.200000002980232,"roughness":0.800000011920929,"mainTexture":{"__uuid__":"c2tDKBDqNNx5LSvx+uJywx@3afdb"}}]},{"__type__":"cc.Material","_name":"DefaultMaterial","_effectAsset":{"__uuid__":"1brw/JvvpFnIvdrxpFCgMZ"},"_defines":[{}],"_states":[{"rasterizerState":{},"blendState":{"targets":[{}]},"depthStencilState":{}}],"_props":[{"albedoScale":{"__type__":"cc.Vec3","x":0.5,"y":0.5,"z":0.5},"metallic":0.200000002980232,"roughness":0.800000011920929}]},{"__type__":"cc.Mesh","_native":".bin","_struct":{"primitives":[{"primitiveMode":7,"vertexBundelIndices":[0],"indexView":{"offset":384,"length":24,"count":12,"stride":2}},{"primitiveMode":7,"vertexBundelIndices":[1],"indexView":{"offset":600,"length":12,"count":6,"stride":2}},{"primitiveMode":7,"vertexBundelIndices":[2],"indexView":{"offset":1188,"length":36,"count":18,"stride":2}}],"vertexBundles":[{"view":{"offset":0,"length":384,"count":8,"stride":48},"attributes":[{"name":"a_position","format":32,"isNormalized":false},{"name":"a_normal","format":32,"isNormalized":false},{"name":"a_texCoord","format":21,"isNormalized":false},{"name":"a_tangent","format":44,"isNormalized":false}]},{"view":{"offset":408,"length":192,"count":4,"stride":48},"attributes":[{"name":"a_position","format":32,"isNormalized":false},{"name":"a_normal","format":32,"isNormalized":false},{"name":"a_texCoord","format":21,"isNormalized":false},{"name":"a_tangent","format":44,"isNormalized":false}]},{"view":{"offset":612,"length":576,"count":12,"stride":48},"attributes":[{"name":"a_position","format":32,"isNormalized":false},{"name":"a_normal","format":32,"isNormalized":false},{"name":"a_texCoord","format":21,"isNormalized":false},{"name":"a_tangent","format":44,"isNormalized":false}]}],"minPosition":{"__type__":"cc.Vec3","x":-1.2999999523162842,"y":-0.7799999713897705,"z":-1.2999999523162842},"maxPosition":{"__type__":"cc.Vec3","x":1.2999999523162842,"y":0.7799999713897705,"z":1.2999999523162842}},"_dataLength":1224,"_hash":3245563779}]
