[{"__type__":"cc.Mesh","_native":".bin","_struct":{"primitives":[{"primitiveMode":7,"vertexBundelIndices":[0],"indexView":{"offset":15504,"length":3168,"count":1584,"stride":2}}],"vertexBundles":[{"view":{"offset":0,"length":15504,"count":323,"stride":48},"attributes":[{"name":"a_position","format":32,"isNormalized":false},{"name":"a_normal","format":32,"isNormalized":false},{"name":"a_texCoord","format":21,"isNormalized":false},{"name":"a_tangent","format":44,"isNormalized":false}]}],"minPosition":{"__type__":"cc.Vec3","x":-0.25999999046325684,"y":-0.25999999046325684,"z":-0.25999999046325684},"maxPosition":{"__type__":"cc.Vec3","x":0.25999999046325684,"y":0.25999999046325684,"z":0.25999999046325684}},"_dataLength":18672,"_hash":875342283},{"__type__":"cc.Mesh","_native":".bin","_struct":{"primitives":[{"primitiveMode":7,"vertexBundelIndices":[0],"indexView":{"offset":15648,"length":3024,"count":1512,"stride":2}}],"vertexBundles":[{"view":{"offset":0,"length":15648,"count":326,"stride":48},"attributes":[{"name":"a_position","format":32,"isNormalized":false},{"name":"a_normal","format":32,"isNormalized":false},{"name":"a_texCoord","format":21,"isNormalized":false},{"name":"a_tangent","format":44,"isNormalized":false}]}],"minPosition":{"__type__":"cc.Vec3","x":-0.37110498547554016,"y":-0.5649999976158142,"z":-0.37110498547554016},"maxPosition":{"__type__":"cc.Vec3","x":0.37110498547554016,"y":0.5546053051948547,"z":0.37110498547554016}},"_dataLength":18672,"_hash":3608014828}]
