[{"__type__":"cc.Mesh","_native":".bin","_struct":{"primitives":[{"primitiveMode":7,"vertexBundelIndices":[0],"indexView":{"offset":384,"length":24,"count":12,"stride":2}},{"primitiveMode":7,"vertexBundelIndices":[1],"indexView":{"offset":984,"length":36,"count":18,"stride":2}}],"vertexBundles":[{"view":{"offset":0,"length":384,"count":8,"stride":48},"attributes":[{"name":"a_position","format":32,"isNormalized":false},{"name":"a_normal","format":32,"isNormalized":false},{"name":"a_texCoord","format":21,"isNormalized":false},{"name":"a_tangent","format":44,"isNormalized":false}]},{"view":{"offset":408,"length":576,"count":12,"stride":48},"attributes":[{"name":"a_position","format":32,"isNormalized":false},{"name":"a_normal","format":32,"isNormalized":false},{"name":"a_texCoord","format":21,"isNormalized":false},{"name":"a_tangent","format":44,"isNormalized":false}]}],"minPosition":{"__type__":"cc.Vec3","x":-1.0699999332427979,"y":-0.7799999713897705,"z":-1.0699999332427979},"maxPosition":{"__type__":"cc.Vec3","x":1.0699999332427979,"y":0.7799999713897705,"z":1.0699999332427979}},"_dataLength":1020,"_hash":3706637459},{"__type__":"cc.Material","_name":"材质.1","_effectAsset":{"__uuid__":"1brw/JvvpFnIvdrxpFCgMZ"},"_defines":[{"USE_ALBEDO_MAP":true}],"_states":[{"rasterizerState":{},"blendState":{"targets":[{}]},"depthStencilState":{}}],"_props":[{"albedoScale":{"__type__":"cc.Vec3","x":1,"y":1,"z":1},"metallic":0.200000002980232,"roughness":0.800000011920929,"mainTexture":{"__uuid__":"feXHNX27VI2qit8vKU8D/q@d92d3"}}]},{"__type__":"cc.Material","_name":"材质","_effectAsset":{"__uuid__":"1brw/JvvpFnIvdrxpFCgMZ"},"_defines":[{"USE_ALBEDO_MAP":true}],"_states":[{"rasterizerState":{},"blendState":{"targets":[{}]},"depthStencilState":{}}],"_props":[{"albedoScale":{"__type__":"cc.Vec3","x":1,"y":1,"z":1},"metallic":0.200000002980232,"roughness":0.800000011920929,"mainTexture":{"__uuid__":"feXHNX27VI2qit8vKU8D/q@c649a"}}]},[{"__type__":"cc.Prefab","data":{"__id__":1}},{"__type__":"cc.Node","_name":"f301","_children":[{"__id__":2}],"_prefab":{"__type__":"cc.PrefabInfo","root":{"__id__":1},"asset":{"__id__":0},"fileId":"3aA4NBYJhCA4Lln2zL1q8K","_synced":{"default":false,"serializable":false}}},{"__type__":"cc.Node","_name":"RootNode","_parent":{"__id__":1},"_children":[{"__id__":3},{"__id__":4}],"_prefab":{"__type__":"cc.PrefabInfo","root":{"__id__":1},"asset":{"__id__":0},"fileId":"e5Zp0mqG5IoLPLiI41uI/i","_synced":{"default":false,"serializable":false}}},{"__type__":"cc.Node","_name":"立方体","_parent":{"__id__":2},"_components":[{"__type__":"cc.MeshRenderer","node":{"__id__":3},"_materials":[{"__uuid__":"feXHNX27VI2qit8vKU8D/q@9aeec"},{"__uuid__":"feXHNX27VI2qit8vKU8D/q@22e2a"},{"__uuid__":"feXHNX27VI2qit8vKU8D/q@ea6e2"}],"lightmapSettings":{"__type__":"cc.ModelLightmapSettings"},"_mesh":{"__uuid__":"feXHNX27VI2qit8vKU8D/q@e10e4"}}],"_prefab":{"__type__":"cc.PrefabInfo","root":{"__id__":1},"asset":{"__id__":0},"fileId":"f4En5DbVVOSpZJr2MOkM41","_synced":{"default":false,"serializable":false}},"_lpos":{"__type__":"cc.Vec3","y":1.29999995231628}},{"__type__":"cc.Node","_name":"立方体_2","_parent":{"__id__":2},"_components":[{"__type__":"cc.MeshRenderer","node":{"__id__":4},"_materials":[{"__uuid__":"feXHNX27VI2qit8vKU8D/q@ed9a5"},{"__uuid__":"feXHNX27VI2qit8vKU8D/q@ea6e2"}],"lightmapSettings":{"__type__":"cc.ModelLightmapSettings"},"_mesh":{"__uuid__":"feXHNX27VI2qit8vKU8D/q@5d2a2"}}],"_prefab":{"__type__":"cc.PrefabInfo","root":{"__id__":1},"asset":{"__id__":0},"fileId":"9deQhSJR1EU4ckqDBrWQfp","_synced":{"default":false,"serializable":false}},"_lpos":{"__type__":"cc.Vec3","y":0.779999971389771}}],{"__type__":"cc.Mesh","_native":".bin","_struct":{"primitives":[{"primitiveMode":7,"vertexBundelIndices":[0],"indexView":{"offset":384,"length":24,"count":12,"stride":2}},{"primitiveMode":7,"vertexBundelIndices":[1],"indexView":{"offset":600,"length":12,"count":6,"stride":2}},{"primitiveMode":7,"vertexBundelIndices":[2],"indexView":{"offset":1188,"length":36,"count":18,"stride":2}}],"vertexBundles":[{"view":{"offset":0,"length":384,"count":8,"stride":48},"attributes":[{"name":"a_position","format":32,"isNormalized":false},{"name":"a_normal","format":32,"isNormalized":false},{"name":"a_texCoord","format":21,"isNormalized":false},{"name":"a_tangent","format":44,"isNormalized":false}]},{"view":{"offset":408,"length":192,"count":4,"stride":48},"attributes":[{"name":"a_position","format":32,"isNormalized":false},{"name":"a_normal","format":32,"isNormalized":false},{"name":"a_texCoord","format":21,"isNormalized":false},{"name":"a_tangent","format":44,"isNormalized":false}]},{"view":{"offset":612,"length":576,"count":12,"stride":48},"attributes":[{"name":"a_position","format":32,"isNormalized":false},{"name":"a_normal","format":32,"isNormalized":false},{"name":"a_texCoord","format":21,"isNormalized":false},{"name":"a_tangent","format":44,"isNormalized":false}]}],"minPosition":{"__type__":"cc.Vec3","x":-1.125,"y":-0.25999999046325684,"z":-1.125},"maxPosition":{"__type__":"cc.Vec3","x":1.125,"y":0.25999999046325684,"z":1.125}},"_dataLength":1224,"_hash":2250471290},{"__type__":"cc.Material","_name":"DefaultMaterial","_effectAsset":{"__uuid__":"1brw/JvvpFnIvdrxpFCgMZ"},"_defines":[{}],"_states":[{"rasterizerState":{},"blendState":{"targets":[{}]},"depthStencilState":{}}],"_props":[{"albedoScale":{"__type__":"cc.Vec3","x":0.5,"y":0.5,"z":0.5},"metallic":0.200000002980232,"roughness":0.800000011920929}]},{"__type__":"cc.Material","_name":"材质.2","_effectAsset":{"__uuid__":"1brw/JvvpFnIvdrxpFCgMZ"},"_defines":[{"USE_ALBEDO_MAP":true}],"_states":[{"rasterizerState":{},"blendState":{"targets":[{}]},"depthStencilState":{}}],"_props":[{"albedoScale":{"__type__":"cc.Vec3","x":1,"y":1,"z":1},"metallic":0.200000002980232,"roughness":0.800000011920929,"mainTexture":{"__uuid__":"feXHNX27VI2qit8vKU8D/q@0afec"}}]}]
