[{"__type__":"cc.Prefab","data":{"__id__":1}},{"__type__":"cc.Node","_name":"WaitLoverBoard","_children":[{"__id__":2},{"__id__":4},{"__id__":7},{"__id__":24},{"__id__":31}],"_components":[{"__type__":"cc.UITransform","node":{"__id__":1},"_contentSize":{"__type__":"cc.Size","width":375,"height":812}},{"__type__":"cc.Widget","_name":"StartBoard<Widget>","node":{"__id__":1},"_alignFlags":45,"_originalWidth":100,"_originalHeight":100}],"_prefab":{"__type__":"cc.PrefabInfo","root":{"__id__":1},"asset":{"__id__":0},"fileId":"70hmla4CtFNIhGY0p3BYm7","_synced":{"default":false,"serializable":false}},"_layer":33554432},{"__type__":"cc.Node","_name":"Background","_parent":{"__id__":1},"_children":[{"__id__":3}],"_components":[{"__type__":"cc.UITransform","node":{"__id__":2},"_contentSize":{"__type__":"cc.Size","width":379.155,"height":828.467}},{"__type__":"cc.Sprite","node":{"__id__":2},"_spriteFrame":{"__uuid__":"88/Nv2CEhOG7fZdCn7PuTO@f9941"},"_sizeMode":0,"_isTrimmedMode":false,"_useGrayscale":true}],"_prefab":{"__type__":"cc.PrefabInfo","root":{"__id__":1},"asset":{"__id__":0},"fileId":"857fE3VedHy6Mrr2OU3ONr","_synced":{"default":false,"serializable":false}},"_layer":33554432},{"__type__":"cc.Node","_name":"Sprite","_parent":{"__id__":2},"_components":[{"__type__":"cc.UITransform","node":{"__id__":3},"_contentSize":{"__type__":"cc.Size","width":350,"height":200}},{"__type__":"cc.Sprite","node":{"__id__":3},"_spriteFrame":{"__uuid__":"af7OA+HjdHxY3KRoP7CoRN@f9941"},"_sizeMode":0},{"__type__":"cc.Widget","_name":"Sprite<Widget>","node":{"__id__":3},"_alignFlags":20}],"_prefab":{"__type__":"cc.PrefabInfo","root":{"__id__":1},"asset":{"__id__":0},"fileId":"f7Ko8yioVNmJdFOMK88UVu","_synced":{"default":false,"serializable":false}},"_lpos":{"__type__":"cc.Vec3","y":-314.2335},"_layer":33554432},{"__type__":"cc.Node","_name":"Cancel","_parent":{"__id__":1},"_children":[{"__id__":5}],"_components":[{"__type__":"cc.UITransform","node":{"__id__":4},"_contentSize":{"__type__":"cc.Size","width":200,"height":41.572}},{"__type__":"cc.Widget","_name":"CancelMatchButton<Widget>","node":{"__id__":4},"_alignFlags":18,"_bottom":30,"_verticalCenter":-150,"_isAbsHorizontalCenter":false}],"_prefab":{"__type__":"cc.PrefabInfo","root":{"__id__":1},"asset":{"__id__":0},"fileId":"039Hd+nLZI7pTokAU061pW","_synced":{"default":false,"serializable":false}},"_lpos":{"__type__":"cc.Vec3","y":-150},"_layer":33554432},{"__type__":"cc.Node","_name":"Button","_parent":{"__id__":4},"_children":[{"__id__":6}],"_components":[{"__type__":"cc.UITransform","node":{"__id__":5},"_contentSize":{"__type__":"cc.Size","width":400,"height":80}},{"__type__":"cc.Sprite","node":{"__id__":5},"_spriteFrame":{"__uuid__":"b1Z646Z75Hl4UuALBiFdiT@f9941"},"_type":1,"_sizeMode":0},{"__type__":"cc.Button","node":{"__id__":5},"clickEvents":[{"__type__":"cc.ClickEvent"}],"_transition":3,"_normalSprite":{"__uuid__":"b1Z646Z75Hl4UuALBiFdiT@f9941"},"_hoverSprite":{"__uuid__":"20g1ukYUVPvKWKBRznAKo+@f9941"},"_pressedSprite":{"__uuid__":"54TknWPwVPqJqeCR+Y/Czo@f9941"},"_disabledSprite":{"__uuid__":"95EkngnxZFbYuFpsqVTaFr@f9941"},"_zoomScale":0.9,"_target":{"__id__":5}}],"_prefab":{"__type__":"cc.PrefabInfo","root":{"__id__":1},"asset":{"__id__":0},"fileId":"f1COEONLpAxrb9Jb1z4pZ3","_synced":{"default":false,"serializable":false}},"_lscale":{"__type__":"cc.Vec3","x":0.5,"y":0.5,"z":1},"_layer":33554432},{"__type__":"cc.Node","_name":"Label","_parent":{"__id__":5},"_components":[{"__type__":"cc.UITransform","node":{"__id__":6},"_contentSize":{"__type__":"cc.Size","width":200,"height":40}},{"__type__":"cc.Label","node":{"__id__":6},"_color":{"__type__":"cc.Color","r":253,"g":83,"b":110},"_string":"取消","_actualFontSize":30,"_fontSize":30,"_lineHeight":80,"_overflow":1,"_enableWrapText":false}],"_prefab":{"__type__":"cc.PrefabInfo","root":{"__id__":1},"asset":{"__id__":0},"fileId":"caeCLAnbVKBoSEE+fM6833","_synced":{"default":false,"serializable":false}},"_layer":33554432},{"__type__":"cc.Node","_name":"team1","_parent":{"__id__":1},"_children":[{"__id__":8},{"__id__":9},{"__id__":10},{"__id__":11},{"__id__":16},{"__id__":21}],"_components":[{"__type__":"cc.UITransform","node":{"__id__":7},"_contentSize":{"__type__":"cc.Size","width":375,"height":260}},{"__type__":"cc.Widget","_name":"team1<Widget>","node":{"__id__":7},"_alignFlags":42,"_top":20,"_verticalCenter":120,"_originalWidth":160}],"_prefab":{"__type__":"cc.PrefabInfo","root":{"__id__":1},"asset":{"__id__":0},"fileId":"6fOsWlu5BBlbgEueJW2E9T","_synced":{"default":false,"serializable":false}},"_lpos":{"__type__":"cc.Vec3","y":120},"_layer":33554432},{"__type__":"cc.Node","_name":"line1","_parent":{"__id__":7},"_components":[{"__type__":"cc.UITransform","node":{"__id__":8},"_contentSize":{"__type__":"cc.Size","width":196,"height":36}},{"__type__":"cc.Sprite","node":{"__id__":8},"_srcBlendFactor":1,"_color":{"__type__":"cc.Color","r":242,"g":98,"b":120},"_spriteFrame":{"__uuid__":"97ZdprF19KYqLtzHQLxmNb@f9941"},"_sizeMode":0},{"__type__":"cc.Widget","_name":"line1<Widget>","node":{"__id__":8},"_alignFlags":2,"_verticalCenter":22}],"_prefab":{"__type__":"cc.PrefabInfo","root":{"__id__":1},"asset":{"__id__":0},"fileId":"d1THz1uYpPkKji59xolQe3","_synced":{"default":false,"serializable":false}},"_lpos":{"__type__":"cc.Vec3","x":-14.353,"y":22},"_lscale":{"__type__":"cc.Vec3","x":0.25,"y":0.25,"z":1},"_layer":33554432},{"__type__":"cc.Node","_name":"line2","_parent":{"__id__":7},"_components":[{"__type__":"cc.UITransform","node":{"__id__":9},"_contentSize":{"__type__":"cc.Size","width":196,"height":36}},{"__type__":"cc.Sprite","node":{"__id__":9},"_srcBlendFactor":1,"_color":{"__type__":"cc.Color","r":242,"g":98,"b":120},"_spriteFrame":{"__uuid__":"97ZdprF19KYqLtzHQLxmNb@f9941"},"_sizeMode":0},{"__type__":"cc.Widget","_name":"line1<Widget>","node":{"__id__":9},"_alignFlags":2,"_verticalCenter":22}],"_prefab":{"__type__":"cc.PrefabInfo","root":{"__id__":1},"asset":{"__id__":0},"fileId":"afY7E9Ov5AWr0d+hWazrPT","_synced":{"default":false,"serializable":false}},"_lpos":{"__type__":"cc.Vec3","x":20.767,"y":22},"_lrot":{"__type__":"cc.Quat","y":1,"w":6.123233995736766e-17},"_lscale":{"__type__":"cc.Vec3","x":0.25,"y":0.25,"z":1},"_layer":33554432,"_euler":{"__type__":"cc.Vec3","y":180}},{"__type__":"cc.Node","_name":"heart","_parent":{"__id__":7},"_components":[{"__type__":"cc.UITransform","node":{"__id__":10},"_contentSize":{"__type__":"cc.Size","width":68,"height":58}},{"__type__":"cc.Sprite","node":{"__id__":10},"_srcBlendFactor":1,"_spriteFrame":{"__uuid__":"67PhOreHNE/IT067F+447V@f9941"}},{"__type__":"cc.Widget","_name":"heart<Widget>","node":{"__id__":10},"_alignFlags":16},{"__type__":"cc.Animation","node":{"__id__":10},"playOnLoad":true,"_clips":[{"__uuid__":"25P7gzWXtC9akX9RS48wre"}],"_defaultClip":{"__uuid__":"25P7gzWXtC9akX9RS48wre"}}],"_prefab":{"__type__":"cc.PrefabInfo","root":{"__id__":1},"asset":{"__id__":0},"fileId":"c0CLKY6cBNkZDnEJ9rbEix","_synced":{"default":false,"serializable":false}},"_lpos":{"__type__":"cc.Vec3","y":20},"_lscale":{"__type__":"cc.Vec3","x":0.25,"y":0.25,"z":1},"_layer":33554432},{"__type__":"cc.Node","_name":"user1","_parent":{"__id__":7},"_children":[{"__id__":12},{"__id__":14},{"__id__":15}],"_components":[{"__type__":"cc.UITransform","node":{"__id__":11},"_contentSize":{"__type__":"cc.Size","width":160,"height":200}},{"__type__":"cc.Sprite","node":{"__id__":11},"_sizeMode":0},{"__type__":"cc.Widget","_name":"user2<Widget>","node":{"__id__":11},"_alignFlags":10,"_left":20}],"_prefab":{"__type__":"cc.PrefabInfo","root":{"__id__":1},"asset":{"__id__":0},"fileId":"25JVYMt9RPga1ot/yn+QMo","_synced":{"default":false,"serializable":false}},"_lpos":{"__type__":"cc.Vec3","x":-87.5},"_layer":33554432},{"__type__":"cc.Node","_name":"avatarBg","_parent":{"__id__":11},"_children":[{"__id__":13}],"_components":[{"__type__":"cc.UITransform","node":{"__id__":12}},{"__type__":"cc.Sprite","node":{"__id__":12},"_spriteFrame":{"__uuid__":"3cPvkJX2xIrJ3GteFrlDJ+@f9941"},"_sizeMode":0},{"__type__":"cc.Widget","_name":"avatar<Widget>","node":{"__id__":12},"_alignFlags":18,"_verticalCenter":20}],"_prefab":{"__type__":"cc.PrefabInfo","root":{"__id__":1},"asset":{"__id__":0},"fileId":"4eo0NaS3BKhLUkSUpw32+A","_synced":{"default":false,"serializable":false}},"_lpos":{"__type__":"cc.Vec3","y":20},"_layer":33554432},{"__type__":"cc.Node","_name":"avatar","_parent":{"__id__":12},"_components":[{"__type__":"cc.UITransform","node":{"__id__":13},"_contentSize":{"__type__":"cc.Size","width":80,"height":80}},{"__type__":"cc.Sprite","node":{"__id__":13},"_materials":[{"__uuid__":"femcRHb0hNMa473b21u7RL"}],"_spriteFrame":{"__uuid__":"b700qgl01Oz59r+MlGadVq@f9941"},"_sizeMode":0}],"_prefab":{"__type__":"cc.PrefabInfo","root":{"__id__":1},"asset":{"__id__":0},"fileId":"412HWagtdC27PZYszelRCv","_synced":{"default":false,"serializable":false}},"_layer":33554432},{"__type__":"cc.Node","_name":"nickName","_parent":{"__id__":11},"_components":[{"__type__":"cc.UITransform","node":{"__id__":14},"_contentSize":{"__type__":"cc.Size","width":96,"height":50.4}},{"__type__":"cc.Label","node":{"__id__":14},"_color":{"__type__":"cc.Color","r":51,"g":51,"b":51},"_string":"李二花","_actualFontSize":32,"_fontSize":32}],"_prefab":{"__type__":"cc.PrefabInfo","root":{"__id__":1},"asset":{"__id__":0},"fileId":"19Y7O3L3JBRpjE3WMhcVI3","_synced":{"default":false,"serializable":false}},"_lpos":{"__type__":"cc.Vec3","y":-42},"_lscale":{"__type__":"cc.Vec3","x":0.5,"y":0.5,"z":1},"_layer":33554432},{"__type__":"cc.Node","_name":"state","_parent":{"__id__":11},"_components":[{"__type__":"cc.UITransform","node":{"__id__":15},"_contentSize":{"__type__":"cc.Size","width":72,"height":50.4}},{"__type__":"cc.Label","node":{"__id__":15},"_color":{"__type__":"cc.Color","r":131,"g":123,"b":123},"_string":"未准备","_actualFontSize":24,"_fontSize":24}],"_prefab":{"__type__":"cc.PrefabInfo","root":{"__id__":1},"asset":{"__id__":0},"fileId":"99sqoYr9ZEfKzpnYeJKGfa","_synced":{"default":false,"serializable":false}},"_lpos":{"__type__":"cc.Vec3","y":-62},"_lscale":{"__type__":"cc.Vec3","x":0.5,"y":0.5,"z":1},"_layer":33554432},{"__type__":"cc.Node","_name":"user2","_parent":{"__id__":7},"_children":[{"__id__":17},{"__id__":19},{"__id__":20}],"_active":false,"_components":[{"__type__":"cc.UITransform","node":{"__id__":16},"_contentSize":{"__type__":"cc.Size","width":160,"height":200}},{"__type__":"cc.Sprite","node":{"__id__":16},"_sizeMode":0},{"__type__":"cc.Widget","_name":"user2<Widget>","node":{"__id__":16},"_alignFlags":34,"_left":10,"_right":20}],"_prefab":{"__type__":"cc.PrefabInfo","root":{"__id__":1},"asset":{"__id__":0},"fileId":"c0LLtQykJHF7qyTeVPmYTx","_synced":{"default":false,"serializable":false}},"_lpos":{"__type__":"cc.Vec3","x":87.5},"_layer":33554432},{"__type__":"cc.Node","_name":"avatarBg","_parent":{"__id__":16},"_children":[{"__id__":18}],"_components":[{"__type__":"cc.UITransform","node":{"__id__":17}},{"__type__":"cc.Sprite","node":{"__id__":17},"_materials":[{"__uuid__":"femcRHb0hNMa473b21u7RL"}],"_spriteFrame":{"__uuid__":"3cPvkJX2xIrJ3GteFrlDJ+@f9941"},"_sizeMode":0},{"__type__":"cc.Widget","_name":"avatar<Widget>","node":{"__id__":17},"_alignFlags":18,"_verticalCenter":20}],"_prefab":{"__type__":"cc.PrefabInfo","root":{"__id__":1},"asset":{"__id__":0},"fileId":"77t0qbfitIL51C/obiGiRZ","_synced":{"default":false,"serializable":false}},"_lpos":{"__type__":"cc.Vec3","y":20},"_layer":33554432},{"__type__":"cc.Node","_name":"avatar","_parent":{"__id__":17},"_components":[{"__type__":"cc.UITransform","node":{"__id__":18},"_contentSize":{"__type__":"cc.Size","width":80,"height":80}},{"__type__":"cc.Sprite","node":{"__id__":18},"_materials":[{"__uuid__":"femcRHb0hNMa473b21u7RL"}],"_spriteFrame":{"__uuid__":"b700qgl01Oz59r+MlGadVq@f9941"},"_sizeMode":0}],"_prefab":{"__type__":"cc.PrefabInfo","root":{"__id__":1},"asset":{"__id__":0},"fileId":"3eb0Syqi9JtL5rLt/gjHPS","_synced":{"default":false,"serializable":false}},"_layer":33554432},{"__type__":"cc.Node","_name":"nickName","_parent":{"__id__":16},"_components":[{"__type__":"cc.UITransform","node":{"__id__":19},"_contentSize":{"__type__":"cc.Size","width":96,"height":50.4}},{"__type__":"cc.Label","node":{"__id__":19},"_color":{"__type__":"cc.Color","r":51,"g":51,"b":51},"_string":"李二花","_actualFontSize":32,"_fontSize":32}],"_prefab":{"__type__":"cc.PrefabInfo","root":{"__id__":1},"asset":{"__id__":0},"fileId":"22cuBNPUBGDYerNOKy6J3/","_synced":{"default":false,"serializable":false}},"_lpos":{"__type__":"cc.Vec3","y":-42},"_lscale":{"__type__":"cc.Vec3","x":0.5,"y":0.5,"z":1},"_layer":33554432},{"__type__":"cc.Node","_name":"state","_parent":{"__id__":16},"_components":[{"__type__":"cc.UITransform","node":{"__id__":20},"_contentSize":{"__type__":"cc.Size","width":72,"height":50.4}},{"__type__":"cc.Label","node":{"__id__":20},"_color":{"__type__":"cc.Color","r":131,"g":123,"b":123},"_string":"未准备","_actualFontSize":24,"_fontSize":24}],"_prefab":{"__type__":"cc.PrefabInfo","root":{"__id__":1},"asset":{"__id__":0},"fileId":"bar0Ev0VNIMrSsjviXxL9U","_synced":{"default":false,"serializable":false}},"_lpos":{"__type__":"cc.Vec3","y":-62},"_lscale":{"__type__":"cc.Vec3","x":0.5,"y":0.5,"z":1},"_layer":33554432},{"__type__":"cc.Node","_name":"wait","_parent":{"__id__":7},"_children":[{"__id__":22},{"__id__":23}],"_components":[{"__type__":"cc.UITransform","node":{"__id__":21},"_contentSize":{"__type__":"cc.Size","width":160,"height":200}},{"__type__":"cc.Sprite","node":{"__id__":21},"_sizeMode":0},{"__type__":"cc.Widget","_name":"user1<Widget>","node":{"__id__":21},"_alignFlags":34,"_right":20,"_verticalCenter":20}],"_prefab":{"__type__":"cc.PrefabInfo","root":{"__id__":1},"asset":{"__id__":0},"fileId":"a5LvSqXFpNlrtfwVm+Se4e","_synced":{"default":false,"serializable":false}},"_lpos":{"__type__":"cc.Vec3","x":87.5,"y":20},"_layer":33554432},{"__type__":"cc.Node","_name":"Label","_parent":{"__id__":21},"_components":[{"__type__":"cc.UITransform","node":{"__id__":22},"_contentSize":{"__type__":"cc.Size","width":140,"height":50.4}},{"__type__":"cc.Label","node":{"__id__":22},"_color":{"__type__":"cc.Color","r":153,"g":153,"b":153},"_string":"等待另一半...","_actualFontSize":24,"_fontSize":24},{"__type__":"cc.Animation","node":{"__id__":22},"playOnLoad":true,"_clips":[{"__uuid__":"aeNTRiRmBPoZ0iyqFkvrOB"}],"_defaultClip":{"__uuid__":"aeNTRiRmBPoZ0iyqFkvrOB"}}],"_prefab":{"__type__":"cc.PrefabInfo","root":{"__id__":1},"asset":{"__id__":0},"fileId":"81Qj/vd6lLe7Gd05hBrtJU","_synced":{"default":false,"serializable":false}},"_lpos":{"__type__":"cc.Vec3","y":-66},"_lscale":{"__type__":"cc.Vec3","x":0.5,"y":0.5,"z":1},"_layer":33554432},{"__type__":"cc.Node","_name":"Sprite","_parent":{"__id__":21},"_components":[{"__type__":"cc.UITransform","node":{"__id__":23},"_contentSize":{"__type__":"cc.Size","width":86,"height":86}},{"__type__":"cc.Sprite","node":{"__id__":23},"_srcBlendFactor":1,"_spriteFrame":{"__uuid__":"00iPpdRppCn6slpHWDO2dd@f9941"},"_sizeMode":0}],"_prefab":{"__type__":"cc.PrefabInfo","root":{"__id__":1},"asset":{"__id__":0},"fileId":"f1I+clreZFdqjgB3baVPCo","_synced":{"default":false,"serializable":false}},"_layer":33554432},{"__type__":"cc.Node","_name":"ready","_parent":{"__id__":1},"_children":[{"__id__":25},{"__id__":27},{"__id__":29}],"_components":[{"__type__":"cc.UITransform","node":{"__id__":24},"_contentSize":{"__type__":"cc.Size","width":200,"height":41.572}},{"__type__":"cc.Widget","_name":"CancelMatchButton<Widget>","node":{"__id__":24},"_alignFlags":18,"_bottom":30,"_verticalCenter":-0.1,"_isAbsHorizontalCenter":false,"_isAbsVerticalCenter":false}],"_prefab":{"__type__":"cc.PrefabInfo","root":{"__id__":1},"asset":{"__id__":0},"fileId":"57fwvCpBFAWIc16ehk2Q3c","_synced":{"default":false,"serializable":false}},"_lpos":{"__type__":"cc.Vec3","y":-81.2},"_layer":33554432},{"__type__":"cc.Node","_name":"Button-ready","_parent":{"__id__":24},"_children":[{"__id__":26}],"_active":false,"_components":[{"__type__":"cc.UITransform","node":{"__id__":25},"_contentSize":{"__type__":"cc.Size","width":400,"height":80}},{"__type__":"cc.Sprite","node":{"__id__":25},"_spriteFrame":{"__uuid__":"2eyJ97g0ZEQaaUdXp0v9K+@f9941"},"_type":1,"_sizeMode":0},{"__type__":"cc.Button","node":{"__id__":25},"clickEvents":[{"__type__":"cc.ClickEvent"}],"_transition":3,"_normalSprite":{"__uuid__":"2eyJ97g0ZEQaaUdXp0v9K+@f9941"},"_hoverSprite":{"__uuid__":"20g1ukYUVPvKWKBRznAKo+@f9941"},"_pressedSprite":{"__uuid__":"54TknWPwVPqJqeCR+Y/Czo@f9941"},"_disabledSprite":{"__uuid__":"95EkngnxZFbYuFpsqVTaFr@f9941"},"_zoomScale":0.9,"_target":{"__id__":25}}],"_prefab":{"__type__":"cc.PrefabInfo","root":{"__id__":1},"asset":{"__id__":0},"fileId":"d3z7W2fKtMM53m6JPgR4iM","_synced":{"default":false,"serializable":false}},"_lscale":{"__type__":"cc.Vec3","x":0.5,"y":0.5,"z":1},"_layer":33554432},{"__type__":"cc.Node","_name":"Label","_parent":{"__id__":25},"_components":[{"__type__":"cc.UITransform","node":{"__id__":26},"_contentSize":{"__type__":"cc.Size","width":200,"height":80}},{"__type__":"cc.Label","node":{"__id__":26},"_string":"准备","_actualFontSize":32,"_fontSize":32,"_overflow":1,"_enableWrapText":false}],"_prefab":{"__type__":"cc.PrefabInfo","root":{"__id__":1},"asset":{"__id__":0},"fileId":"83wRQ8BIBOEKxU1BudXvtS","_synced":{"default":false,"serializable":false}},"_layer":33554432},{"__type__":"cc.Node","_name":"Button-match","_parent":{"__id__":24},"_children":[{"__id__":28}],"_active":false,"_components":[{"__type__":"cc.UITransform","node":{"__id__":27},"_contentSize":{"__type__":"cc.Size","width":400,"height":80}},{"__type__":"cc.Sprite","node":{"__id__":27},"_spriteFrame":{"__uuid__":"2eyJ97g0ZEQaaUdXp0v9K+@f9941"},"_type":1,"_sizeMode":0},{"__type__":"cc.Button","node":{"__id__":27},"_transition":3,"_normalSprite":{"__uuid__":"2eyJ97g0ZEQaaUdXp0v9K+@f9941"},"_hoverSprite":{"__uuid__":"20g1ukYUVPvKWKBRznAKo+@f9941"},"_pressedSprite":{"__uuid__":"54TknWPwVPqJqeCR+Y/Czo@f9941"},"_disabledSprite":{"__uuid__":"95EkngnxZFbYuFpsqVTaFr@f9941"},"_zoomScale":0.9,"_target":{"__id__":27}}],"_prefab":{"__type__":"cc.PrefabInfo","root":{"__id__":1},"asset":{"__id__":0},"fileId":"a74SY1cKlIQqa1DnGP8O1x","_synced":{"default":false,"serializable":false}},"_lscale":{"__type__":"cc.Vec3","x":0.5,"y":0.5,"z":1},"_layer":33554432},{"__type__":"cc.Node","_name":"Label","_parent":{"__id__":27},"_components":[{"__type__":"cc.UITransform","node":{"__id__":28},"_contentSize":{"__type__":"cc.Size","width":200,"height":80}},{"__type__":"cc.Label","node":{"__id__":28},"_string":"开始匹配","_actualFontSize":32,"_fontSize":32,"_overflow":1,"_enableWrapText":false}],"_prefab":{"__type__":"cc.PrefabInfo","root":{"__id__":1},"asset":{"__id__":0},"fileId":"6cxm0AepNDZKzajsmeG/t9","_synced":{"default":false,"serializable":false}},"_layer":33554432},{"__type__":"cc.Node","_name":"Button-invite","_parent":{"__id__":24},"_children":[{"__id__":30}],"_active":false,"_components":[{"__type__":"cc.UITransform","node":{"__id__":29},"_contentSize":{"__type__":"cc.Size","width":400,"height":80}},{"__type__":"cc.Sprite","node":{"__id__":29},"_spriteFrame":{"__uuid__":"2eyJ97g0ZEQaaUdXp0v9K+@f9941"},"_type":1,"_sizeMode":0},{"__type__":"cc.Button","node":{"__id__":29},"_transition":3,"_normalSprite":{"__uuid__":"2eyJ97g0ZEQaaUdXp0v9K+@f9941"},"_hoverSprite":{"__uuid__":"20g1ukYUVPvKWKBRznAKo+@f9941"},"_pressedSprite":{"__uuid__":"54TknWPwVPqJqeCR+Y/Czo@f9941"},"_disabledSprite":{"__uuid__":"95EkngnxZFbYuFpsqVTaFr@f9941"},"_zoomScale":0.9,"_target":{"__id__":29}}],"_prefab":{"__type__":"cc.PrefabInfo","root":{"__id__":1},"asset":{"__id__":0},"fileId":"919CY2DUlIp5Ig0NCXyM3K","_synced":{"default":false,"serializable":false}},"_lscale":{"__type__":"cc.Vec3","x":0.5,"y":0.5,"z":1},"_layer":33554432},{"__type__":"cc.Node","_name":"Label","_parent":{"__id__":29},"_components":[{"__type__":"cc.UITransform","node":{"__id__":30},"_contentSize":{"__type__":"cc.Size","width":200,"height":80}},{"__type__":"cc.Label","node":{"__id__":30},"_string":"邀请另一半","_actualFontSize":32,"_fontSize":32,"_overflow":1,"_enableWrapText":false}],"_prefab":{"__type__":"cc.PrefabInfo","root":{"__id__":1},"asset":{"__id__":0},"fileId":"c4xw49tStIT4I1rJ8akrgU","_synced":{"default":false,"serializable":false}},"_layer":33554432},{"__type__":"cc.Node","_name":"sharePlatform","_parent":{"__id__":1},"_children":[{"__id__":32},{"__id__":33}],"_active":false,"_components":[{"__type__":"cc.UITransform","node":{"__id__":31},"_contentSize":{"__type__":"cc.Size","width":375,"height":812},"_anchorPoint":{"__type__":"cc.Vec2","x":0.5}},{"__type__":"cc.Widget","_name":"sharePlatform<Widget>","node":{"__id__":31},"_alignFlags":45,"_originalWidth":40,"_originalHeight":200}],"_prefab":{"__type__":"cc.PrefabInfo","root":{"__id__":1},"asset":{"__id__":0},"fileId":"80YyKHrGtOYa3vkLqdsjhb","_synced":{"default":false,"serializable":false}},"_lpos":{"__type__":"cc.Vec3","y":-406,"z":-2},"_layer":33554432},{"__type__":"cc.Node","_name":"maskBg","_parent":{"__id__":31},"_components":[{"__type__":"cc.UITransform","node":{"__id__":32},"_contentSize":{"__type__":"cc.Size","width":375,"height":812},"_anchorPoint":{"__type__":"cc.Vec2","x":0.5}},{"__type__":"cc.Sprite","node":{"__id__":32},"_color":{"__type__":"cc.Color","a":100},"_spriteFrame":{"__uuid__":"6fkl6VpxhEdpqawV6+t60C@f9941"},"_sizeMode":0},{"__type__":"cc.Widget","_name":"maskBg<Widget>","node":{"__id__":32},"_alignFlags":45,"_originalWidth":40,"_originalHeight":36},{"__type__":"cc.BlockInputEvents","node":{"__id__":32}}],"_prefab":{"__type__":"cc.PrefabInfo","root":{"__id__":1},"asset":{"__id__":0},"fileId":"40s2+t2JxDkb9Y+ksEl6CP","_synced":{"default":false,"serializable":false}},"_layer":33554432},{"__type__":"cc.Node","_name":"content","_parent":{"__id__":31},"_children":[{"__id__":34},{"__id__":36},{"__id__":38},{"__id__":40}],"_components":[{"__type__":"cc.UITransform","node":{"__id__":33},"_contentSize":{"__type__":"cc.Size","width":375,"height":240},"_anchorPoint":{"__type__":"cc.Vec2","x":0.5}},{"__type__":"cc.Sprite","node":{"__id__":33},"_spriteFrame":{"__uuid__":"5b+vC+HXBAgJghjc0As3nf@f9941"},"_type":1,"_sizeMode":0},{"__type__":"cc.Widget","_name":"content<Widget>","node":{"__id__":33},"_alignFlags":44,"_bottom":-38,"_originalWidth":40}],"_prefab":{"__type__":"cc.PrefabInfo","root":{"__id__":1},"asset":{"__id__":0},"fileId":"e59rr7zYhKhJMx7VJ0UwXv","_synced":{"default":false,"serializable":false}},"_lpos":{"__type__":"cc.Vec3","y":-38},"_layer":33554432},{"__type__":"cc.Node","_name":"inApp","_parent":{"__id__":33},"_children":[{"__id__":35}],"_components":[{"__type__":"cc.UITransform","node":{"__id__":34},"_contentSize":{"__type__":"cc.Size","width":44,"height":44}},{"__type__":"cc.Sprite","node":{"__id__":34},"_spriteFrame":{"__uuid__":"d7ww/ui4hEwrtI6qzMys28@f9941"},"_sizeMode":0},{"__type__":"cc.Widget","_name":"inApp<Widget>","node":{"__id__":34},"_alignFlags":10,"_left":40,"_top":60,"_verticalCenter":40}],"_prefab":{"__type__":"cc.PrefabInfo","root":{"__id__":1},"asset":{"__id__":0},"fileId":"ffCrvDpWZDaY3ufJTREVKk","_synced":{"default":false,"serializable":false}},"_lpos":{"__type__":"cc.Vec3","x":-125.5,"y":160},"_layer":33554432},{"__type__":"cc.Node","_name":"name","_parent":{"__id__":34},"_components":[{"__type__":"cc.UITransform","node":{"__id__":35},"_contentSize":{"__type__":"cc.Size","width":78,"height":50.4}},{"__type__":"cc.Label","node":{"__id__":35},"_color":{"__type__":"cc.Color","r":82,"g":64,"b":109},"_string":"悄悄话","_actualFontSize":26,"_fontSize":26},{"__type__":"cc.Widget","_name":"name<Widget>","node":{"__id__":35},"_alignFlags":20,"_bottom":-35}],"_prefab":{"__type__":"cc.PrefabInfo","root":{"__id__":1},"asset":{"__id__":0},"fileId":"1eRcdr6fhOK40RqOoQG5IK","_synced":{"default":false,"serializable":false}},"_lpos":{"__type__":"cc.Vec3","y":-44.4},"_lscale":{"__type__":"cc.Vec3","x":0.5,"y":0.5,"z":0.5},"_layer":33554432},{"__type__":"cc.Node","_name":"weChat","_parent":{"__id__":33},"_children":[{"__id__":37}],"_components":[{"__type__":"cc.UITransform","node":{"__id__":36},"_contentSize":{"__type__":"cc.Size","width":44,"height":44}},{"__type__":"cc.Sprite","node":{"__id__":36},"_spriteFrame":{"__uuid__":"f4J+8AaKRM05yKWPoZ4hD9@f9941"},"_sizeMode":0},{"__type__":"cc.Widget","_name":"weChat<Widget>","node":{"__id__":36},"_alignFlags":18,"_top":40,"_verticalCenter":40}],"_prefab":{"__type__":"cc.PrefabInfo","root":{"__id__":1},"asset":{"__id__":0},"fileId":"d5DH5ZqGJOaaQwUJCiUbCs","_synced":{"default":false,"serializable":false}},"_lpos":{"__type__":"cc.Vec3","y":160},"_layer":33554432},{"__type__":"cc.Node","_name":"name","_parent":{"__id__":36},"_components":[{"__type__":"cc.UITransform","node":{"__id__":37},"_contentSize":{"__type__":"cc.Size","width":52,"height":50.4}},{"__type__":"cc.Label","node":{"__id__":37},"_color":{"__type__":"cc.Color","r":82,"g":64,"b":109},"_string":"微信","_actualFontSize":26,"_fontSize":26},{"__type__":"cc.Widget","_name":"name<Widget>","node":{"__id__":37},"_alignFlags":20,"_bottom":-35}],"_prefab":{"__type__":"cc.PrefabInfo","root":{"__id__":1},"asset":{"__id__":0},"fileId":"e1jv4uu7dBJrcCkLRPNnbD","_synced":{"default":false,"serializable":false}},"_lpos":{"__type__":"cc.Vec3","y":-44.4},"_lscale":{"__type__":"cc.Vec3","x":0.5,"y":0.5,"z":0.5},"_layer":33554432},{"__type__":"cc.Node","_name":"QQ","_parent":{"__id__":33},"_children":[{"__id__":39}],"_active":false,"_components":[{"__type__":"cc.UITransform","node":{"__id__":38},"_contentSize":{"__type__":"cc.Size","width":44,"height":44}},{"__type__":"cc.Sprite","node":{"__id__":38},"_spriteFrame":{"__uuid__":"61x7SczfZIJ5hMgByhVUoP@f9941"},"_sizeMode":0},{"__type__":"cc.Widget","_name":"QQ<Widget>","node":{"__id__":38},"_alignFlags":34,"_right":40,"_top":40,"_verticalCenter":40}],"_prefab":{"__type__":"cc.PrefabInfo","root":{"__id__":1},"asset":{"__id__":0},"fileId":"70M0zw8m5GT41D/iFhVIFk","_synced":{"default":false,"serializable":false}},"_lpos":{"__type__":"cc.Vec3","x":125.5,"y":160},"_layer":33554432},{"__type__":"cc.Node","_name":"name","_parent":{"__id__":38},"_components":[{"__type__":"cc.UITransform","node":{"__id__":39},"_contentSize":{"__type__":"cc.Size","width":40.45,"height":50.4}},{"__type__":"cc.Label","node":{"__id__":39},"_color":{"__type__":"cc.Color","r":82,"g":64,"b":109},"_string":"QQ","_actualFontSize":26,"_fontSize":26},{"__type__":"cc.Widget","_name":"name<Widget>","node":{"__id__":39},"_alignFlags":20,"_bottom":-35}],"_prefab":{"__type__":"cc.PrefabInfo","root":{"__id__":1},"asset":{"__id__":0},"fileId":"c6Y5Zldw5AxpARJclDLnyj","_synced":{"default":false,"serializable":false}},"_lpos":{"__type__":"cc.Vec3","y":-44.4},"_lscale":{"__type__":"cc.Vec3","x":0.5,"y":0.5,"z":0.5},"_layer":33554432},{"__type__":"cc.Node","_name":"close","_parent":{"__id__":33},"_components":[{"__type__":"cc.UITransform","node":{"__id__":40},"_contentSize":{"__type__":"cc.Size","width":80,"height":50.4}},{"__type__":"cc.Widget","_name":"close<Widget>","node":{"__id__":40},"_alignFlags":44,"_top":-10,"_bottom":46,"_originalWidth":24},{"__type__":"cc.Label","node":{"__id__":40},"_color":{"__type__":"cc.Color","r":74,"g":144,"b":226},"_string":"取消","_actualFontSize":40}],"_prefab":{"__type__":"cc.PrefabInfo","root":{"__id__":1},"asset":{"__id__":0},"fileId":"0e4QDUQ1NJOb9q63R9iMRB","_synced":{"default":false,"serializable":false}},"_lpos":{"__type__":"cc.Vec3","y":58.6},"_lscale":{"__type__":"cc.Vec3","x":0.5,"y":0.5,"z":1},"_layer":33554432}]
