[[{"__type__":"cc.Prefab","data":{"__id__":1}},{"__type__":"cc.Node","_name":"Node","_children":[{"__id__":2},{"__id__":3}],"_prefab":{"__type__":"cc.PrefabInfo","root":{"__id__":1},"asset":{"__id__":0},"fileId":"1808LkOGxI4YIO6d5u5u2d","_synced":{"default":false,"serializable":false}}},{"__type__":"cc.Node","_name":"圆柱","_parent":{"__id__":1},"_components":[{"__type__":"cc.MeshRenderer","node":{"__id__":2},"_materials":[{"__uuid__":"4az3ud/P5D6YxwtMlwiNMQ"}],"lightmapSettings":{"__type__":"cc.ModelLightmapSettings"},"_mesh":{"__uuid__":"880YxkLZNI3IVwS6xqgbLE@f32e4"}}],"_prefab":{"__type__":"cc.PrefabInfo","root":{"__id__":1},"asset":{"__id__":0},"fileId":"6cl/VBTVBPRZ3NeR5mHaIx","_synced":{"default":false,"serializable":false}},"_lpos":{"__type__":"cc.Vec3","y":-0.129889994859695}},{"__type__":"cc.Node","_name":"球体","_parent":{"__id__":1},"_components":[{"__type__":"cc.MeshRenderer","node":{"__id__":3},"_materials":[{"__uuid__":"4az3ud/P5D6YxwtMlwiNMQ"}],"lightmapSettings":{"__type__":"cc.ModelLightmapSettings"},"_mesh":{"__uuid__":"880YxkLZNI3IVwS6xqgbLE@0a13e"}}],"_prefab":{"__type__":"cc.PrefabInfo","root":{"__id__":1},"asset":{"__id__":0},"fileId":"d9NH1bDmJDIb3wKNPg5p1q","_synced":{"default":false,"serializable":false}},"_lpos":{"__type__":"cc.Vec3","y":0.699999988079071}}],{"__type__":"cc.Material","_effectAsset":{"__uuid__":"a3zQCfCrBCDZJ4uf2rk5u8"},"_techIdx":3,"_defines":[{}],"_states":[{"blendState":{"targets":[{}]},"depthStencilState":{},"rasterizerState":{}}],"_props":[{"mainColor":{"__type__":"cc.Color","r":23,"g":126,"b":230,"a":72},"alphaThreshold":0.6}]}]
