[{"__type__":"cc.Prefab","data":{"__id__":1}},{"__type__":"cc.Node","_name":"Node","_children":[{"__id__":2}],"_prefab":{"__type__":"cc.PrefabInfo","root":{"__id__":1},"asset":{"__id__":0},"fileId":"54+Mj8XxVAZZK5Q72+8Tgq","_synced":{"default":false,"serializable":false}}},{"__type__":"cc.Node","_name":"细分曲面","_parent":{"__id__":1},"_children":[{"__id__":3}],"_prefab":{"__type__":"cc.PrefabInfo","root":{"__id__":1},"asset":{"__id__":0},"fileId":"b7eZTX/glGX5kxWUhNP5BR","_synced":{"default":false,"serializable":false}}},{"__type__":"cc.Node","_name":"圆环_1","_parent":{"__id__":2},"_components":[{"__type__":"cc.MeshRenderer","node":{"__id__":3},"_materials":[{"__uuid__":"f5oaLe3KJFxZPgui4FIjO8@9aeec"}],"lightmapSettings":{"__type__":"cc.ModelLightmapSettings"},"_mesh":{"__uuid__":"f5oaLe3KJFxZPgui4FIjO8@5c882"}}],"_prefab":{"__type__":"cc.PrefabInfo","root":{"__id__":1},"asset":{"__id__":0},"fileId":"56dffvCpdImrQYqEoQIis6","_synced":{"default":false,"serializable":false}},"_lpos":{"__type__":"cc.Vec3","y":1.011}}]
