[{"__type__":"cc.Prefab","data":{"__id__":1}},{"__type__":"cc.Node","_name":"TeachingBoard","_children":[{"__id__":2},{"__id__":47},{"__id__":50},{"__id__":54},{"__id__":56},{"__id__":57},{"__id__":58},{"__id__":63},{"__id__":64},{"__id__":65},{"__id__":73},{"__id__":74},{"__id__":77},{"__id__":86}],"_components":[{"__type__":"cc.UITransform","node":{"__id__":1},"_contentSize":{"__type__":"cc.Size","width":375,"height":812}},{"__type__":"cc.Widget","_name":"GamingBoard<Widget>","node":{"__id__":1},"_alignFlags":45,"_originalWidth":100,"_originalHeight":100}],"_prefab":{"__type__":"cc.PrefabInfo","root":{"__id__":1},"asset":{"__id__":0},"fileId":"33sqcEp4BHt4V6HKNRHQwH","_synced":{"default":false,"serializable":false}},"_layer":33554432},{"__type__":"cc.Node","_name":"Header","_parent":{"__id__":1},"_children":[{"__id__":3},{"__id__":21},{"__id__":39},{"__id__":42}],"_active":false,"_components":[{"__type__":"cc.UITransform","node":{"__id__":2},"_contentSize":{"__type__":"cc.Size","width":375,"height":60}},{"__type__":"cc.Widget","_name":"team1<Widget>","node":{"__id__":2},"_alignFlags":41,"_top":60,"_originalWidth":336}],"_prefab":{"__type__":"cc.PrefabInfo","root":{"__id__":1},"asset":{"__id__":0},"fileId":"9cNsyhXtpEB7PjSZCQEA1l","_synced":{"default":false,"serializable":false}},"_lpos":{"__type__":"cc.Vec3","y":316},"_layer":33554432},{"__type__":"cc.Node","_name":"team0","_parent":{"__id__":2},"_children":[{"__id__":4},{"__id__":12},{"__id__":20}],"_components":[{"__type__":"cc.UITransform","node":{"__id__":3},"_contentSize":{"__type__":"cc.Size","width":300,"height":120}},{"__type__":"cc.Widget","_name":"team1<Widget>","node":{"__id__":3},"_alignFlags":10}],"_prefab":{"__type__":"cc.PrefabInfo","root":{"__id__":1},"asset":{"__id__":0},"fileId":"fel7pyBOhN6YCzM+50Y6qU","_synced":{"default":false,"serializable":false}},"_lpos":{"__type__":"cc.Vec3","x":-112.5},"_lscale":{"__type__":"cc.Vec3","x":0.5,"y":0.5,"z":0.5},"_layer":33554432},{"__type__":"cc.Node","_name":"avatar-1","_parent":{"__id__":3},"_children":[{"__id__":5},{"__id__":6},{"__id__":7},{"__id__":11}],"_components":[{"__type__":"cc.UITransform","node":{"__id__":4},"_contentSize":{"__type__":"cc.Size","width":130,"height":130}},{"__type__":"cc.UIOpacity","node":{"__id__":4},"_opacity":122}],"_prefab":{"__type__":"cc.PrefabInfo","root":{"__id__":1},"asset":{"__id__":0},"fileId":"daqQ45HcBIYYTOu+mRAMZx","_synced":{"default":false,"serializable":false}},"_lpos":{"__type__":"cc.Vec3","x":-95,"y":-46},"_layer":33554432},{"__type__":"cc.Node","_name":"bg","_parent":{"__id__":4},"_components":[{"__type__":"cc.UITransform","node":{"__id__":5},"_contentSize":{"__type__":"cc.Size","width":310,"height":108}},{"__type__":"cc.Sprite","node":{"__id__":5},"_spriteFrame":{"__uuid__":"a4RYDawotJ6q3X+CUzOxOV@f9941"},"_type":1,"_sizeMode":0},{"__type__":"cc.Widget","_name":"bg<Widget>","node":{"__id__":5},"_alignFlags":10,"_left":10,"_verticalCenter":-5}],"_prefab":{"__type__":"cc.PrefabInfo","root":{"__id__":1},"asset":{"__id__":0},"fileId":"7dIaZfsrJMT5DuuqQ6oLnW","_synced":{"default":false,"serializable":false}},"_lpos":{"__type__":"cc.Vec3","x":100,"y":-5},"_layer":33554432},{"__type__":"cc.Node","_name":"white","_parent":{"__id__":4},"_components":[{"__type__":"cc.UITransform","node":{"__id__":6},"_contentSize":{"__type__":"cc.Size","width":132,"height":132}},{"__type__":"cc.Sprite","node":{"__id__":6},"_spriteFrame":{"__uuid__":"3cPvkJX2xIrJ3GteFrlDJ+@f9941"}}],"_prefab":{"__type__":"cc.PrefabInfo","root":{"__id__":1},"asset":{"__id__":0},"fileId":"2b2+q3QJJM7qtxzKD5+BTr","_synced":{"default":false,"serializable":false}},"_layer":33554432},{"__type__":"cc.Node","_name":"avatar","_parent":{"__id__":4},"_children":[{"__id__":8},{"__id__":9},{"__id__":10}],"_components":[{"__type__":"cc.UITransform","node":{"__id__":7},"_contentSize":{"__type__":"cc.Size","width":80,"height":80}},{"__type__":"cc.Sprite","node":{"__id__":7},"_materials":[{"__uuid__":"femcRHb0hNMa473b21u7RL"}],"_spriteFrame":{"__uuid__":"b700qgl01Oz59r+MlGadVq@f9941"},"_sizeMode":0},{"__type__":"62231BivyRLC6qStdnthPWc","node":{"__id__":7}}],"_prefab":{"__type__":"cc.PrefabInfo","root":{"__id__":1},"asset":{"__id__":0},"fileId":"35ucDzGxdCcr5pKqTPZT0b","_synced":{"default":false,"serializable":false}},"_layer":33554432},{"__type__":"cc.Node","_name":"isVip","_parent":{"__id__":7},"_active":false,"_components":[{"__type__":"cc.UITransform","node":{"__id__":8},"_contentSize":{"__type__":"cc.Size","width":32,"height":30}},{"__type__":"cc.Sprite","node":{"__id__":8},"_spriteFrame":{"__uuid__":"67UeHEu/FCv7RCHh8Jbt4F@f9941"},"_sizeMode":0},{"__type__":"cc.Widget","_name":"isVip<Widget>","node":{"__id__":8},"_alignFlags":17,"_top":-20}],"_prefab":{"__type__":"cc.PrefabInfo","root":{"__id__":1},"asset":{"__id__":0},"fileId":"d3eXjqfTVHC6oFSWONFnrA","_synced":{"default":false,"serializable":false}},"_lpos":{"__type__":"cc.Vec3","y":45},"_layer":33554432},{"__type__":"cc.Node","_name":"gender","_parent":{"__id__":7},"_components":[{"__type__":"cc.UITransform","node":{"__id__":9},"_contentSize":{"__type__":"cc.Size","width":48,"height":48}},{"__type__":"cc.Sprite","node":{"__id__":9},"_spriteFrame":{"__uuid__":"e9+aPS0jdJ4IGgpgdNsJgC@f9941"}},{"__type__":"cc.Widget","_name":"gender<Widget>","node":{"__id__":9},"_alignFlags":36,"_right":-10,"_bottom":-10}],"_prefab":{"__type__":"cc.PrefabInfo","root":{"__id__":1},"asset":{"__id__":0},"fileId":"20zzcufZlLkrFT3Xqw1hoo","_synced":{"default":false,"serializable":false}},"_lpos":{"__type__":"cc.Vec3","x":33.2,"y":-33.2},"_lscale":{"__type__":"cc.Vec3","x":0.7,"y":0.7,"z":1},"_layer":33554432},{"__type__":"cc.Node","_name":"name","_parent":{"__id__":7},"_components":[{"__type__":"cc.UITransform","node":{"__id__":10},"_contentSize":{"__type__":"cc.Size","width":99.57,"height":50.4},"_anchorPoint":{"__type__":"cc.Vec2","y":0.5}},{"__type__":"cc.Label","node":{"__id__":10},"_string":"红队2号","_actualFontSize":28,"_fontSize":28},{"__type__":"cc.Widget","_name":"name<Widget>","node":{"__id__":10},"_alignFlags":10,"_left":120}],"_prefab":{"__type__":"cc.PrefabInfo","root":{"__id__":1},"asset":{"__id__":0},"fileId":"804VbeGNxJ9IyoI9N4ir34","_synced":{"default":false,"serializable":false}},"_lpos":{"__type__":"cc.Vec3","x":80},"_layer":33554432},{"__type__":"cc.Node","_name":"offLine","_parent":{"__id__":4},"_active":false,"_components":[{"__type__":"cc.UITransform","node":{"__id__":11},"_contentSize":{"__type__":"cc.Size","width":108,"height":63}},{"__type__":"cc.Label","node":{"__id__":11},"_srcBlendFactor":1,"_string":"离线","_actualFontSize":54,"_fontSize":54,"_lineHeight":50},{"__type__":"cc.Widget","_name":"offLine<Widget>","node":{"__id__":11},"_alignFlags":18,"_verticalCenter":-2}],"_prefab":{"__type__":"cc.PrefabInfo","root":{"__id__":1},"asset":{"__id__":0},"fileId":"91fViUV2FHqoaeVhaOgZC7","_synced":{"default":false,"serializable":false}},"_lpos":{"__type__":"cc.Vec3","y":-2},"_lscale":{"__type__":"cc.Vec3","x":0.5,"y":0.5,"z":1},"_layer":33554432},{"__type__":"cc.Node","_name":"avatar-2","_parent":{"__id__":3},"_children":[{"__id__":13},{"__id__":14},{"__id__":15},{"__id__":19}],"_components":[{"__type__":"cc.UITransform","node":{"__id__":12},"_contentSize":{"__type__":"cc.Size","width":130,"height":130}},{"__type__":"cc.UIOpacity","node":{"__id__":12}}],"_prefab":{"__type__":"cc.PrefabInfo","root":{"__id__":1},"asset":{"__id__":0},"fileId":"92hj4IVddOOIDv7vevQinj","_synced":{"default":false,"serializable":false}},"_lpos":{"__type__":"cc.Vec3","x":-65,"y":30},"_layer":33554432},{"__type__":"cc.Node","_name":"bg","_parent":{"__id__":12},"_components":[{"__type__":"cc.UITransform","node":{"__id__":13},"_contentSize":{"__type__":"cc.Size","width":310,"height":108}},{"__type__":"cc.Sprite","node":{"__id__":13},"_spriteFrame":{"__uuid__":"a4RYDawotJ6q3X+CUzOxOV@f9941"},"_type":1,"_sizeMode":0},{"__type__":"cc.Widget","_name":"bg<Widget>","node":{"__id__":13},"_alignFlags":10,"_left":10,"_verticalCenter":-5}],"_prefab":{"__type__":"cc.PrefabInfo","root":{"__id__":1},"asset":{"__id__":0},"fileId":"ffGvXaW3RJDYbYsn/z1Pmi","_synced":{"default":false,"serializable":false}},"_lpos":{"__type__":"cc.Vec3","x":100,"y":-5},"_layer":33554432},{"__type__":"cc.Node","_name":"white","_parent":{"__id__":12},"_components":[{"__type__":"cc.UITransform","node":{"__id__":14},"_contentSize":{"__type__":"cc.Size","width":132,"height":132}},{"__type__":"cc.Sprite","node":{"__id__":14},"_spriteFrame":{"__uuid__":"3cPvkJX2xIrJ3GteFrlDJ+@f9941"}}],"_prefab":{"__type__":"cc.PrefabInfo","root":{"__id__":1},"asset":{"__id__":0},"fileId":"b6u6UGrfVOXIc28oKyDhPn","_synced":{"default":false,"serializable":false}},"_layer":33554432},{"__type__":"cc.Node","_name":"avatar","_parent":{"__id__":12},"_children":[{"__id__":16},{"__id__":17},{"__id__":18}],"_components":[{"__type__":"cc.UITransform","node":{"__id__":15},"_contentSize":{"__type__":"cc.Size","width":80,"height":80}},{"__type__":"cc.Sprite","node":{"__id__":15},"_materials":[{"__uuid__":"femcRHb0hNMa473b21u7RL"}],"_spriteFrame":{"__uuid__":"b700qgl01Oz59r+MlGadVq@f9941"},"_sizeMode":0},{"__type__":"62231BivyRLC6qStdnthPWc","node":{"__id__":15}}],"_prefab":{"__type__":"cc.PrefabInfo","root":{"__id__":1},"asset":{"__id__":0},"fileId":"beD9jZUFNM/bidpoPNhwEQ","_synced":{"default":false,"serializable":false}},"_layer":33554432},{"__type__":"cc.Node","_name":"isVip","_parent":{"__id__":15},"_active":false,"_components":[{"__type__":"cc.UITransform","node":{"__id__":16},"_contentSize":{"__type__":"cc.Size","width":32,"height":30}},{"__type__":"cc.Sprite","node":{"__id__":16},"_spriteFrame":{"__uuid__":"67UeHEu/FCv7RCHh8Jbt4F@f9941"},"_sizeMode":0},{"__type__":"cc.Widget","_name":"isVip<Widget>","node":{"__id__":16},"_alignFlags":17,"_top":-20}],"_prefab":{"__type__":"cc.PrefabInfo","root":{"__id__":1},"asset":{"__id__":0},"fileId":"d3eXjqfTVHC6oFSWONFnrA","_synced":{"default":false,"serializable":false}},"_lpos":{"__type__":"cc.Vec3","y":45},"_layer":33554432},{"__type__":"cc.Node","_name":"gender","_parent":{"__id__":15},"_components":[{"__type__":"cc.UITransform","node":{"__id__":17},"_contentSize":{"__type__":"cc.Size","width":48,"height":48}},{"__type__":"cc.Sprite","node":{"__id__":17},"_spriteFrame":{"__uuid__":"e9+aPS0jdJ4IGgpgdNsJgC@f9941"}},{"__type__":"cc.Widget","_name":"gender<Widget>","node":{"__id__":17},"_alignFlags":36,"_right":-10,"_bottom":-10}],"_prefab":{"__type__":"cc.PrefabInfo","root":{"__id__":1},"asset":{"__id__":0},"fileId":"41AcZlfiJEuLYormigtqa+","_synced":{"default":false,"serializable":false}},"_lpos":{"__type__":"cc.Vec3","x":33.2,"y":-33.2},"_lscale":{"__type__":"cc.Vec3","x":0.7,"y":0.7,"z":1},"_layer":33554432},{"__type__":"cc.Node","_name":"name","_parent":{"__id__":15},"_components":[{"__type__":"cc.UITransform","node":{"__id__":18},"_contentSize":{"__type__":"cc.Size","width":99.57,"height":50.4},"_anchorPoint":{"__type__":"cc.Vec2","y":0.5}},{"__type__":"cc.Label","node":{"__id__":18},"_string":"红队1号","_actualFontSize":28,"_fontSize":28},{"__type__":"cc.Widget","_name":"name<Widget>","node":{"__id__":18},"_alignFlags":10,"_left":120}],"_prefab":{"__type__":"cc.PrefabInfo","root":{"__id__":1},"asset":{"__id__":0},"fileId":"d3dq6OpTpFFK58s0FnKsJn","_synced":{"default":false,"serializable":false}},"_lpos":{"__type__":"cc.Vec3","x":80},"_layer":33554432},{"__type__":"cc.Node","_name":"offLine","_parent":{"__id__":12},"_active":false,"_components":[{"__type__":"cc.UITransform","node":{"__id__":19},"_contentSize":{"__type__":"cc.Size","width":108,"height":63}},{"__type__":"cc.Label","node":{"__id__":19},"_srcBlendFactor":1,"_string":"离线","_actualFontSize":54,"_fontSize":54,"_lineHeight":50},{"__type__":"cc.Widget","_name":"offLine<Widget>","node":{"__id__":19},"_alignFlags":18,"_verticalCenter":-2}],"_prefab":{"__type__":"cc.PrefabInfo","root":{"__id__":1},"asset":{"__id__":0},"fileId":"91SuP6315FK4cTRIKBxjCx","_synced":{"default":false,"serializable":false}},"_lpos":{"__type__":"cc.Vec3","y":-2},"_lscale":{"__type__":"cc.Vec3","x":0.5,"y":0.5,"z":1},"_layer":33554432},{"__type__":"cc.Node","_name":"isLover","_parent":{"__id__":3},"_active":false,"_components":[{"__type__":"cc.UITransform","node":{"__id__":20},"_priority":99,"_contentSize":{"__type__":"cc.Size","width":79,"height":70}},{"__type__":"cc.Sprite","node":{"__id__":20},"_spriteFrame":{"__uuid__":"3cO+XQeatJZIuMoAXYZCVZ@f9941"}}],"_prefab":{"__type__":"cc.PrefabInfo","root":{"__id__":1},"asset":{"__id__":0},"fileId":"bc89HegCNLIbFdjqqXpIe/","_synced":{"default":false,"serializable":false}},"_lpos":{"__type__":"cc.Vec3","x":-81.796,"y":-14.102},"_lscale":{"__type__":"cc.Vec3","x":0.5,"y":0.5,"z":1},"_layer":33554432},{"__type__":"cc.Node","_name":"team1","_parent":{"__id__":2},"_children":[{"__id__":22},{"__id__":30},{"__id__":38}],"_components":[{"__type__":"cc.UITransform","node":{"__id__":21},"_contentSize":{"__type__":"cc.Size","width":300,"height":120}},{"__type__":"cc.Widget","_name":"team1<Widget>","node":{"__id__":21},"_alignFlags":34}],"_prefab":{"__type__":"cc.PrefabInfo","root":{"__id__":1},"asset":{"__id__":0},"fileId":"9cStkl7e9LPKrdxTr44xXk","_synced":{"default":false,"serializable":false}},"_lpos":{"__type__":"cc.Vec3","x":112.5},"_lscale":{"__type__":"cc.Vec3","x":0.5,"y":0.5,"z":0.5},"_layer":33554432},{"__type__":"cc.Node","_name":"avatar-1","_parent":{"__id__":21},"_children":[{"__id__":23},{"__id__":24},{"__id__":25},{"__id__":29}],"_components":[{"__type__":"cc.UITransform","node":{"__id__":22},"_contentSize":{"__type__":"cc.Size","width":130,"height":130}},{"__type__":"cc.UIOpacity","node":{"__id__":22},"_opacity":122}],"_prefab":{"__type__":"cc.PrefabInfo","root":{"__id__":1},"asset":{"__id__":0},"fileId":"afCaWHLi9MKKr8LKg7O7We","_synced":{"default":false,"serializable":false}},"_lpos":{"__type__":"cc.Vec3","x":95,"y":-46},"_layer":33554432},{"__type__":"cc.Node","_name":"bg","_parent":{"__id__":22},"_components":[{"__type__":"cc.UITransform","node":{"__id__":23},"_contentSize":{"__type__":"cc.Size","width":310,"height":108}},{"__type__":"cc.Sprite","node":{"__id__":23},"_spriteFrame":{"__uuid__":"b8fsc+HZFATasinRotQM1J@f9941"},"_type":1,"_sizeMode":0},{"__type__":"cc.Widget","_name":"bg<Widget>","node":{"__id__":23},"_alignFlags":34,"_left":10,"_right":10,"_verticalCenter":-5}],"_prefab":{"__type__":"cc.PrefabInfo","root":{"__id__":1},"asset":{"__id__":0},"fileId":"ffGvXaW3RJDYbYsn/z1Pmi","_synced":{"default":false,"serializable":false}},"_lpos":{"__type__":"cc.Vec3","x":-100,"y":-5},"_layer":33554432},{"__type__":"cc.Node","_name":"white","_parent":{"__id__":22},"_components":[{"__type__":"cc.UITransform","node":{"__id__":24},"_contentSize":{"__type__":"cc.Size","width":132,"height":132}},{"__type__":"cc.Sprite","node":{"__id__":24},"_spriteFrame":{"__uuid__":"3cPvkJX2xIrJ3GteFrlDJ+@f9941"}}],"_prefab":{"__type__":"cc.PrefabInfo","root":{"__id__":1},"asset":{"__id__":0},"fileId":"b6u6UGrfVOXIc28oKyDhPn","_synced":{"default":false,"serializable":false}},"_layer":33554432},{"__type__":"cc.Node","_name":"avatar","_parent":{"__id__":22},"_children":[{"__id__":26},{"__id__":27},{"__id__":28}],"_components":[{"__type__":"cc.UITransform","node":{"__id__":25},"_contentSize":{"__type__":"cc.Size","width":80,"height":80}},{"__type__":"cc.Sprite","node":{"__id__":25},"_materials":[{"__uuid__":"femcRHb0hNMa473b21u7RL"}],"_spriteFrame":{"__uuid__":"b700qgl01Oz59r+MlGadVq@f9941"},"_sizeMode":0},{"__type__":"62231BivyRLC6qStdnthPWc","node":{"__id__":25}}],"_prefab":{"__type__":"cc.PrefabInfo","root":{"__id__":1},"asset":{"__id__":0},"fileId":"2c1Hce+MNHfbG26aYoJscQ","_synced":{"default":false,"serializable":false}},"_layer":33554432},{"__type__":"cc.Node","_name":"isVip","_parent":{"__id__":25},"_active":false,"_components":[{"__type__":"cc.UITransform","node":{"__id__":26},"_contentSize":{"__type__":"cc.Size","width":32,"height":30}},{"__type__":"cc.Sprite","node":{"__id__":26},"_spriteFrame":{"__uuid__":"67UeHEu/FCv7RCHh8Jbt4F@f9941"},"_sizeMode":0},{"__type__":"cc.Widget","_name":"isVip<Widget>","node":{"__id__":26},"_alignFlags":17,"_top":-20}],"_prefab":{"__type__":"cc.PrefabInfo","root":{"__id__":1},"asset":{"__id__":0},"fileId":"23DZNe5QNPKqmq4tq8T096","_synced":{"default":false,"serializable":false}},"_lpos":{"__type__":"cc.Vec3","y":45},"_layer":33554432},{"__type__":"cc.Node","_name":"gender","_parent":{"__id__":25},"_components":[{"__type__":"cc.UITransform","node":{"__id__":27},"_contentSize":{"__type__":"cc.Size","width":48,"height":48}},{"__type__":"cc.Sprite","node":{"__id__":27},"_spriteFrame":{"__uuid__":"e9+aPS0jdJ4IGgpgdNsJgC@f9941"}},{"__type__":"cc.Widget","_name":"gender<Widget>","node":{"__id__":27},"_alignFlags":36,"_right":-10,"_bottom":-10}],"_prefab":{"__type__":"cc.PrefabInfo","root":{"__id__":1},"asset":{"__id__":0},"fileId":"41AcZlfiJEuLYormigtqa+","_synced":{"default":false,"serializable":false}},"_lpos":{"__type__":"cc.Vec3","x":33.2,"y":-33.2},"_lscale":{"__type__":"cc.Vec3","x":0.7,"y":0.7,"z":1},"_layer":33554432},{"__type__":"cc.Node","_name":"name","_parent":{"__id__":25},"_components":[{"__type__":"cc.UITransform","node":{"__id__":28},"_contentSize":{"__type__":"cc.Size","width":99.57,"height":50.4},"_anchorPoint":{"__type__":"cc.Vec2","x":1,"y":0.5}},{"__type__":"cc.Label","node":{"__id__":28},"_string":"蓝队2号","_actualFontSize":28,"_fontSize":28},{"__type__":"cc.Widget","_name":"name<Widget>","node":{"__id__":28},"_alignFlags":32,"_left":120,"_right":120}],"_prefab":{"__type__":"cc.PrefabInfo","root":{"__id__":1},"asset":{"__id__":0},"fileId":"d3dq6OpTpFFK58s0FnKsJn","_synced":{"default":false,"serializable":false}},"_lpos":{"__type__":"cc.Vec3","x":-80},"_layer":33554432},{"__type__":"cc.Node","_name":"offLine","_parent":{"__id__":22},"_active":false,"_components":[{"__type__":"cc.UITransform","node":{"__id__":29},"_contentSize":{"__type__":"cc.Size","width":108,"height":63}},{"__type__":"cc.Label","node":{"__id__":29},"_srcBlendFactor":1,"_string":"离线","_actualFontSize":54,"_fontSize":54,"_lineHeight":50},{"__type__":"cc.Widget","_name":"offLine<Widget>","node":{"__id__":29},"_alignFlags":18,"_verticalCenter":-2}],"_prefab":{"__type__":"cc.PrefabInfo","root":{"__id__":1},"asset":{"__id__":0},"fileId":"91fViUV2FHqoaeVhaOgZC7","_synced":{"default":false,"serializable":false}},"_lpos":{"__type__":"cc.Vec3","y":-2},"_lscale":{"__type__":"cc.Vec3","x":0.5,"y":0.5,"z":1},"_layer":33554432},{"__type__":"cc.Node","_name":"avatar-2","_parent":{"__id__":21},"_children":[{"__id__":31},{"__id__":32},{"__id__":33},{"__id__":37}],"_components":[{"__type__":"cc.UITransform","node":{"__id__":30},"_contentSize":{"__type__":"cc.Size","width":130,"height":130}},{"__type__":"cc.UIOpacity","node":{"__id__":30}}],"_prefab":{"__type__":"cc.PrefabInfo","root":{"__id__":1},"asset":{"__id__":0},"fileId":"3bpbal3yxJhYsdua/XSPqm","_synced":{"default":false,"serializable":false}},"_lpos":{"__type__":"cc.Vec3","x":65,"y":30},"_layer":33554432},{"__type__":"cc.Node","_name":"bg","_parent":{"__id__":30},"_components":[{"__type__":"cc.UITransform","node":{"__id__":31},"_contentSize":{"__type__":"cc.Size","width":310,"height":108}},{"__type__":"cc.Sprite","node":{"__id__":31},"_spriteFrame":{"__uuid__":"b8fsc+HZFATasinRotQM1J@f9941"},"_type":1,"_sizeMode":0},{"__type__":"cc.Widget","_name":"bg<Widget>","node":{"__id__":31},"_alignFlags":34,"_left":10,"_right":10,"_verticalCenter":-5}],"_prefab":{"__type__":"cc.PrefabInfo","root":{"__id__":1},"asset":{"__id__":0},"fileId":"ffGvXaW3RJDYbYsn/z1Pmi","_synced":{"default":false,"serializable":false}},"_lpos":{"__type__":"cc.Vec3","x":-100,"y":-5},"_layer":33554432},{"__type__":"cc.Node","_name":"white","_parent":{"__id__":30},"_components":[{"__type__":"cc.UITransform","node":{"__id__":32},"_contentSize":{"__type__":"cc.Size","width":132,"height":132}},{"__type__":"cc.Sprite","node":{"__id__":32},"_spriteFrame":{"__uuid__":"3cPvkJX2xIrJ3GteFrlDJ+@f9941"}}],"_prefab":{"__type__":"cc.PrefabInfo","root":{"__id__":1},"asset":{"__id__":0},"fileId":"b6u6UGrfVOXIc28oKyDhPn","_synced":{"default":false,"serializable":false}},"_layer":33554432},{"__type__":"cc.Node","_name":"avatar","_parent":{"__id__":30},"_children":[{"__id__":34},{"__id__":35},{"__id__":36}],"_components":[{"__type__":"cc.UITransform","node":{"__id__":33},"_contentSize":{"__type__":"cc.Size","width":80,"height":80}},{"__type__":"cc.Sprite","node":{"__id__":33},"_materials":[{"__uuid__":"femcRHb0hNMa473b21u7RL"}],"_spriteFrame":{"__uuid__":"b700qgl01Oz59r+MlGadVq@f9941"},"_sizeMode":0},{"__type__":"62231BivyRLC6qStdnthPWc","node":{"__id__":33}}],"_prefab":{"__type__":"cc.PrefabInfo","root":{"__id__":1},"asset":{"__id__":0},"fileId":"dbOz3SDmNCTLjP2i1dthO6","_synced":{"default":false,"serializable":false}},"_layer":33554432},{"__type__":"cc.Node","_name":"isVip","_parent":{"__id__":33},"_active":false,"_components":[{"__type__":"cc.UITransform","node":{"__id__":34},"_contentSize":{"__type__":"cc.Size","width":32,"height":30}},{"__type__":"cc.Sprite","node":{"__id__":34},"_spriteFrame":{"__uuid__":"67UeHEu/FCv7RCHh8Jbt4F@f9941"},"_sizeMode":0},{"__type__":"cc.Widget","_name":"isVip<Widget>","node":{"__id__":34},"_alignFlags":17,"_top":-20}],"_prefab":{"__type__":"cc.PrefabInfo","root":{"__id__":1},"asset":{"__id__":0},"fileId":"23DZNe5QNPKqmq4tq8T096","_synced":{"default":false,"serializable":false}},"_lpos":{"__type__":"cc.Vec3","y":45},"_layer":33554432},{"__type__":"cc.Node","_name":"gender","_parent":{"__id__":33},"_components":[{"__type__":"cc.UITransform","node":{"__id__":35},"_contentSize":{"__type__":"cc.Size","width":48,"height":48}},{"__type__":"cc.Sprite","node":{"__id__":35},"_spriteFrame":{"__uuid__":"e9+aPS0jdJ4IGgpgdNsJgC@f9941"}},{"__type__":"cc.Widget","_name":"gender<Widget>","node":{"__id__":35},"_alignFlags":36,"_right":-10,"_bottom":-10}],"_prefab":{"__type__":"cc.PrefabInfo","root":{"__id__":1},"asset":{"__id__":0},"fileId":"41AcZlfiJEuLYormigtqa+","_synced":{"default":false,"serializable":false}},"_lpos":{"__type__":"cc.Vec3","x":33.2,"y":-33.2},"_lscale":{"__type__":"cc.Vec3","x":0.7,"y":0.7,"z":1},"_layer":33554432},{"__type__":"cc.Node","_name":"name","_parent":{"__id__":33},"_components":[{"__type__":"cc.UITransform","node":{"__id__":36},"_contentSize":{"__type__":"cc.Size","width":99.57,"height":50.4},"_anchorPoint":{"__type__":"cc.Vec2","x":1,"y":0.5}},{"__type__":"cc.Label","node":{"__id__":36},"_string":"蓝队1号","_actualFontSize":28,"_fontSize":28},{"__type__":"cc.Widget","_name":"name<Widget>","node":{"__id__":36},"_alignFlags":32,"_left":120,"_right":120}],"_prefab":{"__type__":"cc.PrefabInfo","root":{"__id__":1},"asset":{"__id__":0},"fileId":"d3dq6OpTpFFK58s0FnKsJn","_synced":{"default":false,"serializable":false}},"_lpos":{"__type__":"cc.Vec3","x":-80},"_layer":33554432},{"__type__":"cc.Node","_name":"offLine","_parent":{"__id__":30},"_active":false,"_components":[{"__type__":"cc.UITransform","node":{"__id__":37},"_contentSize":{"__type__":"cc.Size","width":108,"height":63}},{"__type__":"cc.Label","node":{"__id__":37},"_srcBlendFactor":1,"_string":"离线","_actualFontSize":54,"_fontSize":54,"_lineHeight":50},{"__type__":"cc.Widget","_name":"offLine<Widget>","node":{"__id__":37},"_alignFlags":18,"_verticalCenter":-2}],"_prefab":{"__type__":"cc.PrefabInfo","root":{"__id__":1},"asset":{"__id__":0},"fileId":"91fViUV2FHqoaeVhaOgZC7","_synced":{"default":false,"serializable":false}},"_lpos":{"__type__":"cc.Vec3","y":-2},"_lscale":{"__type__":"cc.Vec3","x":0.5,"y":0.5,"z":1},"_layer":33554432},{"__type__":"cc.Node","_name":"isLover","_parent":{"__id__":21},"_active":false,"_components":[{"__type__":"cc.UITransform","node":{"__id__":38},"_priority":99,"_contentSize":{"__type__":"cc.Size","width":79,"height":70}},{"__type__":"cc.Sprite","node":{"__id__":38},"_spriteFrame":{"__uuid__":"3cO+XQeatJZIuMoAXYZCVZ@f9941"}}],"_prefab":{"__type__":"cc.PrefabInfo","root":{"__id__":1},"asset":{"__id__":0},"fileId":"afJCXsKxNF+qNcng5xAQZW","_synced":{"default":false,"serializable":false}},"_lpos":{"__type__":"cc.Vec3","x":84.616,"y":-14.102},"_lscale":{"__type__":"cc.Vec3","x":0.5,"y":0.5,"z":1},"_layer":33554432},{"__type__":"cc.Node","_name":"time","_parent":{"__id__":2},"_children":[{"__id__":40},{"__id__":41}],"_components":[{"__type__":"cc.UITransform","node":{"__id__":39},"_contentSize":{"__type__":"cc.Size","height":50.4}},{"__type__":"cc.Label","node":{"__id__":39},"_color":{"__type__":"cc.Color","r":210,"g":107},"_string":"","_actualFontSize":40},{"__type__":"cc.Widget","_name":"time<Widget>","node":{"__id__":39},"_alignFlags":17,"_top":30}],"_prefab":{"__type__":"cc.PrefabInfo","root":{"__id__":1},"asset":{"__id__":0},"fileId":"d34LA619NKe4ssiTEI4035","_synced":{"default":false,"serializable":false}},"_lpos":{"__type__":"cc.Vec3","y":-12.6},"_lscale":{"__type__":"cc.Vec3","x":0.5,"y":0.5,"z":0.5},"_layer":33554432},{"__type__":"cc.Node","_name":"icon","_parent":{"__id__":39},"_components":[{"__type__":"cc.UITransform","node":{"__id__":40},"_contentSize":{"__type__":"cc.Size","width":32,"height":32}},{"__type__":"cc.Sprite","node":{"__id__":40},"_spriteFrame":{"__uuid__":"c8EQgDgMBDOZrr8iHUPPMa@f9941"},"_sizeMode":0}],"_prefab":{"__type__":"cc.PrefabInfo","root":{"__id__":1},"asset":{"__id__":0},"fileId":"a2u4++4vVKAqcD7pFc9+Ee","_synced":{"default":false,"serializable":false}},"_lpos":{"__type__":"cc.Vec3","y":52.884},"_lscale":{"__type__":"cc.Vec3","x":1.5,"y":1.5,"z":1},"_layer":33554432},{"__type__":"cc.Node","_name":"number","_parent":{"__id__":39},"_components":[{"__type__":"cc.UITransform","node":{"__id__":41}},{"__type__":"cc.Widget","node":{"__id__":41}}],"_prefab":{"__type__":"cc.PrefabInfo","root":{"__id__":1},"asset":{"__id__":0},"fileId":"23BqJf3CNP3rO58zEXYE9G","_synced":{"default":false,"serializable":false}},"_layer":33554432},{"__type__":"cc.Node","_name":"score","_parent":{"__id__":2},"_children":[{"__id__":43},{"__id__":45},{"__id__":46}],"_components":[{"__type__":"cc.UITransform","node":{"__id__":42},"_contentSize":{"__type__":"cc.Size","width":600,"height":42}},{"__type__":"cc.Sprite","node":{"__id__":42},"_spriteFrame":{"__uuid__":"cdbTsIRm1JAY6p3sg8bhkP@f9941"},"_type":1,"_sizeMode":0},{"__type__":"cc.ProgressBar","node":{"__id__":42},"_barSprite":{"__id__":44},"_totalLength":600,"_progress":0.5},{"__type__":"cc.Widget","_name":"score<Widget>","node":{"__id__":42},"_alignFlags":18,"_top":21,"_verticalCenter":-62}],"_prefab":{"__type__":"cc.PrefabInfo","root":{"__id__":1},"asset":{"__id__":0},"fileId":"b3hNLg/l5ASbvqke8lPr8U","_synced":{"default":false,"serializable":false}},"_lpos":{"__type__":"cc.Vec3","y":-62},"_lscale":{"__type__":"cc.Vec3","x":0.5,"y":0.5,"z":1},"_layer":33554432},{"__type__":"cc.Node","_name":"Bar","_parent":{"__id__":42},"_components":[{"__type__":"cc.UITransform","node":{"__id__":43},"_contentSize":{"__type__":"cc.Size","width":300,"height":44},"_anchorPoint":{"__type__":"cc.Vec2","y":0.5}},{"__id__":44}],"_prefab":{"__type__":"cc.PrefabInfo","root":{"__id__":1},"asset":{"__id__":0},"fileId":"36uwsf0flFOLnL8gVZRJZm","_synced":{"default":false,"serializable":false}},"_lpos":{"__type__":"cc.Vec3","x":-301},"_layer":33554432},{"__type__":"cc.Sprite","node":{"__id__":43},"_spriteFrame":{"__uuid__":"54s+w/q3lMkaADozfsYYEv@f9941"},"_type":1,"_sizeMode":0},{"__type__":"cc.Node","_name":"redScore","_parent":{"__id__":42},"_components":[{"__type__":"cc.UITransform","node":{"__id__":45},"_contentSize":{"__type__":"cc.Size","width":56.02,"height":52.92},"_anchorPoint":{"__type__":"cc.Vec2","x":1,"y":1}},{"__type__":"cc.Label","node":{"__id__":45},"_string":"0分","_actualFontSize":36,"_fontSize":36,"_lineHeight":42},{"__type__":"cc.Widget","_name":"redScore<Widget>","node":{"__id__":45},"_alignFlags":10,"_left":26,"_verticalCenter":2}],"_prefab":{"__type__":"cc.PrefabInfo","root":{"__id__":1},"asset":{"__id__":0},"fileId":"c0FFMsXApKf6+KCby8ur9b","_synced":{"default":false,"serializable":false}},"_lpos":{"__type__":"cc.Vec3","x":-245.99,"y":15.23},"_lscale":{"__type__":"cc.Vec3","x":0.5,"y":0.5,"z":1},"_layer":33554432},{"__type__":"cc.Node","_name":"blueScore","_parent":{"__id__":42},"_components":[{"__type__":"cc.UITransform","node":{"__id__":46},"_contentSize":{"__type__":"cc.Size","width":56.02,"height":52.92}},{"__type__":"cc.Label","node":{"__id__":46},"_string":"0分","_actualFontSize":36,"_fontSize":36,"_lineHeight":42},{"__type__":"cc.Widget","_name":"blueScore<Widget>","node":{"__id__":46},"_alignFlags":34,"_left":30,"_right":26,"_verticalCenter":2}],"_prefab":{"__type__":"cc.PrefabInfo","root":{"__id__":1},"asset":{"__id__":0},"fileId":"bfOtRO07tAzrIgpshB93qG","_synced":{"default":false,"serializable":false}},"_lpos":{"__type__":"cc.Vec3","x":259.995,"y":2},"_lscale":{"__type__":"cc.Vec3","x":0.5,"y":0.5,"z":1},"_layer":33554432},{"__type__":"cc.Node","_name":"logo","_parent":{"__id__":1},"_children":[{"__id__":48},{"__id__":49}],"_components":[{"__type__":"cc.UITransform","node":{"__id__":47},"_contentSize":{"__type__":"cc.Size","width":40,"height":36}},{"__type__":"cc.Widget","_name":"logo<Widget>","node":{"__id__":47},"_alignFlags":12,"_left":8,"_bottom":8}],"_prefab":{"__type__":"cc.PrefabInfo","root":{"__id__":1},"asset":{"__id__":0},"fileId":"08m9Eb3chJ9pAWOvBORfeI","_synced":{"default":false,"serializable":false}},"_lpos":{"__type__":"cc.Vec3","x":-159.5,"y":-380},"_layer":33554432},{"__type__":"cc.Node","_name":"image","_parent":{"__id__":47},"_components":[{"__type__":"cc.UITransform","node":{"__id__":48},"_contentSize":{"__type__":"cc.Size","width":19,"height":19}},{"__type__":"cc.Sprite","node":{"__id__":48},"_spriteFrame":{"__uuid__":"5byPWgSr5BkoKbOEVKPVTX@f9941"},"_sizeMode":0},{"__type__":"cc.Widget","_name":"image<Widget>","node":{"__id__":48},"_alignFlags":10}],"_prefab":{"__type__":"cc.PrefabInfo","root":{"__id__":1},"asset":{"__id__":0},"fileId":"a9NPTekf1NsopsuziJ9MwJ","_synced":{"default":false,"serializable":false}},"_lpos":{"__type__":"cc.Vec3","x":-10.5},"_layer":33554432},{"__type__":"cc.Node","_name":"name","_parent":{"__id__":47},"_components":[{"__type__":"cc.UITransform","node":{"__id__":49},"_contentSize":{"__type__":"cc.Size","width":120,"height":50.4}},{"__type__":"cc.Label","node":{"__id__":49},"_string":"恋爱记小游戏","_actualFontSize":20,"_fontSize":20},{"__type__":"cc.Widget","_name":"name<Widget>","node":{"__id__":49},"_alignFlags":10,"_left":24}],"_prefab":{"__type__":"cc.PrefabInfo","root":{"__id__":1},"asset":{"__id__":0},"fileId":"7ce6Mbt0BJGq1AUcSE4x6k","_synced":{"default":false,"serializable":false}},"_lpos":{"__type__":"cc.Vec3","x":34},"_lscale":{"__type__":"cc.Vec3","x":0.5,"y":0.5,"z":1},"_layer":33554432},{"__type__":"cc.Node","_name":"nav","_parent":{"__id__":1},"_children":[{"__id__":51},{"__id__":52}],"_components":[{"__type__":"cc.UITransform","node":{"__id__":50},"_contentSize":{"__type__":"cc.Size","width":375,"height":40}},{"__type__":"cc.Widget","_name":"nav<Widget>","node":{"__id__":50},"_alignFlags":41,"_top":30,"_originalWidth":100}],"_prefab":{"__type__":"cc.PrefabInfo","root":{"__id__":1},"asset":{"__id__":0},"fileId":"927Stu8oNA6buuH04VNib+","_synced":{"default":false,"serializable":false}},"_lpos":{"__type__":"cc.Vec3","y":356}},{"__type__":"cc.Node","_name":"music","_parent":{"__id__":50},"_active":false,"_components":[{"__type__":"cc.UITransform","node":{"__id__":51},"_contentSize":{"__type__":"cc.Size","width":34,"height":34}},{"__type__":"cc.Sprite","node":{"__id__":51},"_spriteFrame":{"__uuid__":"a7t2sG2DdCXaHovpxjcywM@f9941"},"_sizeMode":0},{"__type__":"cc.Widget","_name":"music<Widget>","node":{"__id__":51},"_alignFlags":34,"_right":10}],"_prefab":{"__type__":"cc.PrefabInfo","root":{"__id__":1},"asset":{"__id__":0},"fileId":"dew64C0UZBrYJ1akn7GN12","_synced":{"default":false,"serializable":false}},"_lpos":{"__type__":"cc.Vec3","x":163.9},"_lscale":{"__type__":"cc.Vec3","x":0.8,"y":0.8,"z":1},"_layer":33554432},{"__type__":"cc.Node","_name":"back","_parent":{"__id__":50},"_children":[{"__id__":53}],"_components":[{"__type__":"cc.UITransform","node":{"__id__":52},"_contentSize":{"__type__":"cc.Size","width":160,"height":54}},{"__type__":"cc.Widget","_name":"back<Widget>","node":{"__id__":52},"_alignFlags":10,"_left":10,"_top":10},{"__type__":"cc.Sprite","node":{"__id__":52},"_spriteFrame":{"__uuid__":"efKnklItxAw4/7i15KF0WK@f9941"},"_type":1,"_sizeMode":0}],"_prefab":{"__type__":"cc.PrefabInfo","root":{"__id__":1},"asset":{"__id__":0},"fileId":"95wpfIOpJKkYEKDHqqPekp","_synced":{"default":false,"serializable":false}},"_lpos":{"__type__":"cc.Vec3","x":-137.5},"_lscale":{"__type__":"cc.Vec3","x":0.5,"y":0.5,"z":1},"_layer":33554432},{"__type__":"cc.Node","_name":"text","_parent":{"__id__":52},"_components":[{"__type__":"cc.UITransform","node":{"__id__":53},"_contentSize":{"__type__":"cc.Size","width":192,"height":75.6}},{"__type__":"cc.Label","node":{"__id__":53},"_string":"跳过演示","_actualFontSize":48,"_fontSize":48,"_lineHeight":60}],"_prefab":{"__type__":"cc.PrefabInfo","root":{"__id__":1},"asset":{"__id__":0},"fileId":"39FvIWneVMuYc9ECrQPqZH","_synced":{"default":false,"serializable":false}},"_lscale":{"__type__":"cc.Vec3","x":0.5,"y":0.5,"z":1},"_layer":33554432},{"__type__":"cc.Node","_name":"introduce-box1","_parent":{"__id__":1},"_children":[{"__id__":55}],"_components":[{"__type__":"cc.UITransform","node":{"__id__":54},"_contentSize":{"__type__":"cc.Size","width":600,"height":150}},{"__type__":"cc.Sprite","node":{"__id__":54},"_spriteFrame":{"__uuid__":"9fk/K3jtZEDKU0BEKvXytv@f9941"},"_type":1,"_sizeMode":0},{"__type__":"cc.Widget","_name":"introduce-box1<Widget>","node":{"__id__":54},"_alignFlags":17,"_top":90}],"_prefab":{"__type__":"cc.PrefabInfo","root":{"__id__":1},"asset":{"__id__":0},"fileId":"59xolilBtNaIUWb8mMGJdZ","_synced":{"default":false,"serializable":false}},"_lpos":{"__type__":"cc.Vec3","y":278.5},"_lscale":{"__type__":"cc.Vec3","x":0.5,"y":0.5,"z":1},"_layer":33554432},{"__type__":"cc.Node","_name":"Label","_parent":{"__id__":54},"_components":[{"__type__":"cc.UITransform","node":{"__id__":55},"_contentSize":{"__type__":"cc.Size","width":676.67,"height":100.8}},{"__type__":"cc.Label","node":{"__id__":55},"_string":"长按蓄力,松手控制向前跳","_actualFontSize":60,"_fontSize":60,"_lineHeight":80}],"_prefab":{"__type__":"cc.PrefabInfo","root":{"__id__":1},"asset":{"__id__":0},"fileId":"98MRToA3RBm7KTiUA97Yrr","_synced":{"default":false,"serializable":false}},"_lscale":{"__type__":"cc.Vec3","x":0.5,"y":0.5,"z":1},"_layer":33554432},{"__type__":"cc.Node","_name":"wait","_parent":{"__id__":1},"_active":false,"_components":[{"__type__":"cc.UITransform","node":{"__id__":56},"_contentSize":{"__type__":"cc.Size","width":384,"height":60}},{"__type__":"cc.Sprite","node":{"__id__":56},"_spriteFrame":{"__uuid__":"28GnyzwU9FZZWY4Pz5Ox0u@f9941"},"_useGrayscale":true}],"_prefab":{"__type__":"cc.PrefabInfo","root":{"__id__":1},"asset":{"__id__":0},"fileId":"f738Zmm+FHM5/6FOjxlVy0","_synced":{"default":false,"serializable":false}},"_lpos":{"__type__":"cc.Vec3","y":158.947},"_lscale":{"__type__":"cc.Vec3","x":0.5,"y":0.5,"z":1},"_layer":33554432},{"__type__":"cc.Node","_name":"mask","_parent":{"__id__":1},"_active":false,"_components":[{"__type__":"cc.UITransform","node":{"__id__":57},"_contentSize":{"__type__":"cc.Size","width":375,"height":812}},{"__type__":"cc.Sprite","node":{"__id__":57},"_materials":[{"__uuid__":"07LnW5FXtOJKEIsi8rClLk"}],"_spriteFrame":{"__uuid__":"6fkl6VpxhEdpqawV6+t60C@f9941"},"_sizeMode":0},{"__type__":"cc.Widget","_name":"mask<Widget>","node":{"__id__":57},"_alignFlags":45,"_originalWidth":464,"_originalHeight":300},{"__type__":"25f14P49k9O0ZDlm2Ne6KtT","node":{"__id__":57}},{"__type__":"cc.BlockInputEvents","node":{"__id__":57}}],"_prefab":{"__type__":"cc.PrefabInfo","root":{"__id__":1},"asset":{"__id__":0},"fileId":"88RLZfit5E0IkGC8NauQ4H","_synced":{"default":false,"serializable":false}},"_layer":33554432},{"__type__":"cc.Node","_name":"Interaction-ex","_parent":{"__id__":1},"_children":[{"__id__":59},{"__id__":60},{"__id__":61},{"__id__":62}],"_active":false,"_components":[{"__type__":"cc.UITransform","node":{"__id__":58},"_contentSize":{"__type__":"cc.Size","width":375,"height":58}},{"__type__":"cc.Widget","_name":"Interaction<Widget>","node":{"__id__":58},"_alignFlags":44,"_bottom":36,"_originalWidth":260}],"_prefab":{"__type__":"cc.PrefabInfo","root":{"__id__":1},"asset":{"__id__":0},"fileId":"5e2N0COLRMYYrpITG4HXAp","_synced":{"default":false,"serializable":false}},"_lpos":{"__type__":"cc.Vec3","y":-341},"_layer":33554432},{"__type__":"cc.Node","_name":"emoji_1","_parent":{"__id__":58},"_components":[{"__type__":"cc.UITransform","node":{"__id__":59},"_contentSize":{"__type__":"cc.Size","width":40,"height":40}},{"__type__":"cc.Sprite","node":{"__id__":59},"_spriteFrame":{"__uuid__":"17Zlnl/3ZBiLCA3JZBctYl@f9941"},"_sizeMode":0},{"__type__":"cc.Widget","_name":"emoji_1<Widget>","node":{"__id__":59},"_alignFlags":34,"_left":0.06,"_right":0.76,"_isAbsLeft":false,"_isAbsRight":false,"_originalWidth":40}],"_prefab":{"__type__":"cc.PrefabInfo","root":{"__id__":1},"asset":{"__id__":0},"fileId":"77oBpKkUZIkah/m3nw1D1Z","_synced":{"default":false,"serializable":false}},"_lpos":{"__type__":"cc.Vec3","x":-117.5},"_layer":33554432},{"__type__":"cc.Node","_name":"emoji_2","_parent":{"__id__":58},"_components":[{"__type__":"cc.UITransform","node":{"__id__":60},"_contentSize":{"__type__":"cc.Size","width":40,"height":40}},{"__type__":"cc.Sprite","node":{"__id__":60},"_spriteFrame":{"__uuid__":"2byWSUYeFJqaw8MmdZVkF7@f9941"},"_sizeMode":0},{"__type__":"cc.Widget","_name":"emoji_2<Widget>","node":{"__id__":60},"_alignFlags":34,"_left":0.24,"_right":0.56,"_isAbsLeft":false,"_isAbsRight":false,"_originalWidth":40}],"_prefab":{"__type__":"cc.PrefabInfo","root":{"__id__":1},"asset":{"__id__":0},"fileId":"2ah6wbMV1N/4+edN4fdllP","_synced":{"default":false,"serializable":false}},"_lpos":{"__type__":"cc.Vec3","x":-42.50000000000003},"_layer":33554432},{"__type__":"cc.Node","_name":"emoji_3","_parent":{"__id__":58},"_components":[{"__type__":"cc.UITransform","node":{"__id__":61},"_contentSize":{"__type__":"cc.Size","width":40,"height":40}},{"__type__":"cc.Sprite","node":{"__id__":61},"_spriteFrame":{"__uuid__":"05yhtoPpZOEr3rMu/xWKLJ@f9941"},"_sizeMode":0},{"__type__":"cc.Widget","_name":"emoji_3<Widget>","node":{"__id__":61},"_alignFlags":34,"_right":0.36,"_isAbsRight":false}],"_prefab":{"__type__":"cc.PrefabInfo","root":{"__id__":1},"asset":{"__id__":0},"fileId":"c57kgx0fVEsIh6FJnp5D/d","_synced":{"default":false,"serializable":false}},"_lpos":{"__type__":"cc.Vec3","x":32.5},"_layer":33554432},{"__type__":"cc.Node","_name":"emoji_4","_parent":{"__id__":58},"_components":[{"__type__":"cc.UITransform","node":{"__id__":62},"_contentSize":{"__type__":"cc.Size","width":40,"height":40}},{"__type__":"cc.Sprite","node":{"__id__":62},"_spriteFrame":{"__uuid__":"1cvqy9cqhO4JtoD1Gl5j4b@f9941"},"_sizeMode":0},{"__type__":"cc.Widget","_name":"emoji_4<Widget>","node":{"__id__":62},"_alignFlags":34,"_right":0.16,"_isAbsRight":false}],"_prefab":{"__type__":"cc.PrefabInfo","root":{"__id__":1},"asset":{"__id__":0},"fileId":"cfVrpZlVBKBLp/2y52tuRM","_synced":{"default":false,"serializable":false}},"_lpos":{"__type__":"cc.Vec3","x":107.5},"_layer":33554432},{"__type__":"cc.Node","_name":"introduce-title","_parent":{"__id__":1},"_components":[{"__type__":"cc.UITransform","node":{"__id__":63},"_contentSize":{"__type__":"cc.Size","width":800,"height":50.4}},{"__type__":"cc.Label","node":{"__id__":63},"_color":{"__type__":"cc.Color","r":205,"g":120,"b":8},"_string":"先来一把单人跳一跳让我看看你的实力吧","_actualFontSize":32,"_fontSize":32,"_overflow":3,"_isBold":true},{"__type__":"cc.Widget","_name":"introduce-title<Widget>","node":{"__id__":63},"_alignFlags":17,"_top":66}],"_prefab":{"__type__":"cc.PrefabInfo","root":{"__id__":1},"asset":{"__id__":0},"fileId":"3dLQfA3itLIKP8NWT9doJS","_synced":{"default":false,"serializable":false}},"_lpos":{"__type__":"cc.Vec3","y":327.4},"_lscale":{"__type__":"cc.Vec3","x":0.5,"y":0.5,"z":1},"_layer":33554432},{"__type__":"cc.Node","_name":"mask2","_parent":{"__id__":1},"_active":false,"_components":[{"__type__":"cc.UITransform","node":{"__id__":64},"_contentSize":{"__type__":"cc.Size","width":375,"height":812}},{"__type__":"cc.Sprite","node":{"__id__":64},"_materials":[{"__uuid__":"07LnW5FXtOJKEIsi8rClLk"}],"_spriteFrame":{"__uuid__":"6fkl6VpxhEdpqawV6+t60C@f9941"},"_sizeMode":0},{"__type__":"cc.Widget","_name":"mask<Widget>","node":{"__id__":64},"_alignFlags":45,"_originalWidth":464,"_originalHeight":300},{"__type__":"25f14P49k9O0ZDlm2Ne6KtT","node":{"__id__":64}},{"__type__":"cc.BlockInputEvents","node":{"__id__":64}}],"_prefab":{"__type__":"cc.PrefabInfo","root":{"__id__":1},"asset":{"__id__":0},"fileId":"7ax4wHRyVOppPSQB5olTWO","_synced":{"default":false,"serializable":false}},"_layer":33554432},{"__type__":"cc.Node","_name":"introduce-box","_parent":{"__id__":1},"_children":[{"__id__":66},{"__id__":67},{"__id__":70}],"_active":false,"_components":[{"__type__":"cc.UITransform","node":{"__id__":65},"_contentSize":{"__type__":"cc.Size","width":598,"height":300}},{"__type__":"cc.Sprite","node":{"__id__":65},"_spriteFrame":{"__uuid__":"9fk/K3jtZEDKU0BEKvXytv@f9941"},"_type":1,"_sizeMode":0},{"__type__":"cc.Widget","_name":"introduce-box<Widget>","node":{"__id__":65},"_alignFlags":41,"_left":38,"_right":38,"_top":54,"_originalWidth":600}],"_prefab":{"__type__":"cc.PrefabInfo","root":{"__id__":1},"asset":{"__id__":0},"fileId":"73Zi7B1kVErr5c6yGl/AoY","_synced":{"default":false,"serializable":false}},"_lpos":{"__type__":"cc.Vec3","y":277},"_lscale":{"__type__":"cc.Vec3","x":0.5,"y":0.5,"z":1},"_layer":33554432},{"__type__":"cc.Node","_name":"Label","_parent":{"__id__":65},"_components":[{"__type__":"cc.UITransform","node":{"__id__":66},"_contentSize":{"__type__":"cc.Size","width":1096.7,"height":400},"_anchorPoint":{"__type__":"cc.Vec2","y":1}},{"__type__":"cc.Label","node":{"__id__":66},"_string":"双人跳一跳\n为两个人共同控制一棋子\n头像和提示轮到你的时候才能跳\n队友在跳的时候可以表情互动给对方加油哦~","_horizontalAlign":0,"_actualFontSize":56,"_fontSize":56,"_lineHeight":100,"_cacheMode":2},{"__type__":"cc.Widget","_name":"Label<Widget>","node":{"__id__":66},"_alignFlags":9,"_left":36,"_top":40}],"_prefab":{"__type__":"cc.PrefabInfo","root":{"__id__":1},"asset":{"__id__":0},"fileId":"e6YWbUng5GXrbikZiZ5LVV","_synced":{"default":false,"serializable":false}},"_lpos":{"__type__":"cc.Vec3","x":-263,"y":110},"_lscale":{"__type__":"cc.Vec3","x":0.5,"y":0.5,"z":1},"_layer":33554432},{"__type__":"cc.Node","_name":"next","_parent":{"__id__":65},"_children":[{"__id__":68},{"__id__":69}],"_components":[{"__type__":"cc.UITransform","node":{"__id__":67},"_contentSize":{"__type__":"cc.Size","width":220,"height":80}},{"__type__":"cc.Sprite","node":{"__id__":67},"_spriteFrame":{"__uuid__":"b1Z646Z75Hl4UuALBiFdiT@f9941"},"_type":1,"_sizeMode":0},{"__type__":"cc.Button","node":{"__id__":67},"_transition":3,"_normalSprite":{"__uuid__":"b1Z646Z75Hl4UuALBiFdiT@f9941"},"_zoomScale":0.9,"_target":{"__id__":67}},{"__type__":"cc.Widget","_name":"next<Widget>","node":{"__id__":67},"_alignFlags":36,"_right":58,"_bottom":30}],"_prefab":{"__type__":"cc.PrefabInfo","root":{"__id__":1},"asset":{"__id__":0},"fileId":"5ep6bawUhPA63Xwl7ZjhWE","_synced":{"default":false,"serializable":false}},"_lpos":{"__type__":"cc.Vec3","x":164,"y":-92},"_lscale":{"__type__":"cc.Vec3","x":0.7,"y":0.7,"z":1},"_layer":33554432},{"__type__":"cc.Node","_name":"Label","_parent":{"__id__":67},"_components":[{"__type__":"cc.UITransform","node":{"__id__":68},"_contentSize":{"__type__":"cc.Size","width":200,"height":40}},{"__type__":"cc.Label","node":{"__id__":68},"_color":{"__type__":"cc.Color","r":205,"g":120,"b":8},"_string":"下一步","_actualFontSize":32,"_fontSize":32,"_lineHeight":50,"_overflow":1,"_enableWrapText":false}],"_prefab":{"__type__":"cc.PrefabInfo","root":{"__id__":1},"asset":{"__id__":0},"fileId":"47rX726spP2rBuQMSRqvC/","_synced":{"default":false,"serializable":false}},"_layer":33554432},{"__type__":"cc.Node","_name":"arrow","_parent":{"__id__":67},"_active":false,"_components":[{"__type__":"cc.UITransform","node":{"__id__":69},"_contentSize":{"__type__":"cc.Size","width":49,"height":27}},{"__type__":"cc.Sprite","node":{"__id__":69},"_spriteFrame":{"__uuid__":"e29xPcsklCqqi7qUDwlGz6@f9941"}},{"__type__":"cc.Widget","_name":"arrow<Widget>","node":{"__id__":69},"_alignFlags":16,"_horizontalCenter":-180}],"_prefab":{"__type__":"cc.PrefabInfo","root":{"__id__":1},"asset":{"__id__":0},"fileId":"7eizPexhNDLax5EvQ0pEp+","_synced":{"default":false,"serializable":false}},"_lpos":{"__type__":"cc.Vec3","x":-180},"_lscale":{"__type__":"cc.Vec3","x":1.8,"y":1.8,"z":1},"_layer":33554432},{"__type__":"cc.Node","_name":"again","_parent":{"__id__":65},"_children":[{"__id__":71},{"__id__":72}],"_components":[{"__type__":"cc.UITransform","node":{"__id__":70},"_contentSize":{"__type__":"cc.Size","width":220,"height":80}},{"__type__":"cc.Sprite","node":{"__id__":70},"_spriteFrame":{"__uuid__":"48YpFSa89FgYbm+fVCv8Oz@f9941"},"_type":1,"_sizeMode":0},{"__type__":"cc.Button","node":{"__id__":70},"_transition":3,"_normalSprite":{"__uuid__":"48YpFSa89FgYbm+fVCv8Oz@f9941"},"_hoverSprite":{"__uuid__":"20g1ukYUVPvKWKBRznAKo+@f9941"},"_pressedSprite":{"__uuid__":"54TknWPwVPqJqeCR+Y/Czo@f9941"},"_disabledSprite":{"__uuid__":"95EkngnxZFbYuFpsqVTaFr@f9941"},"_zoomScale":0.9,"_target":{"__id__":70}},{"__type__":"cc.Widget","_name":"again<Widget>","node":{"__id__":70},"_alignFlags":36,"_right":240,"_bottom":30}],"_prefab":{"__type__":"cc.PrefabInfo","root":{"__id__":1},"asset":{"__id__":0},"fileId":"63PCzVMDRDdJYE3bVkzx/c","_synced":{"default":false,"serializable":false}},"_lpos":{"__type__":"cc.Vec3","x":-18,"y":-92},"_lscale":{"__type__":"cc.Vec3","x":0.7,"y":0.7,"z":1},"_layer":33554432},{"__type__":"cc.Node","_name":"Label","_parent":{"__id__":70},"_components":[{"__type__":"cc.UITransform","node":{"__id__":71},"_contentSize":{"__type__":"cc.Size","width":200,"height":40}},{"__type__":"cc.Label","node":{"__id__":71},"_string":"再跳一次","_actualFontSize":32,"_fontSize":32,"_lineHeight":50,"_overflow":1,"_enableWrapText":false}],"_prefab":{"__type__":"cc.PrefabInfo","root":{"__id__":1},"asset":{"__id__":0},"fileId":"c7CoX563xCRqE6qQwjqQPL","_synced":{"default":false,"serializable":false}},"_layer":33554432},{"__type__":"cc.Node","_name":"arrow","_parent":{"__id__":70},"_active":false,"_components":[{"__type__":"cc.UITransform","node":{"__id__":72},"_contentSize":{"__type__":"cc.Size","width":49,"height":27}},{"__type__":"cc.Sprite","node":{"__id__":72},"_spriteFrame":{"__uuid__":"e29xPcsklCqqi7qUDwlGz6@f9941"}},{"__type__":"cc.Widget","node":{"__id__":72},"_alignFlags":16,"_horizontalCenter":-180}],"_prefab":{"__type__":"cc.PrefabInfo","root":{"__id__":1},"asset":{"__id__":0},"fileId":"f0tWI8tQ5HTolDIDHqEk4r","_synced":{"default":false,"serializable":false}},"_lpos":{"__type__":"cc.Vec3","x":-180},"_lscale":{"__type__":"cc.Vec3","x":1.8,"y":1.8,"z":1},"_layer":33554432},{"__type__":"cc.Node","_name":"tip","_parent":{"__id__":1},"_active":false,"_components":[{"__type__":"cc.UITransform","node":{"__id__":73},"_contentSize":{"__type__":"cc.Size","width":264,"height":60}},{"__type__":"cc.Sprite","node":{"__id__":73},"_spriteFrame":{"__uuid__":"19CHkwwIFGF5CzhYCZzFGp@f9941"}},{"__type__":"cc.Animation","node":{"__id__":73},"playOnLoad":true,"_clips":[{"__uuid__":"85KXTAhyRD+L14d4caG+cW"}],"_defaultClip":{"__uuid__":"85KXTAhyRD+L14d4caG+cW"}}],"_prefab":{"__type__":"cc.PrefabInfo","root":{"__id__":1},"asset":{"__id__":0},"fileId":"1bDsGd5L9ODYw40HiBL7th","_synced":{"default":false,"serializable":false}},"_lpos":{"__type__":"cc.Vec3","y":159.88},"_lscale":{"__type__":"cc.Vec3","x":0.5,"y":0.5,"z":1},"_layer":33554432},{"__type__":"cc.Node","_name":"touch-tech","_parent":{"__id__":1},"_children":[{"__id__":75},{"__id__":76}],"_components":[{"__type__":"cc.UITransform","node":{"__id__":74}},{"__type__":"cc.Animation","node":{"__id__":74},"playOnLoad":true,"_clips":[null,{"__uuid__":"2eFTbPXTNBnaH6rSwZlxLX"}],"_defaultClip":{"__uuid__":"2eFTbPXTNBnaH6rSwZlxLX"}}],"_prefab":{"__type__":"cc.PrefabInfo","root":{"__id__":1},"asset":{"__id__":0},"fileId":"8eBGfeju5Ab448RAryL6Me","_synced":{"default":false,"serializable":false}},"_lpos":{"__type__":"cc.Vec3","x":98.863,"y":-55.61}},{"__type__":"cc.Node","_name":"touch","_parent":{"__id__":74},"_components":[{"__type__":"cc.UITransform","node":{"__id__":75},"_contentSize":{"__type__":"cc.Size","width":83,"height":83}},{"__type__":"cc.Sprite","node":{"__id__":75},"_spriteFrame":{"__uuid__":"b2vnWYFqBDHqgD581tO09M@f9941"}}],"_prefab":{"__type__":"cc.PrefabInfo","root":{"__id__":1},"asset":{"__id__":0},"fileId":"e10/+1FQ5JwIOIOCKTEIKO","_synced":{"default":false,"serializable":false}},"_layer":33554432},{"__type__":"cc.Node","_name":"hand","_parent":{"__id__":74},"_components":[{"__type__":"cc.UITransform","node":{"__id__":76},"_contentSize":{"__type__":"cc.Size","width":126,"height":139},"_anchorPoint":{"__type__":"cc.Vec2","x":0.5,"y":1}},{"__type__":"cc.Sprite","node":{"__id__":76},"_spriteFrame":{"__uuid__":"aaaZKw9DJHJLGbR/mz+1Q4@f9941"}}],"_prefab":{"__type__":"cc.PrefabInfo","root":{"__id__":1},"asset":{"__id__":0},"fileId":"78loKlYCJCcZr7k47Sz3c9","_synced":{"default":false,"serializable":false}},"_lpos":{"__type__":"cc.Vec3","x":11.475,"y":-0.883},"_lscale":{"__type__":"cc.Vec3","x":0.5,"y":0.5,"z":1},"_layer":33554432},{"__type__":"cc.Node","_name":"dialog-end","_parent":{"__id__":1},"_children":[{"__id__":78},{"__id__":79}],"_active":false,"_components":[{"__type__":"cc.UITransform","node":{"__id__":77},"_contentSize":{"__type__":"cc.Size","width":375,"height":812}},{"__type__":"cc.Widget","_name":"dialog-end<Widget>","node":{"__id__":77},"_alignFlags":45,"_originalWidth":464,"_originalHeight":300}],"_prefab":{"__type__":"cc.PrefabInfo","root":{"__id__":1},"asset":{"__id__":0},"fileId":"5a+Bgko1xPxYrLXPakwvcR","_synced":{"default":false,"serializable":false}},"_layer":33554432},{"__type__":"cc.Node","_name":"bg-mask","_parent":{"__id__":77},"_components":[{"__type__":"cc.UITransform","node":{"__id__":78},"_contentSize":{"__type__":"cc.Size","width":375,"height":812}},{"__type__":"cc.Sprite","node":{"__id__":78},"_color":{"__type__":"cc.Color","a":122},"_spriteFrame":{"__uuid__":"6fkl6VpxhEdpqawV6+t60C@f9941"},"_sizeMode":0},{"__type__":"cc.Widget","_name":"bg-mask<Widget>","node":{"__id__":78},"_alignFlags":45,"_originalWidth":40,"_originalHeight":36},{"__type__":"cc.BlockInputEvents","node":{"__id__":78}}],"_prefab":{"__type__":"cc.PrefabInfo","root":{"__id__":1},"asset":{"__id__":0},"fileId":"93OQcOzOlDgLXg682u7n2r","_synced":{"default":false,"serializable":false}},"_layer":33554432},{"__type__":"cc.Node","_name":"content","_parent":{"__id__":77},"_children":[{"__id__":80},{"__id__":81},{"__id__":82},{"__id__":84}],"_components":[{"__type__":"cc.UITransform","node":{"__id__":79},"_contentSize":{"__type__":"cc.Size","width":331,"height":260}},{"__type__":"cc.Sprite","node":{"__id__":79},"_spriteFrame":{"__uuid__":"9fk/K3jtZEDKU0BEKvXytv@f9941"},"_type":1,"_sizeMode":0},{"__type__":"cc.Widget","_name":"content<Widget>","node":{"__id__":79},"_alignFlags":42,"_left":22,"_right":22,"_verticalCenter":30,"_originalWidth":120}],"_prefab":{"__type__":"cc.PrefabInfo","root":{"__id__":1},"asset":{"__id__":0},"fileId":"80BZuk9ENGaJMCKI7zoxDv","_synced":{"default":false,"serializable":false}},"_lpos":{"__type__":"cc.Vec3","y":30},"_layer":33554432},{"__type__":"cc.Node","_name":"title","_parent":{"__id__":79},"_components":[{"__type__":"cc.UITransform","node":{"__id__":80},"_contentSize":{"__type__":"cc.Size","width":320,"height":50.4}},{"__type__":"cc.Label","node":{"__id__":80},"_string":"本次引导游戏结果","_actualFontSize":40}],"_prefab":{"__type__":"cc.PrefabInfo","root":{"__id__":1},"asset":{"__id__":0},"fileId":"13/fFk6KtBRLjKeJoGPuj2","_synced":{"default":false,"serializable":false}},"_lpos":{"__type__":"cc.Vec3","y":79},"_lscale":{"__type__":"cc.Vec3","x":0.5,"y":0.5,"z":1},"_layer":33554432},{"__type__":"cc.Node","_name":"text","_parent":{"__id__":79},"_components":[{"__type__":"cc.UITransform","node":{"__id__":81},"_contentSize":{"__type__":"cc.Size","width":462,"height":143.44}},{"__type__":"cc.Label","node":{"__id__":81},"_string":"恭喜你，已经基本了解双人跳一跳了，点击“立即开始”和线上的小伙伴来一局真正的PK吧。","_horizontalAlign":0,"_actualFontSize":28,"_fontSize":28,"_lineHeight":44,"_overflow":3},{"__type__":"cc.Widget","_name":"text<Widget>","node":{"__id__":81},"_alignFlags":40,"_left":50,"_right":50,"_originalWidth":800}],"_prefab":{"__type__":"cc.PrefabInfo","root":{"__id__":1},"asset":{"__id__":0},"fileId":"0fM3zbi0BDN6xyFkpy/Dzv","_synced":{"default":false,"serializable":false}},"_lpos":{"__type__":"cc.Vec3","y":13},"_lscale":{"__type__":"cc.Vec3","x":0.5,"y":0.5,"z":1},"_layer":33554432},{"__type__":"cc.Node","_name":"replay","_parent":{"__id__":79},"_children":[{"__id__":83}],"_components":[{"__type__":"cc.UITransform","node":{"__id__":82},"_contentSize":{"__type__":"cc.Size","width":240,"height":80}},{"__type__":"cc.Sprite","node":{"__id__":82},"_spriteFrame":{"__uuid__":"48YpFSa89FgYbm+fVCv8Oz@f9941"},"_type":1,"_sizeMode":0},{"__type__":"cc.Button","node":{"__id__":82},"_transition":3,"_normalSprite":{"__uuid__":"48YpFSa89FgYbm+fVCv8Oz@f9941"},"_hoverSprite":{"__uuid__":"20g1ukYUVPvKWKBRznAKo+@f9941"},"_pressedSprite":{"__uuid__":"54TknWPwVPqJqeCR+Y/Czo@f9941"},"_disabledSprite":{"__uuid__":"95EkngnxZFbYuFpsqVTaFr@f9941"},"_zoomScale":0.8,"_target":{"__id__":82}},{"__type__":"cc.Widget","_name":"again<Widget>","node":{"__id__":82},"_alignFlags":12,"_left":34,"_bottom":36}],"_prefab":{"__type__":"cc.PrefabInfo","root":{"__id__":1},"asset":{"__id__":0},"fileId":"3feFGxvuNM3YdePOak9i+t","_synced":{"default":false,"serializable":false}},"_lpos":{"__type__":"cc.Vec3","x":-71.5,"y":-74},"_lscale":{"__type__":"cc.Vec3","x":0.5,"y":0.5,"z":1},"_layer":33554432},{"__type__":"cc.Node","_name":"Label","_parent":{"__id__":82},"_components":[{"__type__":"cc.UITransform","node":{"__id__":83},"_contentSize":{"__type__":"cc.Size","width":136,"height":50.4}},{"__type__":"cc.Label","node":{"__id__":83},"_string":"重新演示","_actualFontSize":34,"_fontSize":34,"_enableWrapText":false}],"_prefab":{"__type__":"cc.PrefabInfo","root":{"__id__":1},"asset":{"__id__":0},"fileId":"15dUsOTNdEuIrs4vJyTvQX","_synced":{"default":false,"serializable":false}},"_layer":33554432},{"__type__":"cc.Node","_name":"next","_parent":{"__id__":79},"_children":[{"__id__":85}],"_components":[{"__type__":"cc.UITransform","node":{"__id__":84},"_contentSize":{"__type__":"cc.Size","width":240,"height":80}},{"__type__":"cc.Sprite","node":{"__id__":84},"_spriteFrame":{"__uuid__":"b1Z646Z75Hl4UuALBiFdiT@f9941"},"_type":1,"_sizeMode":0},{"__type__":"cc.Button","node":{"__id__":84},"_transition":3,"_normalSprite":{"__uuid__":"b1Z646Z75Hl4UuALBiFdiT@f9941"},"_zoomScale":0.8,"_target":{"__id__":84}},{"__type__":"cc.Widget","_name":"next<Widget>","node":{"__id__":84},"_alignFlags":36,"_right":34,"_bottom":36}],"_prefab":{"__type__":"cc.PrefabInfo","root":{"__id__":1},"asset":{"__id__":0},"fileId":"4aJvjoc7dBXIAF6otrrtoW","_synced":{"default":false,"serializable":false}},"_lpos":{"__type__":"cc.Vec3","x":71.5,"y":-74},"_lscale":{"__type__":"cc.Vec3","x":0.5,"y":0.5,"z":1},"_layer":33554432},{"__type__":"cc.Node","_name":"Label","_parent":{"__id__":84},"_components":[{"__type__":"cc.UITransform","node":{"__id__":85},"_contentSize":{"__type__":"cc.Size","width":136,"height":50.4}},{"__type__":"cc.Label","node":{"__id__":85},"_color":{"__type__":"cc.Color","r":205,"g":120,"b":8},"_string":"立即开始","_actualFontSize":34,"_fontSize":34,"_enableWrapText":false}],"_prefab":{"__type__":"cc.PrefabInfo","root":{"__id__":1},"asset":{"__id__":0},"fileId":"ebwQVqaSVMorf7ZwpWOmzy","_synced":{"default":false,"serializable":false}},"_layer":33554432},{"__type__":"cc.Node","_name":"emojiTip","_parent":{"__id__":1},"_children":[{"__id__":87}],"_active":false,"_components":[{"__type__":"cc.UITransform","node":{"__id__":86},"_contentSize":{"__type__":"cc.Size","width":504,"height":50.4}},{"__type__":"cc.Label","node":{"__id__":86},"_string":"现在是队友在跳，你可以发表情加油哦～","_actualFontSize":28,"_fontSize":28},{"__type__":"cc.Widget","_name":"emojiTip<Widget>","node":{"__id__":86},"_alignFlags":20,"_bottom":116,"_horizontalCenter":-30}],"_prefab":{"__type__":"cc.PrefabInfo","root":{"__id__":1},"asset":{"__id__":0},"fileId":"209PbAt25Dpb8rCzblc6f3","_synced":{"default":false,"serializable":false}},"_lpos":{"__type__":"cc.Vec3","x":-30,"y":-277.4},"_lscale":{"__type__":"cc.Vec3","x":0.5,"y":0.5,"z":1},"_layer":33554432},{"__type__":"cc.Node","_name":"finger","_parent":{"__id__":86},"_components":[{"__type__":"cc.UITransform","node":{"__id__":87},"_contentSize":{"__type__":"cc.Size","width":57,"height":73}},{"__type__":"cc.Sprite","node":{"__id__":87},"_spriteFrame":{"__uuid__":"3aDXU5bgtOb5R+7Z0XO5Ew@f9941"}},{"__type__":"cc.Widget","_name":"finger<Widget>","node":{"__id__":87},"_alignFlags":34,"_right":-66.5},{"__type__":"cc.Animation","node":{"__id__":87},"playOnLoad":true,"_clips":[{"__uuid__":"44t4cood5MSbcHMWutcJt+"}],"_defaultClip":{"__uuid__":"44t4cood5MSbcHMWutcJt+"}}],"_prefab":{"__type__":"cc.PrefabInfo","root":{"__id__":1},"asset":{"__id__":0},"fileId":"23774dn21Izqcu7TxMiQ/S","_synced":{"default":false,"serializable":false}},"_lpos":{"__type__":"cc.Vec3","x":290},"_layer":33554432}]
