{"__type__":"cc.Mesh","_native":".bin","_struct":{"primitives":[{"primitiveMode":7,"vertexBundelIndices":[0],"indexView":{"offset":14560,"length":768,"count":384,"stride":2}}],"vertexBundles":[{"view":{"offset":0,"length":14560,"count":260,"stride":56},"attributes":[{"name":"a_position","format":32,"isNormalized":false},{"name":"a_normal","format":32,"isNormalized":false},{"name":"a_texCoord","format":21,"isNormalized":false},{"name":"a_tangent","format":44,"isNormalized":false},{"name":"a_texCoord1","format":21,"isNormalized":false}]}],"minPosition":{"__type__":"cc.Vec3","x":-0.5,"y":-1,"z":-0.5},"maxPosition":{"__type__":"cc.Vec3","x":0.5,"y":1,"z":0.5}},"_dataLength":15328,"_hash":3873752485}
